{
"type": "FeatureCollection",
"name": "physiographic_provinces",
"crs": { "type": "name", "properties": { "name": "urn:ogc:def:crs:OGC:1.3:CRS84" } },
"features": [
{ "type": "Feature", "properties": { "PROVINCE": "CENTRAL LOWLAND" }, "geometry": { "type": "Polygon", "coordinates": [ [ [ -103.002014159999987, 49.003948213000058 ], [ -95.157745361999957, 49.002387999000064 ], [ -95.151863095999943, 49.371734619000051 ], [ -95.024467467999955, 49.352645875000064 ], [ -94.930404664999969, 49.359073636000062 ], [ -94.832038879999971, 49.330802919000064 ], [ -94.681251528999951, 48.877166748000036 ], [ -94.701881407999963, 48.82733154500005 ], [ -94.694435117999944, 48.777622222000048 ], [ -94.570312501999979, 48.713676453000062 ], [ -94.456085208, 48.695087431000047 ], [ -94.430641174999948, 48.710788729000058 ], [ -94.292343141999936, 48.707714080000073 ], [ -94.262069700999973, 48.695793151000032 ], [ -94.230827329999954, 48.651988983000081 ], [ -93.843902589999971, 48.624736784000049 ], [ -93.808624265, 48.576828004000049 ], [ -93.812683102999983, 48.525409699000079 ], [ -93.781105039999943, 48.511589052000033 ], [ -93.514144897999984, 48.534275057000059 ], [ -93.465339662999952, 48.549526215000071 ], [ -93.457771297999955, 48.592716215000053 ], [ -93.30423736299997, 48.637161257000059 ], [ -93.233734129999959, 48.645061493000071 ], [ -93.103721620999977, 48.628185270000074 ], [ -93.12488555799996, 48.467262267000081 ], [ -93.10957336499996, 48.036678316000064 ], [ -93.137168884999937, 47.668285369000046 ], [ -93.098892211999953, 47.385612490000028 ], [ -93.121063232999973, 47.084159849000059 ], [ -93.07479858399995, 46.658866885000066 ], [ -93.103080751999983, 46.427970889000051 ], [ -93.071182250999982, 46.322948457000052 ], [ -93.077995300999987, 46.163284302000079 ], [ -92.940208435999978, 45.901050567000027 ], [ -92.803749086999971, 45.576339720000078 ], [ -92.667724609999937, 45.412971498000047 ], [ -92.713867189999974, 45.31554794200008 ], [ -92.753181458999961, 45.277034761000039 ], [ -92.762229918999935, 45.155826570000045 ], [ -92.804840088999981, 45.008647918000065 ], [ -92.768676758999959, 44.946559905000072 ], [ -92.777542116999939, 44.764572144000056 ], [ -92.744842528999982, 44.646114348000026 ], [ -92.99864196599998, 44.566150666000055 ], [ -93.02070617399994, 44.44057846100003 ], [ -92.998191831999975, 44.343826296000032 ], [ -93.055656433999957, 44.254646302000026 ], [ -93.031845093999948, 44.177062988000046 ], [ -92.96954345499995, 44.10932159500004 ], [ -92.934280396999952, 43.973735812000029 ], [ -92.88433837599996, 43.859996795000029 ], [ -92.918777462999969, 43.746055605000038 ], [ -93.278755184999966, 43.299182894000069 ], [ -93.315376281999988, 43.202781678000065 ], [ -93.32781982299997, 43.068820954000046 ], [ -93.302925107999954, 42.936859132000052 ], [ -93.211585998999965, 42.609184265000067 ], [ -93.120628354999951, 42.428611755000077 ], [ -93.082138062999945, 42.293491362000054 ], [ -93.074562070999946, 42.159912109000061 ], [ -93.091545105999955, 42.024520872000039 ], [ -93.176673888999971, 41.862583162000078 ], [ -93.362770082999987, 41.726188659000059 ], [ -93.558044433999953, 41.642551421000064 ], [ -93.781112673999985, 41.591365813000039 ], [ -93.953758241999935, 41.604015350000054 ], [ -94.157493591, 41.641170503000069 ], [ -94.409698485999968, 41.755863187000045 ], [ -94.598777771999949, 41.859115603000077 ], [ -94.848182677999944, 42.039989472000059 ], [ -95.040855406999981, 42.214591982000059 ], [ -95.264869692, 42.389339448000044 ], [ -95.385154721999982, 42.509456636000039 ], [ -95.467315673999963, 42.608154297000056 ], [ -95.618423462999942, 42.845218658000078 ], [ -95.722702025, 42.967998507000061 ], [ -95.831359862999989, 43.226688386000035 ], [ -95.847053526999957, 43.32442474100003 ], [ -95.810325622999983, 43.404048918000058 ], [ -95.801391602999956, 43.520725248000076 ], [ -95.868721007999966, 43.690963743000054 ], [ -95.952537536999955, 43.827705384000069 ], [ -96.091644284999973, 44.003208161000032 ], [ -96.194664002999957, 44.107929228000046 ], [ -96.327041624999936, 44.211124421000079 ], [ -96.508003235, 44.434318540000049 ], [ -96.647666933999972, 44.653930665000075 ], [ -96.87400054699998, 44.911842347000061 ], [ -96.989051816999961, 45.033424376000028 ], [ -97.127220154999975, 45.134071349000067 ], [ -97.199478147999969, 45.061981202000027 ], [ -97.164901730999986, 44.825351714000078 ], [ -96.864318844999957, 44.275268554000036 ], [ -96.831115722999982, 44.184059141000034 ], [ -96.833641053999941, 44.083293916000059 ], [ -96.847129823999978, 44.035324097000057 ], [ -96.922912598999972, 43.91061019700004 ], [ -96.958610535, 43.681869505000066 ], [ -96.774169921999942, 43.369758605000072 ], [ -96.728622439, 43.233703611000067 ], [ -96.716087341, 43.104099274000077 ], [ -96.817596435999974, 42.849899293000078 ], [ -96.981132509999952, 42.830806732000042 ], [ -97.535484315999952, 42.912601469000037 ], [ -97.945945737999978, 42.921035767000035 ], [ -98.052482604999966, 42.907199859000059 ], [ -98.184928894999985, 43.089923856000041 ], [ -98.498130799999956, 43.445213316000036 ], [ -98.584983827999963, 43.579307558000039 ], [ -98.748825071999988, 43.903198240000052 ], [ -98.931335449999949, 44.196117399000059 ], [ -99.004997255999967, 44.527519228000074 ], [ -99.056991577999952, 44.985584258000074 ], [ -99.041656491999959, 45.318511962000059 ], [ -98.985458372999972, 45.663352965000058 ], [ -98.887664794999978, 45.885707857000057 ], [ -98.784347533999949, 46.389484407000054 ], [ -98.776954648999947, 46.591064452000069 ], [ -98.79180907999995, 46.760326385000042 ], [ -98.876678466999977, 46.987583159000053 ], [ -99.042205808999938, 47.088642121000078 ], [ -99.413604737999947, 47.253993989000037 ], [ -99.704086305999965, 47.407325744000048 ], [ -100.381980897999938, 47.697734834000073 ], [ -100.973449707999976, 48.004825593000078 ], [ -101.318473813999958, 48.126598358000081 ], [ -101.683517457999983, 48.211364748000051 ], [ -101.863166806999971, 48.231040955000026 ], [ -101.985412599999961, 48.276954649000061 ], [ -102.280334472, 48.522804261000033 ], [ -102.439758300999983, 48.633689882000056 ], [ -102.641174316, 48.743904116000067 ], [ -103.002014159999987, 49.003948213000058 ] ] ] } },
{ "type": "Feature", "properties": { "PROVINCE": "GREAT PLAINS" }, "geometry": { "type": "Polygon", "coordinates": [ [ [ -113.553619383999944, 48.997192384000073 ], [ -103.002014158999941, 49.003948211000079 ], [ -102.641174317999969, 48.743904111000063 ], [ -102.439758298999948, 48.633689883000045 ], [ -102.28033447599995, 48.522804256000029 ], [ -101.985412597999982, 48.276954655000054 ], [ -101.863166805999981, 48.231040957000062 ], [ -101.683517452999979, 48.211364743000047 ], [ -101.318473816999983, 48.12659835900007 ], [ -100.97344970599994, 48.004825593000078 ], [ -100.381980895999959, 47.697734832000037 ], [ -99.704086305999965, 47.407325741000079 ], [ -99.413604740999972, 47.253993986000069 ], [ -99.042205810999974, 47.088642121000078 ], [ -98.876678465999987, 46.987583165000046 ], [ -98.791809083999965, 46.760326389000056 ], [ -98.776954649999936, 46.591064451000079 ], [ -98.784347537999963, 46.389484406000065 ], [ -98.887664794999978, 45.885707855000078 ], [ -98.985458371999982, 45.663352965000058 ], [ -99.041656494999984, 45.318511966000074 ], [ -99.056991577999952, 44.985584256000038 ], [ -99.004997249999974, 44.527519224000059 ], [ -98.931335446, 44.19611739700008 ], [ -98.748825068999963, 43.903198243000077 ], [ -98.584983824999938, 43.579307554000025 ], [ -98.384498597999936, 43.301998138000044 ], [ -98.184928891999959, 43.089923858000077 ], [ -97.971069335999971, 42.792686466000077 ], [ -98.13462829499997, 42.85206985800005 ], [ -98.27435302899994, 42.860168457000043 ], [ -98.631881712999984, 43.151817322000056 ], [ -99.009788513999979, 43.410945893000076 ], [ -99.113044735999949, 43.532234195000058 ], [ -99.209579467999959, 43.699943543000074 ], [ -99.34311675899994, 44.005970001000037 ], [ -99.482536316999983, 44.097358701000076 ], [ -99.644096374999947, 44.175258639000049 ], [ -99.89737701699994, 44.247428897000077 ], [ -100.066345215999945, 44.31974410600003 ], [ -100.36236572699994, 44.413707731000045 ], [ -100.495056155999976, 44.536041258000068 ], [ -100.506813048999959, 44.657230379000055 ], [ -100.470993042999964, 44.756782530000066 ], [ -100.297706605999963, 44.97538757500007 ], [ -100.209350585999971, 45.134662625000033 ], [ -100.167961120999962, 45.329345700000033 ], [ -100.270851136999966, 45.535919189000026 ], [ -100.308372497999983, 45.630786896000075 ], [ -100.314949036999963, 45.742534637000063 ], [ -100.413650510999958, 45.941459653000038 ], [ -100.716629027999943, 46.267398833000072 ], [ -101.011749268999949, 46.505214688000081 ], [ -101.434196474999965, 46.724594119000074 ], [ -101.65682220399998, 46.869224545000066 ], [ -101.992286683999964, 47.051712038000062 ], [ -102.214881898999977, 47.236846921000051 ], [ -102.669136048999974, 47.447067258000061 ], [ -102.924377437999965, 47.525272372000074 ], [ -103.299774167999942, 47.567573551000066 ], [ -103.842491148999954, 47.518760684000029 ], [ -104.124778747999983, 47.463123322000058 ], [ -104.288368221999974, 47.403625486000067 ], [ -104.388267517999964, 47.395202635000032 ], [ -104.584747313999969, 47.425525664000077 ], [ -104.954780579999976, 47.533176422000054 ], [ -105.598297117999948, 47.509014128000047 ], [ -106.056015012999978, 47.44329452900007 ], [ -106.366798397999958, 47.42468261700003 ], [ -106.636611936999941, 47.429496766000057 ], [ -106.979377745999955, 47.603443147000064 ], [ -107.187492370999962, 47.665168763000054 ], [ -107.425346378999961, 47.669384004000051 ], [ -107.923477172, 47.622985842000048 ], [ -108.108558656999946, 47.648437501000046 ], [ -108.166992190999963, 47.68599319100008 ], [ -108.165458676999947, 47.756603238000025 ], [ -108.095603940999979, 47.822647091000078 ], [ -108.162887577, 47.944240570000034 ], [ -108.283782957999961, 47.967658999000037 ], [ -108.547874450999984, 47.950992582000026 ], [ -108.671463014999972, 47.984947207000062 ], [ -108.858421325999984, 48.061920169000075 ], [ -109.14247894, 48.258171079000078 ], [ -109.230041502999939, 48.298568724000063 ], [ -109.402908321999973, 48.368206028000031 ], [ -109.518348695999975, 48.371719356000028 ], [ -109.795074466999949, 48.299571990000061 ], [ -109.826148983999985, 48.172676083000056 ], [ -109.791557314999977, 47.987396242000045 ], [ -109.795143125999971, 47.905261995000046 ], [ -109.887535091999951, 47.744274136000058 ], [ -110.007164, 47.60739135700004 ], [ -110.124710078999954, 47.577972412000065 ], [ -110.311271670999986, 47.583717343000046 ], [ -110.605445859999975, 47.718364712000039 ], [ -110.74838257, 47.689262389000078 ], [ -110.852066042, 47.617492673000072 ], [ -110.976409908999983, 47.56074142600005 ], [ -111.308990481999956, 47.579071044000045 ], [ -111.403488159999938, 47.615356445000032 ], [ -111.534500117999983, 47.728725436000047 ], [ -111.828704837999965, 47.83386230800005 ], [ -112.132316590999949, 47.892143253000029 ], [ -112.58675384299994, 47.899894715000073 ], [ -112.672340389999988, 48.089397428000041 ], [ -112.726387024999951, 48.160682680000036 ], [ -112.985244748999946, 48.335346220000076 ], [ -113.183113100999947, 48.407283785000061 ], [ -113.359222408999983, 48.620182035000028 ], [ -113.513160702, 48.865020749000053 ], [ -113.525535579999939, 48.967739109000036 ], [ -113.553619383999944, 48.997192384000073 ] ] ] } },
{ "type": "Feature", "properties": { "PROVINCE": "PACIFIC BORDER" }, "geometry": { "type": "Polygon", "coordinates": [ [ [ -122.358276365999984, 47.590343476000044 ], [ -122.336662292999961, 47.540180207000049 ], [ -122.348327634999976, 47.608242034000057 ], [ -122.44039154099994, 47.656261443000062 ], [ -122.369255064999948, 47.715267182000048 ], [ -122.394309997999983, 47.774173737000069 ], [ -122.390083310999955, 47.812187195000035 ], [ -122.335685728999977, 47.855789186000038 ], [ -122.302917479999962, 47.950210571000071 ], [ -122.230125425999972, 47.969112395000082 ], [ -122.195617675, 48.027614592000077 ], [ -122.143173216999969, 48.006034850000049 ], [ -122.166236878999939, 48.032402038000043 ], [ -122.212539672999981, 48.044521331000055 ], [ -122.233825681999974, 48.031719207000037 ], [ -122.32641601499995, 48.079895021000027 ], [ -122.368331907999959, 48.128139497000063 ], [ -122.368537902999947, 48.212165832000039 ], [ -122.402015684999981, 48.225223542000037 ], [ -122.462852476999956, 48.228359222000051 ], [ -122.46363830699994, 48.189537047000044 ], [ -122.492118833999939, 48.181495666000046 ], [ -122.454414368999949, 48.128490447000047 ], [ -122.36133575599996, 48.060092925000049 ], [ -122.392349243999945, 48.066741943000068 ], [ -122.471488954, 48.130126952000069 ], [ -122.514511107999965, 48.133972167000081 ], [ -122.539031982999973, 48.238288879000038 ], [ -122.463180540999986, 48.264373779000039 ], [ -122.404396056999985, 48.246593475000054 ], [ -122.378311156999985, 48.28971862800006 ], [ -122.382034300999976, 48.309101104000035 ], [ -122.470451354999966, 48.342163086000028 ], [ -122.498306273999958, 48.373886107000033 ], [ -122.532203673999959, 48.372543335000046 ], [ -122.564369200999977, 48.414241791000052 ], [ -122.548912048999966, 48.448143005000077 ], [ -122.580970763999971, 48.440853119000053 ], [ -122.587432861999957, 48.42118454000007 ], [ -122.667030333999946, 48.412891387000059 ], [ -122.676994323999963, 48.433288573000027 ], [ -122.655677793999985, 48.461891175000062 ], [ -122.699417113999971, 48.494331360000047 ], [ -122.608184813999969, 48.518821715000058 ], [ -122.584236145999967, 48.462909699000079 ], [ -122.570457457999964, 48.492588043000069 ], [ -122.523231505999945, 48.458404542000039 ], [ -122.473838807999982, 48.462196351000046 ], [ -122.505302428999983, 48.559436799000025 ], [ -122.561164854999959, 48.574344634000056 ], [ -122.484031675999972, 48.557960509000054 ], [ -122.439765929999965, 48.574951172000056 ], [ -122.429542539999943, 48.599395751000031 ], [ -122.514984132, 48.664520264000032 ], [ -122.49595641999997, 48.665733338000052 ], [ -122.495376585999963, 48.682872772000053 ], [ -122.516609191999976, 48.683422088000043 ], [ -122.526557922999984, 48.711719512000059 ], [ -122.491790771999945, 48.752887725000051 ], [ -122.570640564999962, 48.778472901000043 ], [ -122.657997130999945, 48.713420869000061 ], [ -122.672454832999961, 48.729965210000046 ], [ -122.648811339999952, 48.779983519000041 ], [ -122.697402953, 48.803016662000061 ], [ -122.708663938999962, 48.790985108000029 ], [ -122.715538024999944, 48.837451935000047 ], [ -122.796409607999976, 48.890617371000076 ], [ -122.754241942999954, 48.909984589000032 ], [ -122.756202695999946, 48.931617735000032 ], [ -122.82408141999997, 48.937984467000035 ], [ -122.786140441999976, 48.985584260000053 ], [ -122.792922973999964, 48.971351622000043 ], [ -122.743934632, 48.955799101000082 ], [ -122.767074584999989, 48.99934005700004 ], [ -122.148818969999979, 49.001728057000037 ], [ -122.165168760999961, 48.947700500000053 ], [ -122.23207092399997, 48.842380524000077 ], [ -122.260429382999973, 48.727645874000075 ], [ -122.197212219999983, 48.642658234000066 ], [ -122.061012268999946, 48.578338623000036 ], [ -122.05330657899998, 48.495861053000056 ], [ -122.127845763999971, 48.405254365000076 ], [ -122.042686462999939, 48.310497285000054 ], [ -121.746063231999983, 48.073745728000063 ], [ -121.685684203, 47.989742279000041 ], [ -121.654396056999985, 47.888229371000079 ], [ -121.722305297999981, 47.809139251000033 ], [ -121.759330748999957, 47.72372818100007 ], [ -121.700752256999976, 47.60719299200008 ], [ -121.768646239999953, 47.568454742000029 ], [ -121.936836242999959, 47.516128539000078 ], [ -121.867401123999969, 47.437561034000055 ], [ -121.77709961, 47.376354217000028 ], [ -121.816474913999969, 47.276012420000029 ], [ -121.797416686999952, 47.202762604000043 ], [ -121.827392579, 47.133483885000032 ], [ -122.007385254999974, 47.04309844900007 ], [ -122.096015929999965, 46.869285584000068 ], [ -122.247894286999951, 46.823314667000034 ], [ -122.433364867999956, 46.795509338000045 ], [ -122.580902098999957, 46.809638978000066 ], [ -122.679100035999966, 46.77980804300006 ], [ -122.696891785, 46.717903137000064 ], [ -122.513610838999966, 46.554134368000064 ], [ -122.416152954999973, 46.363338471000077 ], [ -122.422950744, 46.268611907000036 ], [ -122.402320860999964, 46.152633667000032 ], [ -122.419517517999964, 46.05408477800006 ], [ -122.286621092999951, 45.755760192000025 ], [ -122.331237791999968, 45.615840911000078 ], [ -122.315261841999984, 45.484909057000039 ], [ -122.524047850999978, 45.141071319000048 ], [ -122.593246460999978, 45.071376801000042 ], [ -122.660278319999975, 44.952514649000079 ], [ -122.731956481999987, 44.88861847000004 ], [ -122.768524169999978, 44.828769682000029 ], [ -122.653640745999951, 44.723621368000067 ], [ -122.735954283999945, 44.692604066000058 ], [ -122.720306395999955, 44.614536285000042 ], [ -122.735557557, 44.547981263000054 ], [ -122.813545227999953, 44.517127991000052 ], [ -122.885429382999973, 44.454788208000025 ], [ -122.868354798999974, 44.378719330000081 ], [ -122.98209381099997, 44.295848847000059 ], [ -122.972091676, 44.219856264000043 ], [ -122.928985594999972, 44.148063659000059 ], [ -122.915412901999957, 44.084064483000077 ], [ -123.024330137999982, 44.011886597000057 ], [ -123.112098694999986, 44.014560699000072 ], [ -123.200134276999961, 44.04742050200008 ], [ -123.263732910999977, 44.12722778300008 ], [ -123.240493774999948, 44.236228943000071 ], [ -123.239768980999941, 44.352943420000031 ], [ -123.268783569, 44.482170106000069 ], [ -123.195487975, 44.722511292000036 ], [ -123.173301697999989, 44.914642335000053 ], [ -123.229606627999942, 45.00759124800004 ], [ -123.203849791999971, 45.125480651000032 ], [ -123.050827025999979, 45.281707762000053 ], [ -122.978218079999976, 45.382946015000073 ], [ -123.001922607999973, 45.494644165000068 ], [ -122.997695922, 45.598217010000042 ], [ -122.8875885, 45.648559571000078 ], [ -122.821189879999963, 45.729167937000057 ], [ -122.78256988399994, 45.856525421000072 ], [ -122.788536071999943, 46.063945769000043 ], [ -122.894233702999941, 46.313518526000053 ], [ -122.990188597999975, 46.459232330000077 ], [ -123.074043273999962, 46.694625853000048 ], [ -123.144119261999947, 47.005310059000067 ], [ -123.125434875999986, 47.135776520000036 ], [ -123.109840395, 47.207603455000026 ], [ -122.946640015999947, 47.196498872000063 ], [ -122.964973448999956, 47.170391084000073 ], [ -123.079864502999953, 47.134532927000066 ], [ -123.022155760999965, 47.145812989000035 ], [ -123.028602600999989, 47.121601105000082 ], [ -123.06943511999998, 47.115661621000072 ], [ -123.081085204999965, 47.09030914300007 ], [ -123.031356810999966, 47.100772858000028 ], [ -123.001190184999984, 47.135684966000042 ], [ -122.977836608999951, 47.135776520000036 ], [ -122.946426390999989, 47.179477691000045 ], [ -122.92850494399994, 47.165981293000073 ], [ -122.964118956999982, 47.13177108800005 ], [ -122.96327972399996, 47.107879639000032 ], [ -123.019111631999976, 47.076461792000032 ], [ -122.994407653999986, 47.03245544400005 ], [ -123.004981994, 47.067878724000082 ], [ -122.947036742999956, 47.097999574000028 ], [ -122.930915832999972, 47.133666993000077 ], [ -122.939514159999987, 47.081302643000072 ], [ -122.923156738999978, 47.047962189000032 ], [ -122.898750304999965, 47.050849914000025 ], [ -122.907806394999966, 47.136501313000053 ], [ -122.874710083999958, 47.154483794000043 ], [ -122.847099303999983, 47.159339904000035 ], [ -122.861732481999979, 47.121444702000076 ], [ -122.844856263999986, 47.126762391000057 ], [ -122.824966429999961, 47.090793609000059 ], [ -122.823463438999966, 47.171382904000041 ], [ -122.72818756099997, 47.082435610000061 ], [ -122.591812134999941, 47.180061341000055 ], [ -122.530769347999978, 47.287448883000081 ], [ -122.546592713999985, 47.316276551000044 ], [ -122.424095152999939, 47.259468079000044 ], [ -122.392837524999948, 47.277725220000036 ], [ -122.44160461499996, 47.301124573000038 ], [ -122.325378418999946, 47.344322205000026 ], [ -122.319732664999947, 47.390113830000075 ], [ -122.376182554999957, 47.449169159000064 ], [ -122.362228394999988, 47.48332595800008 ], [ -122.392631531999939, 47.51023864800004 ], [ -122.399162291999971, 47.580928802000074 ], [ -122.382217407999974, 47.595405579000044 ], [ -122.358276365999984, 47.590343476000044 ] ], [ [ -122.336662292999961, 47.540180207000049 ], [ -122.335044859999982, 47.536422729000037 ], [ -122.302986144999977, 47.521999360000052 ], [ -122.336662292999961, 47.540180207000049 ] ] ] } },
{ "type": "Feature", "properties": { "PROVINCE": "CASCADE-SIERRA MOUNTAINS" }, "geometry": { "type": "Polygon", "coordinates": [ [ [ -122.148818969999979, 49.001728058000026 ], [ -119.674186707, 49.001468658000078 ], [ -119.533332824999945, 48.728416443000071 ], [ -119.531730651999965, 48.649593353000057 ], [ -119.623313902999939, 48.473472595000032 ], [ -119.707824706999986, 48.261608124000077 ], [ -119.748451232999969, 48.074543 ], [ -119.791732788, 47.957965852000029 ], [ -119.865242003999981, 47.853141785000048 ], [ -120.075965882, 47.803123475000064 ], [ -120.118667602999949, 47.527057647000049 ], [ -120.187400817999958, 47.339336396000078 ], [ -120.299171447999981, 47.234699250000062 ], [ -120.466178893999938, 47.170261383000081 ], [ -120.623939513999971, 47.144500731000051 ], [ -120.683738708999954, 47.098651885000038 ], [ -120.878738402999943, 47.21442413300008 ], [ -121.036308287999987, 47.27029800400004 ], [ -121.609542846999943, 47.404125214000032 ], [ -121.685272216999977, 47.481468201000041 ], [ -121.800720214999956, 47.561080932000039 ], [ -121.700752257999966, 47.607192993000069 ], [ -121.759330749999947, 47.72372818000008 ], [ -121.722305297999981, 47.80913925200008 ], [ -121.654396056999985, 47.888229371000079 ], [ -121.685684203999983, 47.989742279000041 ], [ -121.746063232999973, 48.073745728000063 ], [ -122.042686462999939, 48.310497284000064 ], [ -122.127845763999971, 48.40525436300004 ], [ -122.05330657899998, 48.495861053000056 ], [ -122.061012267999956, 48.578338623000036 ], [ -122.197212219999983, 48.642658234000066 ], [ -122.260429381999984, 48.727645874000075 ], [ -122.232070922999981, 48.842380524000077 ], [ -122.165168761999951, 48.947700501000043 ], [ -122.148818969999979, 49.001728058000026 ] ] ] } },
{ "type": "Feature", "properties": { "PROVINCE": "NORTHERN ROCKY MOUNTAINS" }, "geometry": { "type": "Polygon", "coordinates": [ [ [ -119.674186707, 49.001468658000078 ], [ -113.553619386999969, 48.997192385000062 ], [ -113.525535584999943, 48.967739107000057 ], [ -113.513160704999962, 48.865020750000042 ], [ -113.359222409999973, 48.620182038000053 ], [ -113.183113097999978, 48.407283782000036 ], [ -112.985244747999957, 48.335346223000045 ], [ -112.726387022999972, 48.160682679000047 ], [ -112.672340391999967, 48.089397431000066 ], [ -112.556434632, 47.832313535000026 ], [ -112.459648133999963, 47.481216428000039 ], [ -112.422622679999961, 47.430061339000076 ], [ -112.27510833599996, 47.371204378000073 ], [ -111.877319334999981, 47.283966066000062 ], [ -111.600349428999948, 47.194503785000052 ], [ -110.725723268999957, 47.105419159000064 ], [ -110.645195008999963, 47.116638183000077 ], [ -110.412864684999988, 47.019104007000067 ], [ -110.107086179999953, 46.812610627000026 ], [ -110.052261352999949, 46.714767454000025 ], [ -110.090217590999941, 46.638378143000068 ], [ -110.191131590999987, 46.569145203000062 ], [ -110.269989014999965, 46.46876525700003 ], [ -110.197448731999941, 46.172943114000077 ], [ -110.126892087999977, 45.987373354000056 ], [ -110.137367248999965, 45.774623870000028 ], [ -110.435867308999946, 45.725849149000055 ], [ -110.520362854999973, 45.672695158000067 ], [ -110.568801883, 45.617946627000038 ], [ -110.586174010999969, 45.496879577000072 ], [ -110.628974915999947, 45.426193237000064 ], [ -110.734817504999967, 45.349540708000063 ], [ -110.81164550799997, 45.268302916000039 ], [ -110.809410094999976, 45.21258163300007 ], [ -110.765625, 45.118675232000044 ], [ -110.700569154999982, 45.049705505000077 ], [ -110.671333313, 44.97642135600006 ], [ -110.689743040999986, 44.929443362000029 ], [ -110.748809815999948, 44.851993560000039 ], [ -110.799789426999951, 44.817081450000046 ], [ -111.034461973999953, 44.71180343900005 ], [ -111.111175534999973, 44.652801511000064 ], [ -111.253211975999989, 44.508922576000032 ], [ -111.313507078999976, 44.467826842000079 ], [ -111.335838315999979, 44.421634672000039 ], [ -111.469291687999942, 44.44506836100004 ], [ -111.774230959999954, 44.436557768000057 ], [ -111.917541504999974, 44.410011290000057 ], [ -112.035850524999944, 44.357799532000058 ], [ -112.135269162999975, 44.277591706000067 ], [ -112.448356629999978, 44.080875398000046 ], [ -112.581024168999988, 44.018207549000067 ], [ -112.755638123999972, 43.994392393000055 ], [ -112.849006654, 43.938411712000061 ], [ -112.844001767999941, 43.836864472000059 ], [ -112.866378782999959, 43.736347199000079 ], [ -112.941284180999958, 43.663707733000081 ], [ -113.032035825999969, 43.641506197000069 ], [ -113.205841065999948, 43.692207335000035 ], [ -113.295822140999974, 43.66736602800006 ], [ -113.628280640999947, 43.448326110000039 ], [ -113.824134827999956, 43.402317045000075 ], [ -113.946281432999967, 43.413150787000063 ], [ -114.048400878999985, 43.45555114900003 ], [ -114.181770322999967, 43.450111388000039 ], [ -114.336471556, 43.387043002000041 ], [ -114.615562437999984, 43.335159304000058 ], [ -114.963088988999971, 43.220951078000041 ], [ -115.272506713999974, 43.175586698000075 ], [ -115.419128417999957, 43.192153933000043 ], [ -115.55040741, 43.252498625000044 ], [ -115.662010193999947, 43.335006711000062 ], [ -115.75852966399998, 43.432636260000038 ], [ -115.868400575999942, 43.507278444000065 ], [ -115.937751767999941, 43.567726134000054 ], [ -116.08546447699996, 43.755657198000051 ], [ -116.157592773999966, 43.884181976000036 ], [ -116.187660218999952, 44.008518221000031 ], [ -116.201049802999989, 44.218723296000064 ], [ -116.185180662999983, 44.334796907000054 ], [ -116.252662658999952, 44.620803833000025 ], [ -116.316757201999962, 44.699596405000079 ], [ -116.600418088999959, 44.901123049000034 ], [ -116.704216001999953, 45.075363161000041 ], [ -116.729042055999969, 45.359184267000046 ], [ -116.701530458999969, 45.464763642000037 ], [ -116.146957398999973, 45.742595674000029 ], [ -116.037216187999945, 45.845726012000057 ], [ -115.974250790999974, 45.928230287000076 ], [ -115.92704772899998, 46.028957365000053 ], [ -115.894790648999958, 46.151603699000077 ], [ -115.939041138, 46.249778749000029 ], [ -116.043624875999967, 46.393516540000064 ], [ -116.607162474999939, 46.734485627000026 ], [ -116.712249757999984, 46.852966309000067 ], [ -116.758201601999986, 46.960693359000061 ], [ -116.754760741999974, 47.046390535000057 ], [ -116.83280181799995, 47.429805753000039 ], [ -116.929786681999985, 47.490211487000067 ], [ -117.06427002199996, 47.545631410000055 ], [ -117.148712157999967, 47.646659852000028 ], [ -117.168373109999948, 47.744544981000047 ], [ -117.233703611999942, 47.839267730000074 ], [ -118.016197205999958, 47.921348572000056 ], [ -118.286392212999942, 47.881431581000072 ], [ -118.525558473999979, 47.952980043000025 ], [ -118.661216735999972, 47.945301056000062 ], [ -118.946128846999954, 48.155746458000067 ], [ -119.727478026999961, 48.172992707000049 ], [ -119.707824706999986, 48.261608122000041 ], [ -119.62331390199995, 48.473472594000043 ], [ -119.531730653999944, 48.649593354000046 ], [ -119.533332826, 48.728416443000071 ], [ -119.674186707, 49.001468658000078 ] ] ] } },
{ "type": "Feature", "properties": { "PROVINCE": "PACIFIC BORDER" }, "geometry": { "type": "Polygon", "coordinates": [ [ [ -123.093742370999962, 48.99815368700007 ], [ -123.042259216, 48.998386383000081 ], [ -123.028038024999944, 48.975006104000045 ], [ -123.092224120999958, 48.968086243000073 ], [ -123.093742370999962, 48.99815368700007 ] ] ] } },
{ "type": "Feature", "properties": { "PROVINCE": "PACIFIC BORDER" }, "geometry": { "type": "Polygon", "coordinates": [ [ [ -122.615951538, 48.639236451000045 ], [ -122.719779967999955, 48.716011048000041 ], [ -122.71561431899994, 48.738391876000037 ], [ -122.630035400999986, 48.675212860000045 ], [ -122.615951538, 48.639236451000045 ] ] ] } },
{ "type": "Feature", "properties": { "PROVINCE": "PACIFIC BORDER" }, "geometry": { "type": "Polygon", "coordinates": [ [ [ -123.012084960999971, 48.696842193000066 ], [ -123.04299926799996, 48.676532745000031 ], [ -123.044136047, 48.695922851000034 ], [ -123.067306518999942, 48.702327729000046 ], [ -123.019432066999968, 48.716888428000061 ], [ -123.012084960999971, 48.696842193000066 ] ] ] } },
{ "type": "Feature", "properties": { "PROVINCE": "PACIFIC BORDER" }, "geometry": { "type": "Polygon", "coordinates": [ [ [ -122.809371947999978, 48.60266494800004 ], [ -122.832542419999982, 48.602157592000026 ], [ -122.882759094, 48.643550873000038 ], [ -122.890258788999972, 48.688125611000032 ], [ -122.928688048999959, 48.682338714000082 ], [ -122.867324828999983, 48.594230652000078 ], [ -122.933586120999962, 48.594676971000069 ], [ -122.951614379999967, 48.627223969000056 ], [ -122.990020751999964, 48.636230468000065 ], [ -122.981063842999959, 48.606075287000067 ], [ -123.005149841, 48.593475341000044 ], [ -123.029228210999975, 48.631771087000061 ], [ -122.940658569, 48.715618134000067 ], [ -122.898117064999951, 48.714172363000046 ], [ -122.750175475999981, 48.65830993600008 ], [ -122.805709838999974, 48.630107879000036 ], [ -122.809371947999978, 48.60266494800004 ] ] ] } },
{ "type": "Feature", "properties": { "PROVINCE": "PACIFIC BORDER" }, "geometry": { "type": "Polygon", "coordinates": [ [ [ -123.203315735, 48.66863250800003 ], [ -123.233139038, 48.684410095000032 ], [ -123.177375792999953, 48.673450470000034 ], [ -123.203315735, 48.66863250800003 ] ] ] } },
{ "type": "Feature", "properties": { "PROVINCE": "SUPERIOR UPLAND" }, "geometry": { "type": "Polygon", "coordinates": [ [ [ -93.103721618999941, 48.628185271000063 ], [ -92.946922302999951, 48.62836074900008 ], [ -92.946037290999982, 48.611747742000034 ], [ -92.729003905999946, 48.540218353000057 ], [ -92.641822813999966, 48.540348053000059 ], [ -92.626380920999964, 48.502822877000028 ], [ -92.698822021999945, 48.494720459000064 ], [ -92.706642150999983, 48.460372924000069 ], [ -92.661270139999942, 48.436931611000034 ], [ -92.49752807699997, 48.440074920000029 ], [ -92.45634460399998, 48.402172089000032 ], [ -92.473320007999973, 48.357498169000053 ], [ -92.370117186999948, 48.220779420000042 ], [ -92.276916504999974, 48.244338990000074 ], [ -92.300277710999978, 48.298316955000075 ], [ -92.276130676999969, 48.352325440000072 ], [ -92.12596130299994, 48.366756438000039 ], [ -92.035179136999943, 48.355510712000068 ], [ -91.979530334999936, 48.250396728000055 ], [ -91.854728697999974, 48.211509704000036 ], [ -91.711936952999963, 48.196773528000051 ], [ -91.689865113999986, 48.145023347000063 ], [ -91.70372772199994, 48.114837647000058 ], [ -91.568771362999939, 48.104457854000032 ], [ -91.571563719999972, 48.043579102000081 ], [ -91.463554381999984, 48.06956481800006 ], [ -91.406158447999985, 48.048702241000058 ], [ -91.373550414999954, 48.066196441000045 ], [ -91.239448548999974, 48.081298828000058 ], [ -91.105796814999962, 48.171867370000029 ], [ -90.864494322999974, 48.254203797000059 ], [ -90.832649229999959, 48.189033510000058 ], [ -90.777076722999936, 48.152210237000077 ], [ -90.788742065999941, 48.126289366000037 ], [ -90.743370055999947, 48.08844375700005 ], [ -90.567451477999953, 48.121707918000027 ], [ -90.574462890999939, 48.09584045400004 ], [ -90.55683136, 48.092750550000062 ], [ -90.145271301999969, 48.112773896000078 ], [ -90.026702879999959, 48.086078645000043 ], [ -89.987022398999954, 48.023563384000056 ], [ -89.92617034899996, 48.013160705000075 ], [ -89.900382994999973, 47.992511750000062 ], [ -89.749305723999953, 48.026493071000061 ], [ -89.529342650999979, 48.001918793000073 ], [ -89.625640867999948, 47.992568971000026 ], [ -89.636375425999972, 47.959396361000074 ], [ -89.678894043999946, 47.964412688000039 ], [ -89.675491331999979, 47.95290374800004 ], [ -89.789916989999938, 47.894222260000049 ], [ -89.915107726999963, 47.866279602000077 ], [ -89.999679565999941, 47.824562071000059 ], [ -90.509635924999941, 47.709945680000033 ], [ -90.757118225999989, 47.611301423000043 ], [ -91.113174437999987, 47.407562256000062 ], [ -91.223571775999972, 47.306026460000055 ], [ -91.468658445999949, 47.124935148000077 ], [ -91.568611143999988, 47.083053589000031 ], [ -91.629394530999946, 47.027477263000037 ], [ -91.697067260999972, 47.002079011000035 ], [ -91.800971983999943, 46.927085877000081 ], [ -92.088493347999986, 46.791904450000061 ], [ -92.097930906999977, 46.762355804000038 ], [ -92.142829895999967, 46.741764069000055 ], [ -92.145721433999938, 46.724578858000029 ], [ -92.177947997, 46.725486755000077 ], [ -92.205551147999984, 46.704296111000076 ], [ -92.201782224999988, 46.660781861000032 ], [ -92.303146362999939, 46.666542053000057 ], [ -92.308845519999977, 46.657711029000041 ], [ -92.209152220999954, 46.646877289000031 ], [ -92.167358397999976, 46.693111419000047 ], [ -92.128852843999937, 46.673671721000062 ], [ -92.161964415999989, 46.706981659000064 ], [ -92.147697447999974, 46.698081969000043 ], [ -92.121467591999988, 46.737583160000042 ], [ -92.084129333999954, 46.748390197000049 ], [ -92.004158018999988, 46.683799743000066 ], [ -91.982223510999972, 46.681446075000053 ], [ -92.000259398999958, 46.703140260000055 ], [ -91.949066161999951, 46.679752352000037 ], [ -91.784835816999987, 46.695888518000061 ], [ -91.401603698999963, 46.788448333000076 ], [ -91.380126951999955, 46.779109954000035 ], [ -91.185272216999977, 46.88212967000004 ], [ -91.193763732999969, 46.851280213000052 ], [ -91.16054534999995, 46.849391936000075 ], [ -91.134521482999958, 46.869895935000045 ], [ -91.114234923999959, 46.854534151000053 ], [ -90.969459533999952, 46.936931609000055 ], [ -90.92083740299995, 46.931018830000028 ], [ -90.862983702999941, 46.959606170000029 ], [ -90.828338623999969, 46.955356598000037 ], [ -90.82922363299997, 46.933311462000063 ], [ -90.787986754999963, 46.93048858700007 ], [ -90.749298094999972, 46.887248993000071 ], [ -90.777091980999955, 46.88286209000006 ], [ -90.783363342999962, 46.830032348000032 ], [ -90.873260497999979, 46.752540588000045 ], [ -90.850769041999968, 46.689464570000041 ], [ -90.903480530999957, 46.647659303000069 ], [ -90.926597593999986, 46.585063934000061 ], [ -90.781982420999952, 46.623168945000032 ], [ -90.740211486999954, 46.651985167000078 ], [ -90.688591002999942, 46.650154115000078 ], [ -90.756896970999946, 46.660087585000042 ], [ -90.700744628999985, 46.663803100000052 ], [ -90.744407653999986, 46.699184419000062 ], [ -90.654113769999981, 46.645401 ], [ -90.655830382999966, 46.630252840000026 ], [ -90.438652038999976, 46.561305999000069 ], [ -90.320419310999966, 46.613876344000062 ], [ -90.285331725999981, 46.609039308000035 ], [ -90.018867493999949, 46.678630831000078 ], [ -89.791244507999977, 46.824714660000041 ], [ -89.653343199999938, 46.835033417000034 ], [ -89.60623931899994, 46.823604583000076 ], [ -89.386718747999964, 46.850208283000029 ], [ -89.214591977999987, 46.923381807000055 ], [ -89.125183105999952, 46.996604920000038 ], [ -89.084701536999944, 46.985012056000073 ], [ -89.024055480999948, 47.006847382000046 ], [ -88.994873047999988, 46.997104644000046 ], [ -88.929687499999943, 47.030929567000044 ], [ -88.884834287999979, 47.104553224000028 ], [ -88.827384947999974, 47.121734619000051 ], [ -88.802436829999976, 47.15008163400006 ], [ -88.757705687999987, 47.157199861000038 ], [ -88.671569824999949, 47.222862245000044 ], [ -88.629501342999959, 47.225818635000053 ], [ -88.637657164999951, 47.163848877000078 ], [ -88.61810302799995, 47.131118774000072 ], [ -88.511215210999978, 47.106510163000053 ], [ -88.513000488999978, 47.032588958000076 ], [ -88.489044190999948, 47.032878876000041 ], [ -88.441162110999983, 46.990737914000078 ], [ -88.44638824499998, 46.928115844000047 ], [ -88.476524354999981, 46.855148317000044 ], [ -88.456314086999953, 46.791221618000066 ], [ -88.486442566999983, 46.771263124000029 ], [ -88.471374512999944, 46.760143281000069 ], [ -88.387275695999961, 46.836559295000029 ], [ -88.382751464999956, 46.86864853000003 ], [ -88.341629026999954, 46.86738205000006 ], [ -88.187911987999939, 46.955501557000048 ], [ -88.132072447999974, 46.956790925000064 ], [ -88.231544494, 46.898536682000042 ], [ -88.294700623999972, 46.821552276000034 ], [ -88.180305479999959, 46.904479982000055 ], [ -88.070381163999969, 46.921737670000027 ], [ -87.822021484999937, 46.894599913000036 ], [ -87.739166257999955, 46.865104675000055 ], [ -87.724777220999954, 46.832801819000053 ], [ -87.67154693599997, 46.83898544200008 ], [ -87.655662535999966, 46.813995362000071 ], [ -87.586860657999978, 46.785972594000043 ], [ -87.578460691999965, 46.733097075000046 ], [ -87.466857908999941, 46.636993407000034 ], [ -87.469421386999954, 46.618232727000077 ], [ -87.399078369999984, 46.585067748000029 ], [ -87.380989073999956, 46.592586518000076 ], [ -87.388710020999952, 46.537227631000064 ], [ -87.362106321999988, 46.502422333000027 ], [ -87.306762695999964, 46.502250672000059 ], [ -87.368370055999947, 46.397678376000044 ], [ -87.40170287899997, 46.288486481000064 ], [ -87.413696289999962, 46.18070220900006 ], [ -87.483787536999955, 46.058563233000029 ], [ -87.600509641999963, 45.959388732000036 ], [ -87.661270140999989, 45.83317947300003 ], [ -87.690925598999968, 45.629245757000035 ], [ -87.740959167999961, 45.494148253000048 ], [ -87.802795409999987, 45.41114807200006 ], [ -87.91890716599994, 45.33082199100005 ], [ -88.501640319999979, 45.060390473000041 ], [ -88.874557493999987, 44.917858122000041 ], [ -88.978225705999989, 44.744441987000073 ], [ -89.056510924999941, 44.652332306000062 ], [ -89.350273132999973, 44.547538756000051 ], [ -89.471069335999971, 44.52778625500008 ], [ -89.420387268999946, 44.923191072000066 ], [ -89.428848265999989, 45.013313295000046 ], [ -89.540534972999978, 45.062198640000076 ], [ -89.654655455999944, 45.07595062300004 ], [ -89.732864378999977, 45.032951356000069 ], [ -89.875640869999984, 44.998718263000058 ], [ -90.039276123999969, 45.015148164000038 ], [ -90.242065428999979, 45.008068085000048 ], [ -90.453300474999935, 44.965938569000059 ], [ -90.964736936999941, 44.907585145000041 ], [ -91.07289123399994, 44.934001923000039 ], [ -91.255538941999987, 45.031238557000052 ], [ -91.325096130999952, 45.084270479000054 ], [ -91.546340941999972, 45.403633118000073 ], [ -91.74331664999994, 45.468780517000027 ], [ -91.833030698999949, 45.461650848000033 ], [ -91.95956420899995, 45.400104522000049 ], [ -92.118537903999936, 45.275836944000048 ], [ -92.710159301999965, 44.942794800000058 ], [ -92.76776886, 44.923614503000067 ], [ -92.804840088999981, 45.008647920000044 ], [ -92.798583983999947, 45.06280517600004 ], [ -92.762229919999982, 45.155826568000066 ], [ -92.753181458999961, 45.277034761000039 ], [ -92.713867186999948, 45.315547944000059 ], [ -92.667724610999983, 45.412971496000068 ], [ -92.803749083999946, 45.576339722000057 ], [ -92.940208434999988, 45.901050568000073 ], [ -93.077995299999941, 46.163284301000033 ], [ -93.071182249999936, 46.322948456000063 ], [ -93.103080749999947, 46.427970885000036 ], [ -93.07479858399995, 46.658866882000041 ], [ -93.121063232999973, 47.084159852000028 ], [ -93.098892212999942, 47.38561248700006 ], [ -93.137168883999948, 47.668285369000046 ], [ -93.109573363999971, 48.036678315000074 ], [ -93.124885559999939, 48.467262267000081 ], [ -93.103721618999941, 48.628185271000063 ] ] ] } },
{ "type": "Feature", "properties": { "PROVINCE": "PACIFIC BORDER" }, "geometry": { "type": "Polygon", "coordinates": [ [ [ -123.107673644999977, 48.486816406000059 ], [ -123.159393309999984, 48.521549225000058 ], [ -123.175048827999944, 48.563877106000064 ], [ -123.141143798999963, 48.601924896000071 ], [ -123.166671752999946, 48.597564697000053 ], [ -123.153236389999961, 48.621288299000071 ], [ -123.10799407899998, 48.619564056000058 ], [ -123.106620788999976, 48.597881317000031 ], [ -123.011138916, 48.555282593000072 ], [ -123.005165099999942, 48.52778625500008 ], [ -122.968177795999964, 48.52613449100005 ], [ -123.026283263999971, 48.513000488000046 ], [ -122.997711181999989, 48.462432861000082 ], [ -122.963607788, 48.46203994800004 ], [ -122.970130920999964, 48.444194794000055 ], [ -123.045509337999988, 48.463611603000061 ], [ -123.071479797999984, 48.486072541000055 ], [ -123.107673644999977, 48.486816406000059 ] ] ] } },
{ "type": "Feature", "properties": { "PROVINCE": "PACIFIC BORDER" }, "geometry": { "type": "Polygon", "coordinates": [ [ [ -122.691429138, 48.542751313000053 ], [ -122.72392272899998, 48.540035248000038 ], [ -122.738723754999967, 48.575965881000059 ], [ -122.711692809999988, 48.602050781000059 ], [ -122.675308227999949, 48.568836212000065 ], [ -122.691429138, 48.542751313000053 ] ] ] } },
{ "type": "Feature", "properties": { "PROVINCE": "PACIFIC BORDER" }, "geometry": { "type": "Polygon", "coordinates": [ [ [ -122.970993041999975, 48.549144745000035 ], [ -123.021507263, 48.585838318000071 ], [ -122.970306396999945, 48.593116760000044 ], [ -122.912208556999985, 48.577541351000036 ], [ -122.95494079599996, 48.54519653300008 ], [ -122.970993041999975, 48.549144745000035 ] ] ] } },
{ "type": "Feature", "properties": { "PROVINCE": "PACIFIC BORDER" }, "geometry": { "type": "Polygon", "coordinates": [ [ [ -122.626007079999965, 48.527820587000065 ], [ -122.653594970999961, 48.531330109000066 ], [ -122.647331238, 48.58431243900003 ], [ -122.587837219, 48.543682098000033 ], [ -122.58615875199996, 48.532188415000064 ], [ -122.626007079999965, 48.527820587000065 ] ] ] } },
{ "type": "Feature", "properties": { "PROVINCE": "PACIFIC BORDER" }, "geometry": { "type": "Polygon", "coordinates": [ [ [ -122.813926696999943, 48.532169342000032 ], [ -122.830078124999943, 48.574970245000031 ], [ -122.808227538999972, 48.582355499000073 ], [ -122.775451659999987, 48.551792145000036 ], [ -122.813926696999943, 48.532169342000032 ] ] ] } },
{ "type": "Feature", "properties": { "PROVINCE": "PACIFIC BORDER" }, "geometry": { "type": "Polygon", "coordinates": [ [ [ -122.881736755999952, 48.423442841000053 ], [ -122.871421813999973, 48.43727874700005 ], [ -122.943672179999965, 48.460117340000068 ], [ -122.939262389999953, 48.500999451000041 ], [ -122.91587829599996, 48.513553619000049 ], [ -122.926109313999973, 48.543182373000036 ], [ -122.890754698999956, 48.566883087000065 ], [ -122.878631591999977, 48.538711548000038 ], [ -122.849159241, 48.537166595000031 ], [ -122.878829955999947, 48.503551483000081 ], [ -122.86207580599995, 48.454315186000031 ], [ -122.843429565999941, 48.444000244000051 ], [ -122.823661803999983, 48.47394943200004 ], [ -122.810020446999943, 48.443538666000052 ], [ -122.826599120999958, 48.416038513000046 ], [ -122.881736755999952, 48.423442841000053 ] ] ] } },
{ "type": "Feature", "properties": { "PROVINCE": "PACIFIC BORDER" }, "geometry": { "type": "Polygon", "coordinates": [ [ [ -122.813926696999943, 48.532169342000032 ], [ -122.796318053999983, 48.525955200000055 ], [ -122.814971923999963, 48.518939972000055 ], [ -122.813926696999943, 48.532169342000032 ] ] ] } },
{ "type": "Feature", "properties": { "PROVINCE": "PACIFIC BORDER" }, "geometry": { "type": "Polygon", "coordinates": [ [ [ -122.814971923999963, 48.518939972000055 ], [ -122.817749022999976, 48.48390579200003 ], [ -122.839179992999959, 48.509838104000039 ], [ -122.814971923999963, 48.518939972000055 ] ] ] } },
{ "type": "Feature", "properties": { "PROVINCE": "PACIFIC BORDER" }, "geometry": { "type": "Polygon", "coordinates": [ [ [ -122.386955260999969, 47.904548645000034 ], [ -122.442787170999964, 47.918048859000066 ], [ -122.471618651999961, 47.987503052000079 ], [ -122.493049621999944, 47.993118286000026 ], [ -122.547134398999958, 47.969287873000042 ], [ -122.553108214999952, 47.999504089000027 ], [ -122.608627319, 48.031429291000052 ], [ -122.60676574699994, 48.15060806200006 ], [ -122.647232054999961, 48.163745880000079 ], [ -122.678306579999969, 48.154636383000081 ], [ -122.695556640999939, 48.181179047000057 ], [ -122.768775939999955, 48.218818665000072 ], [ -122.675521850999985, 48.354782104000037 ], [ -122.665618896999945, 48.396770477000075 ], [ -122.604385375999982, 48.404785156000059 ], [ -122.599151610999968, 48.352317810000045 ], [ -122.543304443999943, 48.335594177000075 ], [ -122.508644103999984, 48.295848846000069 ], [ -122.565048217999959, 48.272361755000077 ], [ -122.576232909999987, 48.291778564000026 ], [ -122.623504638999975, 48.296348572000056 ], [ -122.633964538999976, 48.26821136500007 ], [ -122.650665282999967, 48.288326264000034 ], [ -122.657188414999951, 48.246482849000074 ], [ -122.732040405999953, 48.225410461000081 ], [ -122.610923767999964, 48.20631790200008 ], [ -122.562705993999941, 48.12697982800006 ], [ -122.572082519999981, 48.10213852000004 ], [ -122.54621124199997, 48.07685852000003 ], [ -122.543029784999987, 48.016056061000029 ], [ -122.511123656999985, 48.038555145000032 ], [ -122.525909423999963, 48.092895508000026 ], [ -122.512161254999967, 48.098518372000058 ], [ -122.451309203999983, 48.05152511600005 ], [ -122.379989623999961, 48.032150269000056 ], [ -122.355400084999985, 47.963886261000027 ], [ -122.386955260999969, 47.904548645000034 ] ] ] } },
{ "type": "Feature", "properties": { "PROVINCE": "PACIFIC BORDER" }, "geometry": { "type": "Polygon", "coordinates": [ [ [ -123.090316772, 47.473663330000079 ], [ -123.113922119999984, 47.456272125000055 ], [ -123.154060363999974, 47.348541260000047 ], [ -123.126045226999963, 47.335510253000052 ], [ -123.099494933999949, 47.353427887000066 ], [ -123.095603942999958, 47.273139954000044 ], [ -123.11543273999996, 47.207981110000048 ], [ -123.138732909999987, 46.980613708000078 ], [ -123.891830444, 46.93741607700008 ], [ -123.812652588, 46.963966370000037 ], [ -123.995864867999956, 46.976383209000062 ], [ -124.034385679999957, 47.031040192000034 ], [ -124.112358092999955, 47.042682648000039 ], [ -124.149436950999984, 47.027862549000076 ], [ -124.132385253, 46.95095062300004 ], [ -124.174316405999946, 46.926212310000039 ], [ -124.165916442999958, 47.026081085000044 ], [ -124.192733764999957, 47.166984558000081 ], [ -124.231430053999986, 47.275074005000079 ], [ -124.278221129999963, 47.298419953000064 ], [ -124.29425811699997, 47.333984376000046 ], [ -124.27041626, 47.342617035000046 ], [ -124.319427489999953, 47.349243164000029 ], [ -124.348793029999968, 47.526596070000039 ], [ -124.419464111999957, 47.739700318000075 ], [ -124.552749633999952, 47.859027863000051 ], [ -124.585357666999982, 47.87202835100004 ], [ -124.604377746999944, 47.861286164000035 ], [ -124.668518066, 47.963558197000054 ], [ -124.69214630099998, 48.111091613000042 ], [ -124.732772827999952, 48.149993896000069 ], [ -124.697372436999956, 48.183403015000067 ], [ -124.705215453, 48.231998444000055 ], [ -124.662643432999971, 48.314384461000031 ], [ -124.733886718999941, 48.369224548000034 ], [ -124.64437103299997, 48.378330231000064 ], [ -124.622169494, 48.357791900000052 ], [ -124.569900513, 48.359252929000036 ], [ -124.388687132999962, 48.275512695000032 ], [ -124.353744506999988, 48.279209137000066 ], [ -124.278862, 48.248451233000026 ], [ -124.245697021999945, 48.255733490000068 ], [ -124.108268738, 48.21148300200008 ], [ -124.115028380999945, 48.19264602700008 ], [ -124.043083191, 48.168102265000073 ], [ -123.85772705, 48.148239137000076 ], [ -123.70122528099995, 48.156776428000057 ], [ -123.636283873999957, 48.132160187000068 ], [ -123.251998901999968, 48.112987518000068 ], [ -123.112083434999988, 48.181552888000056 ], [ -123.180488585999967, 48.144817352000075 ], [ -123.123222350999981, 48.148727417000032 ], [ -123.071159363, 48.12144470100003 ], [ -123.018768310999974, 48.031837463000045 ], [ -122.999252319, 48.025749207000047 ], [ -122.997962951999966, 48.048427582000045 ], [ -123.030807494999976, 48.081180572000051 ], [ -122.930740355999944, 48.097942352000075 ], [ -122.924850463999974, 48.066802979000045 ], [ -122.891098022999984, 48.050205231000064 ], [ -122.973701477999953, 47.907787323000036 ], [ -123.034622191999972, 47.73893737700007 ], [ -123.090316772, 47.473663330000079 ] ] ] } },
{ "type": "Feature", "properties": { "PROVINCE": "GREAT PLAINS" }, "geometry": { "type": "Polygon", "coordinates": [ [ [ -110.134025575999942, 45.863422396000033 ], [ -110.126892090999945, 45.987373352000077 ], [ -110.197448731999941, 46.172943113000031 ], [ -110.269989015999954, 46.46876526300008 ], [ -110.191131588999951, 46.569145199000047 ], [ -110.090217590999941, 46.638378143000068 ], [ -110.052261349999981, 46.714767456000061 ], [ -110.107086182999979, 46.812610623000069 ], [ -110.412864685999978, 47.019104003000052 ], [ -110.645195009999952, 47.116638182000031 ], [ -110.725723266999978, 47.105419159000064 ], [ -111.600349429999937, 47.194503784000062 ], [ -111.87731933699996, 47.283966066000062 ], [ -112.27510833599996, 47.371204378000073 ], [ -112.422622677, 47.430061342000045 ], [ -112.459648134999952, 47.481216432000053 ], [ -112.586753844999976, 47.899894716000063 ], [ -112.132316589999959, 47.892143253000029 ], [ -111.828704832999961, 47.833862305000025 ], [ -111.53450012199994, 47.728725431000043 ], [ -111.403488158999949, 47.615356449000046 ], [ -111.308990475999963, 47.579071044000045 ], [ -110.976409910999962, 47.56074142600005 ], [ -110.852066042, 47.61749267700003 ], [ -110.748382567999954, 47.689262391000057 ], [ -110.605445863999989, 47.718364713000028 ], [ -110.31127166899995, 47.583717350000029 ], [ -110.124710082999968, 47.577972413000055 ], [ -110.007164002999957, 47.607391358000029 ], [ -109.945266726999989, 47.667266847000064 ], [ -109.795143129999985, 47.905261995000046 ], [ -109.791557311999952, 47.987396237000041 ], [ -109.826148988999989, 48.172676089000049 ], [ -109.795074461999945, 48.299571989000071 ], [ -109.518348690999971, 48.371719361000032 ], [ -109.402908323999952, 48.368206021000049 ], [ -109.142478938999943, 48.258171085000072 ], [ -108.858421325999984, 48.061920164000071 ], [ -108.671463009999968, 47.984947202000058 ], [ -108.547874448999949, 47.950992581000037 ], [ -108.283782956999971, 47.967658998000047 ], [ -108.162887575999946, 47.94424057100008 ], [ -108.095603940999979, 47.822647092000068 ], [ -108.165458679999972, 47.756603243000029 ], [ -108.166992185999959, 47.685993196000027 ], [ -108.108558651999942, 47.648437502000036 ], [ -107.923477172999981, 47.622985843000038 ], [ -107.425346373999957, 47.669384004000051 ], [ -107.187492366999948, 47.665168763000054 ], [ -106.979377745999955, 47.603443144000039 ], [ -106.636611936999941, 47.429496764000078 ], [ -106.366798397999958, 47.42468261700003 ], [ -106.056015010999943, 47.443294525000056 ], [ -105.598297116999959, 47.509014130000025 ], [ -104.954780578999987, 47.533176420000075 ], [ -104.584747315999948, 47.425525667000045 ], [ -104.388267520999989, 47.395202637000068 ], [ -104.288368222999964, 47.40362549200006 ], [ -104.124778750999951, 47.463123322000058 ], [ -103.842491146999976, 47.518760680000071 ], [ -103.528869629999974, 47.547378539000078 ], [ -103.299774171999957, 47.567573550000077 ], [ -102.924377439999944, 47.525272371000028 ], [ -102.669136048999974, 47.447067264000054 ], [ -102.214881897999987, 47.236846924000076 ], [ -101.99228667899996, 47.051712037000073 ], [ -101.65682220399998, 46.869224551000059 ], [ -101.434196475999954, 46.72459411300008 ], [ -101.011749269999939, 46.505214690000059 ], [ -100.716629029999979, 46.267398834000062 ], [ -100.413650511999947, 45.941459656000063 ], [ -100.314949032999948, 45.742534635000027 ], [ -100.308372497999983, 45.63078689300005 ], [ -100.270851131999962, 45.535919186000058 ], [ -100.167961117999937, 45.329345706000026 ], [ -100.209350584999981, 45.134662627000068 ], [ -100.297706600999959, 44.97538757500007 ], [ -100.470993041999975, 44.756782532000045 ], [ -100.50681304699998, 44.65723037600003 ], [ -100.49505615299995, 44.536041260000047 ], [ -100.36236572699994, 44.41370773500006 ], [ -100.066345211999987, 44.31974411300007 ], [ -99.89737701599995, 44.247428893000063 ], [ -99.644096370999989, 44.175258640000038 ], [ -99.482536314999948, 44.097358704000044 ], [ -99.343116759999987, 44.005970002000026 ], [ -99.20957946599998, 43.699943545000053 ], [ -99.113044739999964, 43.532234193000079 ], [ -99.009788513, 43.410945892000029 ], [ -98.631881711999938, 43.151817322000056 ], [ -98.274353030999976, 42.860168459000079 ], [ -98.134628296999949, 42.852069855000025 ], [ -97.971069334999981, 42.792686466000077 ], [ -97.883209228999988, 42.651172636000069 ], [ -97.770217895999963, 42.510047910000026 ], [ -98.426567076999959, 42.648746491000054 ], [ -98.713653564999959, 42.734325411000043 ], [ -99.555587769999988, 42.932788850000065 ], [ -100.05071258299995, 43.094905857000072 ], [ -100.298606875999951, 43.142360687000064 ], [ -100.58458709699994, 43.120891570000026 ], [ -100.791122439, 43.128578189000052 ], [ -101.557220457999961, 43.198005673000068 ], [ -101.736854550999965, 43.192264561000059 ], [ -102.227600099999961, 43.074806215000081 ], [ -102.375038143999973, 43.005565643000068 ], [ -102.469306944999971, 42.932312013000058 ], [ -102.63047027999994, 42.850170136000031 ], [ -102.801345821999973, 42.786331178000069 ], [ -103.209754946999965, 42.718593596000062 ], [ -103.603302004999989, 42.749137880000035 ], [ -104.044181825999942, 42.823532104000037 ], [ -104.321815489999949, 42.82206725900005 ], [ -104.602127078999956, 42.859718322000049 ], [ -104.824974061999967, 42.83828735600008 ], [ -104.919517516999974, 42.790199278000046 ], [ -105.08335113399994, 42.620475767000073 ], [ -105.170623779999971, 42.587089542000058 ], [ -105.318038941999987, 42.482151034000026 ], [ -105.371688838999944, 42.422710419000055 ], [ -105.424758910999969, 42.514308931000073 ], [ -105.557159420999938, 42.63716125500008 ], [ -105.711196897999969, 42.723056791000033 ], [ -106.043403622999961, 42.82516860700008 ], [ -106.291870119999942, 42.771705630000042 ], [ -106.406959529999938, 42.72720337100003 ], [ -106.637252804999946, 42.850238798000078 ], [ -106.707443239999975, 42.91943359000004 ], [ -106.968597414999977, 43.343166355000051 ], [ -106.842369081999948, 43.428985594000039 ], [ -106.764106749999939, 43.547595978000061 ], [ -106.719879152999965, 43.685649874000035 ], [ -106.704513551, 43.810050968000041 ], [ -106.731132510999942, 43.945281981000051 ], [ -106.728477475999966, 44.159755706000055 ], [ -106.851066590999949, 44.448261260000038 ], [ -107.05505371199996, 44.687938690000067 ], [ -107.303520201999959, 44.835304263000069 ], [ -107.531089779999945, 45.009662628000058 ], [ -107.714065547999951, 45.109390260000055 ], [ -108.146476748999987, 45.28556061200004 ], [ -108.338714596999978, 45.340221406000069 ], [ -108.505271908999987, 45.33476257600006 ], [ -109.04087829599996, 45.399578096000027 ], [ -109.388702393999949, 45.452007293000065 ], [ -109.538993838999943, 45.494831088000069 ], [ -109.675773620999962, 45.558151247000069 ], [ -109.836784361999946, 45.594600674000048 ], [ -110.042083741999988, 45.680187229000069 ], [ -110.138511653999956, 45.744361875000038 ], [ -110.134025575999942, 45.863422396000033 ] ], [ [ -104.633819575999951, 44.755779269000072 ], [ -104.796768188999977, 44.54639435200005 ], [ -104.800590516999989, 44.47417450100005 ], [ -104.709838865999984, 44.400386810000043 ], [ -104.490257259999964, 44.15915298300007 ], [ -104.411445619999938, 44.119529723000028 ], [ -104.365936280999961, 44.023326875000066 ], [ -104.298866271999941, 43.931690219000075 ], [ -104.169326781999985, 43.855155942000067 ], [ -104.024360655999942, 43.681884763000028 ], [ -103.937553407999985, 43.602439883000045 ], [ -103.861724855999967, 43.442310337000038 ], [ -103.748825075999946, 43.420269014000041 ], [ -103.624511715999972, 43.272438049000073 ], [ -103.544548037999959, 43.28665161300006 ], [ -103.428176878999977, 43.27280044400004 ], [ -103.382354733999989, 43.315032961000043 ], [ -103.328979489999938, 43.479545597000026 ], [ -103.283485413999983, 43.827514646000054 ], [ -103.227424618999976, 43.950538637000079 ], [ -103.187469478999958, 44.101440431000071 ], [ -103.216163632999951, 44.247016908000035 ], [ -103.334075925999969, 44.40683746600007 ], [ -103.640640261999977, 44.576480864000075 ], [ -103.68222045899995, 44.644424439000034 ], [ -103.905342103999942, 44.643901823000078 ], [ -104.213714599999946, 44.856689456000026 ], [ -104.322463991999939, 44.892932891000044 ], [ -104.424789426999951, 44.878307343000074 ], [ -104.633819575999951, 44.755779269000072 ] ] ] } },
{ "type": "Feature", "properties": { "PROVINCE": "SUPERIOR UPLAND" }, "geometry": { "type": "Polygon", "coordinates": [ [ [ -88.634735106999983, 48.139225006000061 ], [ -88.638938903999986, 48.128650665000066 ], [ -88.552085875999978, 48.146518707000041 ], [ -88.52599334699994, 48.171234131000062 ], [ -88.528266906999988, 48.155574799000078 ], [ -88.461471556999982, 48.185054779000041 ], [ -88.501861572999985, 48.155853272000058 ], [ -88.424133300999983, 48.190765381000062 ], [ -88.633644103999984, 48.069171905000076 ], [ -88.577941894999981, 48.089088440000069 ], [ -88.566070556999989, 48.068271637000066 ], [ -88.656669616999977, 48.014022827000076 ], [ -88.827896117999956, 47.978099823000036 ], [ -88.928108215999941, 47.940322876000039 ], [ -88.914001464999956, 47.934738159000062 ], [ -88.98635864299996, 47.910152435000043 ], [ -88.990531920999956, 47.894512176000035 ], [ -88.894790648999958, 47.897811890000071 ], [ -89.152008055999943, 47.82273101800007 ], [ -89.214500426999962, 47.850494385000047 ], [ -89.197494505999941, 47.886371612000062 ], [ -89.146141051999962, 47.911113739000029 ], [ -89.208923339999956, 47.893299103000061 ], [ -89.156105040999989, 47.93923187300004 ], [ -88.848999022999976, 48.053661346000069 ], [ -88.787818907999963, 48.062671661000081 ], [ -88.69055175699998, 48.11236572200005 ], [ -88.695564269999977, 48.090274811000029 ], [ -88.634735106999983, 48.139225006000061 ] ] ] } },
{ "type": "Feature", "properties": { "PROVINCE": "COLUMBIA PLATEAU" }, "geometry": { "type": "Polygon", "coordinates": [ [ [ -120.683738707999964, 47.098651886000027 ], [ -120.623939513999971, 47.144500734000076 ], [ -120.466178893999938, 47.170261384000071 ], [ -120.299171447999981, 47.234699249000073 ], [ -120.187400817999958, 47.339336396000078 ], [ -120.11866760099997, 47.527057647000049 ], [ -120.075965880999945, 47.803123473000028 ], [ -119.865242003, 47.853141786000037 ], [ -119.791732788, 47.95796585100004 ], [ -119.72747802799995, 48.172992707000049 ], [ -118.946128843999986, 48.155746460000046 ], [ -118.661216734999982, 47.945301055000073 ], [ -118.525558469999964, 47.952980043000025 ], [ -118.286392211999953, 47.881431579000036 ], [ -118.01619720399998, 47.921348572000056 ], [ -117.233703614999968, 47.839267732000053 ], [ -117.168373108999958, 47.744544982000036 ], [ -117.148712156999977, 47.646659851000038 ], [ -117.064270017999945, 47.545631408000077 ], [ -116.929786680999939, 47.490211487000067 ], [ -116.832801819999986, 47.429805756000064 ], [ -116.754760740999984, 47.046390533000078 ], [ -116.75820159999995, 46.960693358000071 ], [ -116.71224975399997, 46.852966307000031 ], [ -116.607162476999974, 46.734485627000026 ], [ -116.043624877999946, 46.393516540000064 ], [ -115.939041138, 46.24977874700005 ], [ -115.894790648999958, 46.151603699000077 ], [ -115.927047728, 46.028957367000032 ], [ -115.974250793999943, 45.92823028600003 ], [ -116.037216185999966, 45.845726012000057 ], [ -116.146957397999984, 45.74259567200005 ], [ -116.676963805999947, 45.47911453200004 ], [ -116.73709869399994, 45.569160461000081 ], [ -116.827720643999953, 45.797058107000055 ], [ -116.829971312999987, 45.898895262000053 ], [ -116.845611571999939, 45.941390990000059 ], [ -116.816703798, 46.016899110000054 ], [ -116.762031555999954, 46.074394225000049 ], [ -117.054290773, 46.180942536000032 ], [ -117.228157042999953, 46.217853546000072 ], [ -117.522911071999943, 46.226615906000063 ], [ -117.618652343999941, 46.19025421200007 ], [ -117.997100830999955, 45.969520570000043 ], [ -118.192222594999976, 45.789508819000048 ], [ -118.28476715, 45.669891356000051 ], [ -118.455024717999947, 45.508560180000075 ], [ -118.603782652999939, 45.413505555000029 ], [ -118.874908445999949, 45.245971679000036 ], [ -119.079833983999947, 45.172866820000081 ], [ -119.430671690999986, 45.092422485000043 ], [ -119.556404114999964, 45.01513290500003 ], [ -119.593643187999987, 44.963047026000027 ], [ -119.511856078, 44.907028199000081 ], [ -119.371032713999966, 44.889595031000056 ], [ -119.001838685999985, 44.979740141000036 ], [ -118.936042786999963, 44.926673889000028 ], [ -118.935455323999975, 44.854804991000037 ], [ -119.314910889999965, 44.734127046000026 ], [ -119.382369993999987, 44.669918060000043 ], [ -119.322280883999952, 44.59041977000004 ], [ -119.200912475999985, 44.525897981000071 ], [ -119.111854554, 44.495021820000034 ], [ -118.924530028999982, 44.461997987000075 ], [ -118.880187988999978, 44.408096313000044 ], [ -118.894195557999979, 44.343128203000049 ], [ -119.328781127999946, 44.24085616900004 ], [ -119.389488220999965, 44.195590972000048 ], [ -119.362190244999965, 44.121452332000047 ], [ -119.565940855999941, 43.98891449000007 ], [ -119.909500120999951, 43.902336122000065 ], [ -120.552116392999949, 43.848575591000042 ], [ -121.105522156999939, 43.829059602000029 ], [ -121.235031126999957, 43.77500152600004 ], [ -121.390731810999966, 43.680252076000045 ], [ -121.817230224999946, 43.380558015000076 ], [ -121.757438658999945, 43.503978729000039 ], [ -121.744682310999963, 43.623004914000035 ], [ -121.578132628999981, 44.168754576000026 ], [ -121.57962798899996, 44.340888976000031 ], [ -121.519882201999962, 44.490924834000054 ], [ -121.433509826999966, 44.576293946000078 ], [ -121.437248230999955, 44.69539642400008 ], [ -121.504096983999943, 44.90198898400007 ], [ -121.508033750999971, 44.989151003000075 ], [ -121.465469360999975, 45.078193665000072 ], [ -121.383300779999956, 45.346946717000037 ], [ -121.533958435999978, 45.601947786000039 ], [ -121.500885008999944, 45.711586 ], [ -120.965103149999948, 46.20433044300006 ], [ -120.84697723499994, 46.526000976000034 ], [ -120.774620054999957, 46.57468414300007 ], [ -120.737022399999944, 46.751235963000056 ], [ -120.590568541999971, 46.835952758000076 ], [ -120.541610716999969, 46.892028808000077 ], [ -120.615303039999958, 47.057743072000051 ], [ -120.683738707999964, 47.098651886000027 ] ] ] } },
{ "type": "Feature", "properties": { "PROVINCE": "PACIFIC BORDER" }, "geometry": { "type": "Polygon", "coordinates": [ [ [ -122.880119323999963, 48.070957184000065 ], [ -122.850387573999967, 48.127109528000062 ], [ -122.768882750999978, 48.143989563000048 ], [ -122.75060272199994, 48.113807678000057 ], [ -122.80293273999996, 48.085323334000066 ], [ -122.734466552999947, 48.023529053000061 ], [ -122.719467163, 47.983997345000034 ], [ -122.680679320999957, 47.965740204000042 ], [ -122.697425841999973, 47.956291199000077 ], [ -122.680961608999951, 47.914978028000064 ], [ -122.661560058999953, 47.917156220000038 ], [ -122.652862548999963, 47.894905090000066 ], [ -122.618186950999984, 47.884319305000076 ], [ -122.653587341, 47.864429474000076 ], [ -122.693077086999949, 47.868350983000028 ], [ -122.691390991, 47.833824158000027 ], [ -122.745864867999956, 47.808986663000042 ], [ -122.748229980999952, 47.774761200000057 ], [ -122.788841247999983, 47.723735810000051 ], [ -122.782623291, 47.691726684000059 ], [ -122.816596985, 47.680160522000051 ], [ -122.834320067999954, 47.682643890000065 ], [ -122.78980255099998, 47.802547455000081 ], [ -122.809516905999942, 47.857070923000038 ], [ -122.828201293999939, 47.787105560000043 ], [ -122.851036071999943, 47.786144257000046 ], [ -122.858795166, 47.827323914000033 ], [ -122.873069763, 47.791206360000047 ], [ -122.851371764999953, 47.752464294000049 ], [ -122.914993285999969, 47.659397125000055 ], [ -122.900550842999962, 47.648490905000074 ], [ -122.934516905999942, 47.644737244000055 ], [ -122.982734679999965, 47.605480194000052 ], [ -123.090316772, 47.473663330000079 ], [ -123.034622191999972, 47.73893737700007 ], [ -122.973701477999953, 47.907787323000036 ], [ -122.891098022999984, 48.050205231000064 ], [ -122.86779022199994, 48.038745880000079 ], [ -122.858634947999974, 48.012359619000051 ], [ -122.883918761999951, 47.992824554000038 ], [ -122.854736327999944, 47.991748810000047 ], [ -122.829902648999962, 48.038951874000077 ], [ -122.880119323999963, 48.070957184000065 ] ] ] } },
{ "type": "Feature", "properties": { "PROVINCE": "PACIFIC BORDER" }, "geometry": { "type": "Polygon", "coordinates": [ [ [ -122.880119323999963, 48.070957183000075 ], [ -122.892417906999981, 48.078792572000054 ], [ -122.881431579999969, 48.106960297000057 ], [ -122.850387573999967, 48.127109527000073 ], [ -122.880119323999963, 48.070957183000075 ] ] ] } },
{ "type": "Feature", "properties": { "PROVINCE": "PACIFIC BORDER" }, "geometry": { "type": "Polygon", "coordinates": [ [ [ -122.702522276999957, 48.014232635000042 ], [ -122.747764587999939, 48.074218750000057 ], [ -122.732017516999974, 48.079944610000041 ], [ -122.698776244999976, 48.025455475000058 ], [ -122.697212219999983, 48.061527252000076 ], [ -122.73602294899996, 48.094562531000065 ], [ -122.699035644999981, 48.105308533000027 ], [ -122.673980713, 48.020469666000054 ], [ -122.702522276999957, 48.014232635000042 ] ] ] } },
{ "type": "Feature", "properties": { "PROVINCE": "PACIFIC BORDER" }, "geometry": { "type": "Polygon", "coordinates": [ [ [ -122.891098022999984, 48.050205231000064 ], [ -122.880119323999963, 48.070957183000075 ], [ -122.829902648999962, 48.038951874000077 ], [ -122.854736327999944, 47.991748810000047 ], [ -122.883918761999951, 47.992824554000038 ], [ -122.858634947999974, 48.012359619000051 ], [ -122.86779022199994, 48.038745880000079 ], [ -122.891098022999984, 48.050205231000064 ] ] ] } },
{ "type": "Feature", "properties": { "PROVINCE": "PACIFIC BORDER" }, "geometry": { "type": "Polygon", "coordinates": [ [ [ -123.102729797999984, 47.413635254000042 ], [ -123.055885314999955, 47.445465088000049 ], [ -123.068916320999961, 47.462863922000054 ], [ -123.039489745999958, 47.47843170200008 ], [ -123.026336669999978, 47.515937806000068 ], [ -122.916969298999959, 47.614601135000044 ], [ -122.752944945999957, 47.660690308000028 ], [ -122.723060607999969, 47.756896973000039 ], [ -122.611160278999989, 47.850006103000055 ], [ -122.590278625999986, 47.850387573000035 ], [ -122.583557128999985, 47.811462403000064 ], [ -122.561691283999949, 47.816028595000034 ], [ -122.587081908999949, 47.907253265000065 ], [ -122.627281188999973, 47.93469619800004 ], [ -122.531890869999984, 47.909461975000056 ], [ -122.513404845999958, 47.827175141000055 ], [ -122.491722106999987, 47.810054779000041 ], [ -122.512969970999961, 47.79030227700008 ], [ -122.473587035999969, 47.75497818000008 ], [ -122.508644103999984, 47.739299775000063 ], [ -122.56233978299997, 47.752830506000066 ], [ -122.561599730999944, 47.728427887000066 ], [ -122.59751892099996, 47.691947937000066 ], [ -122.657554626999968, 47.73976516700003 ], [ -122.657203673999959, 47.712570190000065 ], [ -122.621513366999977, 47.696968079000044 ], [ -122.607574463, 47.566650391000053 ], [ -122.650283813999977, 47.586566925000056 ], [ -122.692222594999976, 47.64337921200007 ], [ -122.705177306999985, 47.614730835000046 ], [ -122.68788909899996, 47.578578949000075 ], [ -122.660797119999984, 47.583835602000079 ], [ -122.628089904999968, 47.563049316000047 ], [ -122.693435668999939, 47.526744843000074 ], [ -122.609886169, 47.546745300000055 ], [ -122.55526733399995, 47.583503723000035 ], [ -122.542694091999977, 47.522731781000061 ], [ -122.504463195999961, 47.507217407000041 ], [ -122.558334350999985, 47.398365021000075 ], [ -122.544120788999976, 47.373924255000077 ], [ -122.568794249999939, 47.333332061000078 ], [ -122.588256835999971, 47.333927154000037 ], [ -122.553153991999977, 47.283329010000045 ], [ -122.58052826, 47.251388550000058 ], [ -122.61154937699996, 47.293395996000072 ], [ -122.606910705999951, 47.270565033000025 ], [ -122.692588805999947, 47.279026031000058 ], [ -122.699745177999944, 47.292079925000053 ], [ -122.659355163999976, 47.327808380000079 ], [ -122.668128967999962, 47.34402465900007 ], [ -122.627830504999963, 47.365932465000071 ], [ -122.637435913, 47.398582459000068 ], [ -122.64562988299997, 47.378097534000062 ], [ -122.741554259999987, 47.341449738000051 ], [ -122.732482909999987, 47.322029114000031 ], [ -122.769714354999962, 47.266155243000071 ], [ -122.73742675799997, 47.256454468000072 ], [ -122.719795226999963, 47.223125458000027 ], [ -122.745674132999966, 47.213306427000077 ], [ -122.737083434999988, 47.191574096000068 ], [ -122.761238097999978, 47.16249465900006 ], [ -122.825111388999971, 47.234825134000062 ], [ -122.78433227499994, 47.302829742000029 ], [ -122.791847228999984, 47.334743500000059 ], [ -122.773330687999987, 47.337360382000043 ], [ -122.831222533999949, 47.40077591000005 ], [ -122.84452056899994, 47.317325592000032 ], [ -122.934165954999969, 47.279891968000072 ], [ -122.944641112999989, 47.20394897500006 ], [ -123.066101074999949, 47.204643249000071 ], [ -123.027114868999945, 47.214176178000059 ], [ -123.045410157, 47.23132324200003 ], [ -123.013061523999966, 47.257602692000034 ], [ -123.109092712999939, 47.211059570000032 ], [ -123.099494933999949, 47.353427887000066 ], [ -123.010475158999952, 47.353027344000054 ], [ -122.833251952999944, 47.438457489000029 ], [ -123.012084960999971, 47.377822876000039 ], [ -123.036201476999963, 47.356048584000064 ], [ -123.100334167999961, 47.369064331000061 ], [ -123.102729797999984, 47.413635254000042 ] ] ] } },
{ "type": "Feature", "properties": { "PROVINCE": "PACIFIC BORDER" }, "geometry": { "type": "Polygon", "coordinates": [ [ [ -122.490585326999962, 47.581478119000053 ], [ -122.522109984999986, 47.572849273000031 ], [ -122.55009460499997, 47.601680756000064 ], [ -122.577636718999941, 47.601493835000042 ], [ -122.574836730999948, 47.64722824100005 ], [ -122.593650817999958, 47.66260528600003 ], [ -122.560157775999983, 47.672248840000066 ], [ -122.553276061999952, 47.717697144000056 ], [ -122.548713683999949, 47.687919617000034 ], [ -122.515594481999983, 47.702144622000048 ], [ -122.517890929999965, 47.649974823000036 ], [ -122.49686431899994, 47.631916046000072 ], [ -122.543891906999988, 47.623588562000066 ], [ -122.501968383999952, 47.612819671000068 ], [ -122.517639159999987, 47.591457367000032 ], [ -122.490585326999962, 47.581478119000053 ] ] ] } },
{ "type": "Feature", "properties": { "PROVINCE": "CASCADE-SIERRA MOUNTAINS" }, "geometry": { "type": "Polygon", "coordinates": [ [ [ -120.683738708999954, 47.098651887000074 ], [ -120.615303039999958, 47.05774307300004 ], [ -120.541610717999959, 46.892028808000077 ], [ -120.590568541999971, 46.835952758000076 ], [ -120.737022398999954, 46.751235963000056 ], [ -120.774620057, 46.574684142000081 ], [ -120.846977233999951, 46.526000977000081 ], [ -120.965103148999958, 46.204330445000039 ], [ -121.500885008999944, 45.711585998000032 ], [ -121.533958435999978, 45.60194778400006 ], [ -121.383300779999956, 45.346946717000037 ], [ -121.465469360999975, 45.078193663000036 ], [ -121.50803375299995, 44.989151 ], [ -121.504096985999979, 44.90198898400007 ], [ -121.437248229999966, 44.695396422000044 ], [ -121.433509825999977, 44.576293945000032 ], [ -121.519882201999962, 44.490924835000044 ], [ -121.579627990999938, 44.340888976000031 ], [ -121.57813263099996, 44.168754578000062 ], [ -121.744682312999942, 43.623004913000045 ], [ -121.757438658999945, 43.503978730000028 ], [ -121.825408935999974, 43.363677979000045 ], [ -121.856079100999978, 43.137481688000037 ], [ -121.863372801999958, 42.883022308000079 ], [ -121.927474974999939, 42.70246505700004 ], [ -121.972824096999943, 42.510105134000071 ], [ -121.967201233999958, 42.377487184000074 ], [ -122.588394163999965, 42.166416168000069 ], [ -122.818504333999954, 42.322036744000059 ], [ -122.848442076999959, 42.405872346000081 ], [ -122.858627319, 42.511547088000043 ], [ -122.775070189999951, 42.672859192000033 ], [ -122.720314025999983, 42.853321076000043 ], [ -122.76387023999996, 42.982017518000077 ], [ -122.989479064999955, 43.374279020000074 ], [ -123.044525144999966, 43.524402618000067 ], [ -123.061798094999972, 43.80735397400008 ], [ -123.009101867999959, 43.924373625000044 ], [ -123.013961790999986, 44.018772125000055 ], [ -122.915412901999957, 44.084064483000077 ], [ -122.928985594999972, 44.148063659000059 ], [ -122.972091676, 44.219856263000054 ], [ -122.982093809999981, 44.29584884500008 ], [ -122.868354797999984, 44.378719330000081 ], [ -122.885429383999963, 44.454788208000025 ], [ -122.813545226999963, 44.517127990000063 ], [ -122.735557555999947, 44.547981261000075 ], [ -122.720306396999945, 44.614536285000042 ], [ -122.735954285, 44.692604065000069 ], [ -122.65364074699994, 44.723621369000057 ], [ -122.768524170999967, 44.828769683000075 ], [ -122.731956481999987, 44.888618468000061 ], [ -122.660278319999975, 44.952514649000079 ], [ -122.593246460999978, 45.071376800000053 ], [ -122.524047850999978, 45.141071318000058 ], [ -122.315261841, 45.484909058000028 ], [ -122.331237792999957, 45.615840911000078 ], [ -122.286621092999951, 45.755760192000025 ], [ -122.419517516999974, 46.05408477900005 ], [ -122.402320861999954, 46.152633668000078 ], [ -122.42295074499998, 46.268611908000025 ], [ -122.416152953, 46.363338472000066 ], [ -122.513610840999945, 46.554134369000053 ], [ -122.696891782999955, 46.717903137000064 ], [ -122.679100035999966, 46.77980804300006 ], [ -122.580902099999946, 46.809638978000066 ], [ -122.433364867999956, 46.795509338000045 ], [ -122.247894286999951, 46.823314667000034 ], [ -122.096015931999943, 46.869285584000068 ], [ -122.007385251999949, 47.04309844800008 ], [ -121.827392579, 47.133483886000079 ], [ -121.797416686999952, 47.202762604000043 ], [ -121.816474914999958, 47.276012420000029 ], [ -121.777099608999947, 47.376354218000074 ], [ -121.867401122999979, 47.437561035000044 ], [ -121.936836242999959, 47.516128539000078 ], [ -121.800720214999956, 47.561080932000039 ], [ -121.685272216999977, 47.481468201000041 ], [ -121.609542846999943, 47.404125213000043 ], [ -121.036308288999976, 47.27029800300005 ], [ -120.878738401999954, 47.214424132000033 ], [ -120.683738708999954, 47.098651887000074 ] ] ] } },
{ "type": "Feature", "properties": { "PROVINCE": "PACIFIC BORDER" }, "geometry": { "type": "Polygon", "coordinates": [ [ [ -122.336662291999971, 47.540180206000059 ], [ -122.302986144999977, 47.521999359000063 ], [ -122.335044860999972, 47.536422730000027 ], [ -122.336662291999971, 47.540180206000059 ] ] ] } },
{ "type": "Feature", "properties": { "PROVINCE": "PACIFIC BORDER" }, "geometry": { "type": "Polygon", "coordinates": [ [ [ -122.453666686999952, 47.389499664000027 ], [ -122.488204955999947, 47.377998352000077 ], [ -122.50060272199994, 47.326400757000044 ], [ -122.529777526999965, 47.346874237000065 ], [ -122.51372528099995, 47.450195313000052 ], [ -122.471893310999974, 47.502979278000055 ], [ -122.443267821999939, 47.457592011000031 ], [ -122.444206238, 47.40460205100004 ], [ -122.378944396999941, 47.385059357000046 ], [ -122.441772460999971, 47.367401123000036 ], [ -122.465026855999952, 47.341163636000033 ], [ -122.472480773999962, 47.366191864000029 ], [ -122.43599701, 47.386508942000034 ], [ -122.45010376, 47.402988433000075 ], [ -122.469528197999978, 47.394855499000073 ], [ -122.453666686999952, 47.389499664000027 ] ] ] } },
{ "type": "Feature", "properties": { "PROVINCE": "SUPERIOR UPLAND" }, "geometry": { "type": "Polygon", "coordinates": [ [ [ -88.501754760999972, 47.290195465000068 ], [ -88.437904357999969, 47.355895996000072 ], [ -88.362335204999965, 47.395744324000077 ], [ -88.220428466999977, 47.434501648000037 ], [ -88.205261230999952, 47.456886292000036 ], [ -88.010528563999969, 47.481132507000041 ], [ -87.756484984999986, 47.462982177000072 ], [ -87.709785460999967, 47.432041168000069 ], [ -87.706634521999945, 47.400733947000049 ], [ -87.810783385999969, 47.38319778400006 ], [ -87.867340087999935, 47.39491653400006 ], [ -87.943153381999934, 47.385673523000037 ], [ -87.961486816, 47.373928070000034 ], [ -87.940238951999959, 47.339675903000057 ], [ -88.010643004999963, 47.30047225900006 ], [ -88.044082641999978, 47.298530579000044 ], [ -88.148551939999948, 47.221019745000035 ], [ -88.22228241, 47.200756073000036 ], [ -88.241607665999936, 47.16953277600004 ], [ -88.229431151999961, 47.144615173000034 ], [ -88.274192809999988, 47.138591766000047 ], [ -88.290100096999936, 47.107040405000077 ], [ -88.352638244, 47.072677613000053 ], [ -88.365638732999969, 47.014007568000068 ], [ -88.426033019999977, 46.980979919000049 ], [ -88.419776916999979, 46.997455597000055 ], [ -88.471176147999984, 47.026779175000058 ], [ -88.472015380999949, 47.058464050000055 ], [ -88.395820617999959, 47.117115021000075 ], [ -88.389816283999949, 47.196071625000059 ], [ -88.461509704999969, 47.133239746000072 ], [ -88.409927367999956, 47.149837494000053 ], [ -88.417945861999954, 47.108562470000038 ], [ -88.472885131999988, 47.087402344000054 ], [ -88.491081237999936, 47.116466522000053 ], [ -88.603454589999956, 47.130561829000044 ], [ -88.626319884999987, 47.164241791000052 ], [ -88.607955932999971, 47.239921570000035 ], [ -88.501754760999972, 47.290195465000068 ] ] ] } },
{ "type": "Feature", "properties": { "PROVINCE": "PACIFIC BORDER" }, "geometry": { "type": "Polygon", "coordinates": [ [ [ -123.100410461999957, 47.423461914000029 ], [ -123.112678527999947, 47.371566772000051 ], [ -123.099494933999949, 47.353427887000066 ], [ -123.126045226999963, 47.335510253000052 ], [ -123.154060363999974, 47.348541260000047 ], [ -123.113922119, 47.456272125000055 ], [ -123.090316772, 47.473663330000079 ], [ -123.100410461999957, 47.423461914000029 ] ] ] } },
{ "type": "Feature", "properties": { "PROVINCE": "NEW ENGLAND" }, "geometry": { "type": "Polygon", "coordinates": [ [ [ -72.356193540999982, 41.332794191000062 ], [ -72.366699217999951, 41.291259765000063 ], [ -72.345504761999962, 41.282363892000035 ], [ -72.36952972399996, 41.274501801000042 ], [ -72.347679138999979, 41.267868044000068 ], [ -72.389404296999942, 41.260688782000045 ], [ -72.401191710999967, 41.27989578100005 ], [ -72.440292355999986, 41.28083038300008 ], [ -72.502540585999952, 41.257064822000075 ], [ -72.52722930799996, 41.263828277000073 ], [ -72.533866883999963, 41.249259948000031 ], [ -72.568305969999983, 41.268257141000049 ], [ -72.66123199499998, 41.266994477000026 ], [ -72.684852598999953, 41.245906829000035 ], [ -72.750465393999946, 41.266536712000061 ], [ -72.807563780999942, 41.251194001000044 ], [ -72.817741395999974, 41.263542177000033 ], [ -72.869422913999983, 41.241775514000039 ], [ -72.897354124999936, 41.252910612000051 ], [ -72.888572690999979, 41.305931093000027 ], [ -72.916229247999979, 41.297088623000036 ], [ -73.008018493999941, 41.204349517000026 ], [ -73.046417236999957, 41.209632875000068 ], [ -73.047912597999982, 41.189220429000045 ], [ -73.072334287999979, 41.188949584000056 ], [ -73.099052429999972, 41.151931762000061 ], [ -73.149139402999936, 41.147281647000057 ], [ -73.151885986999957, 41.172714233000079 ], [ -73.176895139999942, 41.173786165000081 ], [ -73.256233214999952, 41.116638183000077 ], [ -73.275627137999948, 41.128097534000062 ], [ -73.362426755999934, 41.106781008000041 ], [ -73.467788697999936, 41.04146957200004 ], [ -73.495727540999951, 41.053379060000054 ], [ -73.516029356999979, 41.02487564200004 ], [ -73.535461424999937, 41.033569336000028 ], [ -73.559997558999953, 41.005981446000078 ], [ -73.579475402999947, 41.00559234800005 ], [ -73.566001890999985, 41.01870346100003 ], [ -73.592147828999941, 41.025596620000044 ], [ -73.653144835999967, 40.998374937000051 ], [ -73.672897337999984, 40.947795868000071 ], [ -73.712432861999957, 40.950614929000039 ], [ -73.718009947999974, 40.925674438000044 ], [ -73.756958008999959, 40.915775300000064 ], [ -73.785087584999985, 40.86638259700004 ], [ -73.80757904099994, 40.862331390000065 ], [ -73.786888121999937, 40.820713044000058 ], [ -73.866592408999963, 40.821128845000032 ], [ -73.919776918999958, 40.802547454000035 ], [ -73.973739623999961, 40.722793577000061 ], [ -74.033355713999981, 40.689601898000035 ], [ -73.946517945999972, 40.876770017000069 ], [ -73.896377564999966, 40.947692870000026 ], [ -73.870773313999962, 41.040824892000046 ], [ -73.877326963999963, 41.118106844000067 ], [ -73.907920837999939, 41.201702118000071 ], [ -73.989234923999959, 41.231857300000058 ], [ -74.091567991999966, 41.193176269000048 ], [ -74.141838073999963, 41.122150420000025 ], [ -74.215339659999984, 40.938423158000035 ], [ -74.336242676999973, 40.760654448000025 ], [ -74.427757263999979, 40.724357604000033 ], [ -74.588462829999969, 40.72012329100005 ], [ -75.021423338999966, 40.614643097000055 ], [ -75.263267514999939, 40.523227691000045 ], [ -75.370628358999966, 40.468509675000064 ], [ -75.440490720999946, 40.395786285000042 ], [ -75.529380797999977, 40.369213105000028 ], [ -75.675422667999953, 40.417797090000079 ], [ -75.780166623999946, 40.38884353800006 ], [ -75.806579589999956, 40.439811705000068 ], [ -75.782363890999989, 40.506732940000063 ], [ -75.592239380999956, 40.583290099000067 ], [ -75.453338620999943, 40.67365264700004 ], [ -75.122039794999978, 40.752090456000076 ], [ -75.052337647999934, 40.802494050000064 ], [ -74.922058106999941, 40.957187651000027 ], [ -74.854064939999944, 40.995121003000065 ], [ -74.795852661999959, 40.974708557000042 ], [ -74.764762877999942, 40.913372042000049 ], [ -74.667022703999976, 40.942428589000031 ], [ -74.562416075999977, 41.118991851000033 ], [ -74.501434327999959, 41.294361116000061 ], [ -74.396896362999939, 41.345657349000078 ], [ -74.142135618999987, 41.402656557000057 ], [ -74.014854429999957, 41.453948973000081 ], [ -73.868270874999951, 41.602771757000028 ], [ -73.417999265999981, 41.782356263000054 ], [ -73.267585753999981, 41.903266908000035 ], [ -73.244606016999967, 42.052501681000081 ], [ -73.259422300999972, 42.179283142000031 ], [ -73.21315765199995, 42.318939208000074 ], [ -73.156150816999968, 42.331378938000057 ], [ -73.077400208999961, 42.437610625000048 ], [ -72.925628662999941, 42.511356355000032 ], [ -72.884063718999982, 42.596530915000073 ], [ -72.885345460999986, 42.676250456000048 ], [ -72.857208252999953, 42.772167208000042 ], [ -72.798187256999938, 42.848999021000054 ], [ -72.701591490999988, 43.183673857000031 ], [ -72.685226438999962, 43.309192659000075 ], [ -72.633277892999956, 43.409816742000032 ], [ -72.596954345999961, 43.564689635000036 ], [ -72.602394105999963, 43.648674012000072 ], [ -72.638824460999956, 43.767864227000075 ], [ -72.599304199999949, 43.912651063000055 ], [ -72.585189817999947, 44.035717012000077 ], [ -72.678314207999961, 44.323352814000032 ], [ -72.641998291999982, 44.448295593000068 ], [ -72.516120909999984, 44.631153107000046 ], [ -72.340431213999977, 45.006343839000067 ], [ -71.69231414799998, 45.010665892000077 ], [ -71.87543487399995, 44.892467500000066 ], [ -71.987792967999951, 44.854335783000067 ], [ -72.180999754999959, 44.680809022000062 ], [ -72.224205014999939, 44.610832213000037 ], [ -72.210151672999984, 44.532730103000063 ], [ -72.042381284999976, 44.586311342000045 ], [ -71.965225221999958, 44.569721221000066 ], [ -71.937034605999941, 44.528495790000079 ], [ -71.731689451999955, 44.458511353000063 ], [ -71.70567321599998, 44.412937165000073 ], [ -71.70456695699994, 44.195571901000051 ], [ -71.809219361999965, 44.068252562000055 ], [ -71.796859739999945, 43.966693877000068 ], [ -71.824859618999938, 43.899383544000045 ], [ -71.823905943999989, 43.849754335000057 ], [ -71.740165708999939, 43.839614870000048 ], [ -71.595306396999945, 43.918155669000043 ], [ -71.443275449999987, 43.848270415000059 ], [ -71.219581603999984, 43.934574129000055 ], [ -71.055717466999965, 44.02582168400005 ], [ -70.991287229999955, 44.038581849000025 ], [ -70.984558104999962, 44.137584687000071 ], [ -70.937698362999981, 44.202117920000035 ], [ -70.881256103999988, 44.24694061100007 ], [ -70.738891599999988, 44.259643554000036 ], [ -70.644317624999985, 44.329288483000028 ], [ -70.568954467999959, 44.358528136000075 ], [ -70.327323913999976, 44.384929655000064 ], [ -70.236183166999979, 44.431118010000034 ], [ -70.145400998999946, 44.677059174000078 ], [ -70.186950682999964, 44.870517730000074 ], [ -70.171760559999939, 44.92942047300005 ], [ -70.140190125999936, 44.968536377000078 ], [ -70.065567014999942, 45.021709442000031 ], [ -69.945960996999986, 45.045185089000029 ], [ -69.89303588699994, 44.965656282000054 ], [ -69.825813292999953, 44.975585936000073 ], [ -69.854690550999976, 45.017532350000067 ], [ -69.83560943699996, 45.064300535000029 ], [ -69.840965270999959, 45.161621094000054 ], [ -69.790069580999955, 45.218597411000076 ], [ -69.532279965999976, 45.270156858000064 ], [ -69.439041136999947, 45.406764986000042 ], [ -69.362884520999955, 45.431976317000078 ], [ -69.228492736999954, 45.448078156000065 ], [ -69.161933898999962, 45.486694337000074 ], [ -69.134071349999942, 45.529735564000077 ], [ -69.07588958599996, 45.570327760000055 ], [ -68.99774169899996, 45.575607300000058 ], [ -68.947242738999932, 45.619594574000075 ], [ -68.958801269999981, 45.665710448000027 ], [ -68.999900816999968, 45.715744017000077 ], [ -69.010269163999965, 45.777629854000054 ], [ -68.948966980999955, 45.854389192000042 ], [ -68.778861996999979, 45.977096556000049 ], [ -68.704689023999947, 46.049076080000077 ], [ -68.648948667999946, 46.162517546000061 ], [ -68.712409971999932, 46.216594695000026 ], [ -69.298324584999989, 45.949432371000057 ], [ -69.562820432999956, 45.893329621000078 ], [ -69.762222289999954, 45.871204377000026 ], [ -70.252754210999967, 45.907470703000058 ], [ -70.247459411999955, 45.944625855000027 ], [ -70.310287477999964, 45.968788145000076 ], [ -70.280021665999982, 46.053157805000069 ], [ -70.304847717999962, 46.06665802200007 ], [ -70.229316712999946, 46.137439727000071 ], [ -70.283493041999975, 46.190250398000046 ], [ -70.246406553999975, 46.264862059000052 ], [ -70.19808196799994, 46.292858124000077 ], [ -70.19105529899997, 46.334842682000044 ], [ -70.046607970999958, 46.426116942000078 ], [ -69.984970092999959, 46.691368103000059 ], [ -69.230209351999974, 47.452739716000053 ], [ -69.138656616999981, 47.450607299000069 ], [ -69.113327027999958, 47.430839537000054 ], [ -69.046974182999975, 47.42203521600004 ], [ -69.053833008999959, 47.296169280000072 ], [ -69.036712646999945, 47.257369994000044 ], [ -68.894866940999975, 47.182262422000065 ], [ -68.723945617999959, 47.240238190000071 ], [ -68.610183715999938, 47.250106810000034 ], [ -68.570831297999973, 47.281234743000027 ], [ -68.514671325999984, 47.296966553000061 ], [ -68.391250610999975, 47.285099030000026 ], [ -68.377891541999986, 47.331512450000048 ], [ -68.334815979999973, 47.357372283000075 ], [ -68.230804440999975, 47.352149964000034 ], [ -67.961143492999952, 47.197429655000064 ], [ -67.880043029999968, 47.107322694000061 ], [ -67.791000364999945, 47.061000824000075 ], [ -67.775352476999956, 45.936748505000025 ], [ -67.749603271999945, 45.917678832000036 ], [ -67.794380187999934, 45.873424530000079 ], [ -67.755065918999946, 45.824855804000038 ], [ -67.803054809999935, 45.794506074000026 ], [ -67.808029173999955, 45.762191771000062 ], [ -67.785980223999957, 45.739181520000045 ], [ -67.807632444999967, 45.717258455000035 ], [ -67.803436280999961, 45.678112029000033 ], [ -67.752944945999957, 45.659294127000067 ], [ -67.720680236999954, 45.683002471000066 ], [ -67.668441770999948, 45.620994569000061 ], [ -67.597938537999937, 45.605587004000029 ], [ -67.648330686999941, 45.548118590000058 ], [ -67.737548826999955, 45.485527039000033 ], [ -67.849006654999982, 45.434856413000034 ], [ -67.864685059999942, 45.36993026600004 ], [ -67.841484070999968, 45.279045104000033 ], [ -67.697959899999944, 45.071640012000046 ], [ -67.696456907999959, 45.013618468000061 ], [ -67.788116454999965, 44.918140410000035 ], [ -67.876335143999938, 44.876171114000044 ], [ -68.033576964999952, 44.852882386000033 ], [ -68.262886048999974, 44.882369993000054 ], [ -68.365562437999984, 44.843616488000066 ], [ -68.466697693999947, 44.758026125000072 ], [ -68.599082945999953, 44.58568573000008 ], [ -68.724845887999948, 44.496372224000027 ], [ -68.765739442999973, 44.487922670000046 ], [ -68.737953183999934, 44.552753447000043 ], [ -68.762443541999971, 44.551433565000025 ], [ -68.842002866999962, 44.610713960000055 ], [ -68.823043822999978, 44.665252688000066 ], [ -68.860603330999936, 44.610977173000038 ], [ -68.807891843999982, 44.56965255800003 ], [ -68.805023193999943, 44.515190125000061 ], [ -68.825042723999957, 44.475627897000038 ], [ -68.990257264999968, 44.430496216000051 ], [ -69.052787781999939, 44.391632080000079 ], [ -69.131645200999969, 44.238071442000034 ], [ -69.191261289999943, 44.213974 ], [ -69.308830261999958, 44.229133606000062 ], [ -69.570236203999968, 44.348285677000035 ], [ -69.588058472999933, 44.411556244000053 ], [ -69.52648925799997, 44.481716155000072 ], [ -69.618453977999934, 44.567249300000071 ], [ -69.643486020999944, 44.621059417000026 ], [ -69.720298766999974, 44.652923583000074 ], [ -69.902656555999954, 44.473880768000072 ], [ -69.94679260099997, 44.404258729000048 ], [ -69.963943480999944, 44.331600189000028 ], [ -69.909126280999942, 44.199188234000076 ], [ -69.903594971999951, 44.129291536000039 ], [ -69.975418090999938, 44.107654571000069 ], [ -70.119834900999933, 44.158535002000065 ], [ -70.162193298999966, 44.192222595000032 ], [ -70.246147157999985, 44.159976959000062 ], [ -70.273834226999952, 44.102958679000039 ], [ -70.265075683999953, 44.043533327000034 ], [ -70.295600890999935, 43.980354308000074 ], [ -70.369827268999984, 43.952659607000044 ], [ -70.456802369999934, 43.946952819000046 ], [ -70.674613953999938, 43.961181641000053 ], [ -70.730384827999956, 43.83824157600003 ], [ -70.723548887999982, 43.629585266000049 ], [ -70.761802674999956, 43.54263687200006 ], [ -70.949127195999949, 43.372791289000077 ], [ -71.029548642999941, 43.27769470100003 ], [ -71.180015562999984, 42.954788206000046 ], [ -71.278144834999978, 42.955703736000032 ], [ -71.38322448699995, 43.043903352000029 ], [ -71.463478086999942, 43.043949129000055 ], [ -71.507751463999966, 42.96455764600006 ], [ -71.533035275999964, 42.803192138000043 ], [ -71.632583618999945, 42.669097899000064 ], [ -71.646369934999939, 42.600620272000072 ], [ -71.597183227999949, 42.52014160300007 ], [ -71.54102325599996, 42.487335203000043 ], [ -71.557052614999975, 42.408214570000041 ], [ -71.525596618999941, 42.339599609000061 ], [ -71.482154843999979, 42.093910218000076 ], [ -71.480056762999936, 41.961921692000033 ], [ -71.496101379999971, 41.813320158000067 ], [ -71.576370237999981, 41.639072419000058 ], [ -71.671302792999938, 41.343830109000066 ], [ -71.858734130999949, 41.306926725000039 ], [ -71.893409729999973, 41.312946321000027 ], [ -71.86618804799997, 41.323390963000065 ], [ -71.893211364999956, 41.340179445000047 ], [ -71.917335510999976, 41.331493377000072 ], [ -71.970130918999985, 41.346412659000066 ], [ -72.014007567999954, 41.30942535500003 ], [ -72.022766110999953, 41.324085237000077 ], [ -72.047576902999936, 41.311756133000074 ], [ -72.046562193999989, 41.32626724000005 ], [ -72.083068847999982, 41.333625795000046 ], [ -72.097969053999975, 41.393764498000053 ], [ -72.107650757999977, 41.306755065000061 ], [ -72.176162719999979, 41.305934906000061 ], [ -72.186775208999961, 41.321517945000039 ], [ -72.213302612999939, 41.288303376000044 ], [ -72.226348877999953, 41.304370879000032 ], [ -72.322914121999986, 41.281162263000056 ], [ -72.356193540999982, 41.332794191000062 ] ], [ [ -72.396270751999964, 41.36198425300006 ], [ -72.356193540999982, 41.332794191000062 ], [ -72.376625059999981, 41.36446380600006 ], [ -72.396270751999964, 41.36198425300006 ] ] ] } },
{ "type": "Feature", "properties": { "PROVINCE": "PACIFIC BORDER" }, "geometry": { "type": "Polygon", "coordinates": [ [ [ -123.099494933999949, 47.353427887000066 ], [ -123.100334167999961, 47.369064331000061 ], [ -123.036201476999963, 47.356048584000064 ], [ -123.012084960999971, 47.377822876000039 ], [ -122.833251952999944, 47.438457489000029 ], [ -123.010475158999952, 47.353027344000054 ], [ -123.099494933999949, 47.353427887000066 ] ] ] } },
{ "type": "Feature", "properties": { "PROVINCE": "SUPERIOR UPLAND" }, "geometry": { "type": "Polygon", "coordinates": [ [ [ -87.634689330999947, 47.413116455000079 ], [ -87.651306151999961, 47.417018891000055 ], [ -87.626937865999935, 47.426803589000031 ], [ -87.587760924999941, 47.41615295400004 ], [ -87.634689330999947, 47.413116455000079 ] ] ] } },
{ "type": "Feature", "properties": { "PROVINCE": "PACIFIC BORDER" }, "geometry": { "type": "Polygon", "coordinates": [ [ [ -123.100334167999961, 47.369064331000061 ], [ -123.112678527999947, 47.371566772000051 ], [ -123.102729797, 47.413635254000042 ], [ -123.100334167999961, 47.369064331000061 ] ] ] } },
{ "type": "Feature", "properties": { "PROVINCE": "PACIFIC BORDER" }, "geometry": { "type": "Polygon", "coordinates": [ [ [ -122.851341247999983, 47.191833496000072 ], [ -122.874572753999985, 47.16783523600003 ], [ -122.925628661999951, 47.244812012000068 ], [ -122.917213439999955, 47.277400970000031 ], [ -122.857795714999952, 47.293750763000048 ], [ -122.872505188, 47.248928070000034 ], [ -122.851341247999983, 47.191833496000072 ] ] ] } },
{ "type": "Feature", "properties": { "PROVINCE": "PACIFIC BORDER" }, "geometry": { "type": "Polygon", "coordinates": [ [ [ -122.609169005999945, 47.218936920000033 ], [ -122.671524047999981, 47.275295257000039 ], [ -122.601531981999983, 47.239028930000075 ], [ -122.609169005999945, 47.218936920000033 ] ] ] } },
{ "type": "Feature", "properties": { "PROVINCE": "PACIFIC BORDER" }, "geometry": { "type": "Polygon", "coordinates": [ [ [ -123.109840392999956, 47.207603454000036 ], [ -123.109092712999939, 47.211059570000032 ], [ -123.013061523999966, 47.257602692000034 ], [ -123.045410157, 47.23132324200003 ], [ -123.027114867999956, 47.214176178000059 ], [ -123.109840392999956, 47.207603454000036 ] ] ] } },
{ "type": "Feature", "properties": { "PROVINCE": "PACIFIC BORDER" }, "geometry": { "type": "Polygon", "coordinates": [ [ [ -122.670318603999988, 47.19203949000007 ], [ -122.724182128999985, 47.204540253000062 ], [ -122.702178954999965, 47.227996826000037 ], [ -122.649742126999968, 47.208988190000071 ], [ -122.670318603999988, 47.19203949000007 ] ] ] } },
{ "type": "Feature", "properties": { "PROVINCE": "PACIFIC BORDER" }, "geometry": { "type": "Polygon", "coordinates": [ [ [ -123.109840392999956, 47.207603454000036 ], [ -123.115432738999971, 47.207981109000059 ], [ -123.109092712999939, 47.211059570000032 ], [ -123.109840392999956, 47.207603454000036 ] ] ] } },
{ "type": "Feature", "properties": { "PROVINCE": "PACIFIC BORDER" }, "geometry": { "type": "Polygon", "coordinates": [ [ [ -122.709419249999939, 47.142570496000076 ], [ -122.706497192999961, 47.12428665200008 ], [ -122.741645813, 47.152275085000042 ], [ -122.714149475999989, 47.181484223000041 ], [ -122.684982299999945, 47.176254272000051 ], [ -122.685440063999977, 47.143100739000033 ], [ -122.709419249999939, 47.142570496000076 ] ] ] } },
{ "type": "Feature", "properties": { "PROVINCE": "SUPERIOR UPLAND" }, "geometry": { "type": "Polygon", "coordinates": [ [ [ -90.470695495999962, 46.988643646000071 ], [ -90.447143553999979, 47.061805725000056 ], [ -90.392105102999949, 47.076404572000058 ], [ -90.40592193599997, 47.01617050200008 ], [ -90.470695495999962, 46.988643646000071 ] ] ] } },
{ "type": "Feature", "properties": { "PROVINCE": "SUPERIOR UPLAND" }, "geometry": { "type": "Polygon", "coordinates": [ [ [ -90.684654235999972, 47.020019532000049 ], [ -90.68769836499996, 47.041110993000075 ], [ -90.65256500299995, 47.048755645000028 ], [ -90.684654235999972, 47.020019532000049 ] ] ] } },
{ "type": "Feature", "properties": { "PROVINCE": "SUPERIOR UPLAND" }, "geometry": { "type": "Polygon", "coordinates": [ [ [ -90.747459411999955, 47.000183105000076 ], [ -90.770965575999981, 47.011901855000076 ], [ -90.762733459999936, 47.033557892000033 ], [ -90.747459411999955, 47.000183105000076 ] ] ] } },
{ "type": "Feature", "properties": { "PROVINCE": "SUPERIOR UPLAND" }, "geometry": { "type": "Polygon", "coordinates": [ [ [ -90.684654235999972, 47.020019532000049 ], [ -90.668945312999938, 46.996742249000079 ], [ -90.697700499999939, 47.00613403300008 ], [ -90.684654235999972, 47.020019532000049 ] ] ] } },
{ "type": "Feature", "properties": { "PROVINCE": "SUPERIOR UPLAND" }, "geometry": { "type": "Polygon", "coordinates": [ [ [ -90.979576110999972, 46.973091126000043 ], [ -90.92636108399995, 47.001655579000044 ], [ -90.929504394999981, 46.963058472000057 ], [ -90.979576110999972, 46.973091126000043 ] ] ] } },
{ "type": "Feature", "properties": { "PROVINCE": "PACIFIC BORDER" }, "geometry": { "type": "Polygon", "coordinates": [ [ [ -124.076629637999986, 43.700538635000044 ], [ -124.078910826999959, 43.719448090000071 ], [ -124.136238097999978, 43.745582580000075 ], [ -124.171325681999974, 43.735004426000046 ], [ -124.169754028999989, 43.695819856000071 ], [ -124.200942991999966, 43.678596496000068 ], [ -124.136314392999964, 44.007286072000056 ], [ -124.111030577999941, 43.960678101000042 ], [ -124.048194885999976, 43.956729888000041 ], [ -124.031341551999958, 43.978641511000035 ], [ -124.071311950999984, 43.976966858000026 ], [ -124.066589354999962, 43.992752075000055 ], [ -124.109497070999964, 43.970355989000041 ], [ -124.134918213, 44.018325806000064 ], [ -124.11831664999994, 44.269523621000076 ], [ -124.088722228999984, 44.406974792000028 ], [ -124.064712524999948, 44.428825378000056 ], [ -124.005950926999958, 44.412731171000075 ], [ -124.038749694999979, 44.444374085000049 ], [ -124.086524963999977, 44.434982300000058 ], [ -124.093360900999983, 44.494060517000037 ], [ -124.064476013, 44.610839844000054 ], [ -124.029975891, 44.61311721800007 ], [ -124.038223265999989, 44.59347152600003 ], [ -124.020622253999989, 44.603546143000074 ], [ -124.018806456999982, 44.579860687000064 ], [ -123.978981017999956, 44.567775726000036 ], [ -123.931747436999956, 44.583496093000065 ], [ -124.008308410999973, 44.584072114000037 ], [ -124.008682250999982, 44.624755859000061 ], [ -124.063583374999951, 44.626892090000069 ], [ -124.054405213, 44.662139892000027 ], [ -124.077049256999942, 44.675579071000072 ], [ -124.056755066, 44.733840942000029 ], [ -124.075561522999976, 44.814743043000078 ], [ -124.03125, 44.915462495000043 ], [ -124.025154112999985, 44.89427948000008 ], [ -124.009735106999983, 44.907440186000031 ], [ -124.028938292999953, 44.936637880000035 ], [ -124.012077332, 45.066150666000055 ], [ -123.952140807999967, 45.175041198000031 ], [ -123.929138183999953, 45.172107696000069 ], [ -123.95664215, 45.18716812100007 ], [ -123.970642090999945, 45.165836335000051 ], [ -123.980369566999968, 45.215705871000068 ], [ -123.931953429999965, 45.293327330000068 ], [ -123.961456298999963, 45.27714538500004 ], [ -123.968490599999939, 45.332206727000028 ], [ -124.002136230999952, 45.336879730000078 ], [ -123.971687317999965, 45.350368499000069 ], [ -123.959228516999985, 45.424320221000073 ], [ -123.957351683999946, 45.38134765500007 ], [ -123.931900023999958, 45.405567169000051 ], [ -123.980560301999958, 45.485084534000066 ], [ -123.970245360999968, 45.504863739000029 ], [ -123.936676025999986, 45.507972718000076 ], [ -123.89210510099997, 45.474056243000064 ], [ -123.859504701, 45.499088287000063 ], [ -123.88855743299996, 45.509063722000064 ], [ -123.893646240999942, 45.558303832000036 ], [ -123.953414915999986, 45.568534851000038 ], [ -123.919921873999954, 45.685779571000069 ], [ -123.892173766999974, 45.691478729000039 ], [ -123.918052673999966, 45.705593109000063 ], [ -123.937515258999952, 45.666538237000054 ], [ -123.936073301999954, 45.702835083000025 ], [ -123.980270384999983, 45.756507873000032 ], [ -123.956268309999984, 45.87104034500004 ], [ -123.996498108999958, 45.941921234000063 ], [ -123.938743591, 45.979305267000029 ], [ -123.92118835499997, 46.012321471000064 ], [ -123.955230713, 46.142780305000031 ], [ -124.013175964999959, 46.223827363000055 ], [ -123.944442749999951, 46.203018188000044 ], [ -123.864433288999976, 46.149230956000054 ], [ -123.823623657999974, 46.161842346000071 ], [ -123.796752928999979, 46.111774445000037 ], [ -123.804992675, 46.140743256000064 ], [ -123.777084349999939, 46.144432068000071 ], [ -123.861495971999943, 46.190700531000061 ], [ -123.761405943999989, 46.209938050000062 ], [ -123.717163085999971, 46.169895172000054 ], [ -123.670234679999965, 46.174499512000068 ], [ -123.605216978999977, 46.189147950000063 ], [ -123.623428344999979, 46.206623077000074 ], [ -123.583160400999986, 46.198936462000063 ], [ -123.517028808999953, 46.236091614000031 ], [ -123.442741394, 46.203823089000025 ], [ -123.400299072999985, 46.153045654000039 ], [ -123.363563536999948, 46.144187928000065 ], [ -123.307518004999963, 46.159667969000054 ], [ -123.406608582, 46.211494446000074 ], [ -123.437240599999939, 46.262382507000041 ], [ -123.476768494999988, 46.275657655000032 ], [ -123.590431212999988, 46.258728027000075 ], [ -123.659645079999962, 46.265464783000027 ], [ -123.679496763999964, 46.305358888000058 ], [ -123.70565032899998, 46.309585573000049 ], [ -123.725456238, 46.285423279000042 ], [ -123.765281678999941, 46.273571015000073 ], [ -123.797279356999979, 46.283458710000048 ], [ -123.885772704999965, 46.240440369000055 ], [ -123.99333191, 46.310276032000047 ], [ -124.050331116999985, 46.30044937100007 ], [ -124.035194396999941, 46.27596664400005 ], [ -124.079101561999948, 46.267261505000079 ], [ -124.086082458999954, 46.277000426000029 ], [ -124.057434082999976, 46.317535401000043 ], [ -124.065505980999944, 46.639747619000048 ], [ -124.037620544, 46.639343262000068 ], [ -124.054702757999962, 46.625591278000059 ], [ -124.023040771999945, 46.583545686000036 ], [ -124.013000488999978, 46.383686065000063 ], [ -123.957878113, 46.374565125000061 ], [ -123.927772522999987, 46.421119690000069 ], [ -123.933250427999951, 46.454383850000056 ], [ -123.915390014999957, 46.429100037000069 ], [ -123.841590882, 46.405715942000029 ], [ -123.903198241999974, 46.43890762400008 ], [ -123.94069671699998, 46.481121064000035 ], [ -123.922988891999978, 46.507755278000047 ], [ -123.893562317999965, 46.511077880000073 ], [ -123.898895262999986, 46.549419403000059 ], [ -123.957702636999954, 46.617229462000068 ], [ -123.891555785999969, 46.599433898000029 ], [ -123.94141388099996, 46.638744354000039 ], [ -123.926467894999973, 46.673069 ], [ -123.852874755999949, 46.698841095000034 ], [ -123.799438477999956, 46.663345337000067 ], [ -123.767478942999958, 46.675045013000044 ], [ -123.803825378999989, 46.673706054000036 ], [ -123.840965270999959, 46.718292236000082 ], [ -123.8955307, 46.744987488000049 ], [ -123.921302794999974, 46.724830626000028 ], [ -123.975440978, 46.734500884000056 ], [ -123.97358703499998, 46.698265076000041 ], [ -124.091041564999955, 46.729022980000082 ], [ -124.138832090999983, 46.899990082000045 ], [ -124.105758667999964, 46.90814972000004 ], [ -124.078582762999986, 46.841453553000065 ], [ -124.053947447999974, 46.84732437200006 ], [ -124.028808593999941, 46.823772431000066 ], [ -124.012367248999965, 46.837955474000069 ], [ -124.037818909999942, 46.858276366000041 ], [ -124.013412475999985, 46.866424560000041 ], [ -124.058113096999989, 46.861370086000079 ], [ -124.046920776999968, 46.887252808000028 ], [ -123.988037108999947, 46.896709442000031 ], [ -123.990791319999971, 46.916358947000049 ], [ -123.891830444, 46.93741607700008 ], [ -123.138732909999987, 46.980613708000078 ], [ -123.033020019999981, 46.562225342000033 ], [ -122.990188598999964, 46.459232331000067 ], [ -122.894233702999941, 46.313518526000053 ], [ -122.788536070999953, 46.063945771000078 ], [ -122.782569884999987, 45.856525421000072 ], [ -122.821189879999963, 45.729167937000057 ], [ -122.8875885, 45.648559571000078 ], [ -122.997695922, 45.598217011000031 ], [ -123.001922606999983, 45.494644165000068 ], [ -122.978218077999941, 45.382946015000073 ], [ -123.050827026999968, 45.281707764000032 ], [ -123.20384979399995, 45.125480651000032 ], [ -123.229606628999989, 45.00759124800004 ], [ -123.173301695999953, 44.914642334000064 ], [ -123.18096160999994, 44.834556579000036 ], [ -123.195487975, 44.722511292000036 ], [ -123.268783569, 44.48217010500008 ], [ -123.239768980999941, 44.352943421000077 ], [ -123.240493773999958, 44.236228942000025 ], [ -123.263732910999977, 44.12722778300008 ], [ -123.200134276999961, 44.04742050200008 ], [ -123.11209869299995, 44.014560699000072 ], [ -123.013961791999975, 44.018772126000044 ], [ -123.00910186599998, 43.924373626000033 ], [ -123.061798095999961, 43.807353973000033 ], [ -123.044525146999945, 43.524402618000067 ], [ -122.949340819999975, 43.297237396000071 ], [ -123.188888548999955, 43.215133666000042 ], [ -123.443687438999973, 43.083019256000057 ], [ -123.803001402999939, 42.866203308000081 ], [ -123.916488647999984, 42.833839417000036 ], [ -123.997657775, 42.845348358000081 ], [ -124.127037046999988, 42.955768585000044 ], [ -124.259155273999966, 42.999271393000072 ], [ -124.468109130999949, 42.98578262400008 ], [ -124.441413878999981, 43.032653808000077 ], [ -124.386764526999968, 43.261589051000044 ], [ -124.406074522999972, 43.300201417000039 ], [ -124.379821776999961, 43.337730407000038 ], [ -124.332550047999973, 43.344490051000037 ], [ -124.324707032, 43.282867433000035 ], [ -124.306808473, 43.28067016600005 ], [ -124.316276550999987, 43.328056336000031 ], [ -124.286582947999989, 43.333816528000057 ], [ -124.317825316999972, 43.342575073000035 ], [ -124.249061585, 43.414848328000062 ], [ -124.221458434999988, 43.416820526000038 ], [ -124.205284118999941, 43.365230560000043 ], [ -124.160758972999986, 43.356258392000029 ], [ -124.194328308999957, 43.423332215000073 ], [ -124.219650267999953, 43.435634613000047 ], [ -124.189819334999981, 43.464653014000078 ], [ -124.221954345999961, 43.451480865000065 ], [ -124.230789183999946, 43.469253539000078 ], [ -124.243103025999972, 43.430236817000036 ], [ -124.333572388999983, 43.359951018000061 ], [ -124.273986814999944, 43.459106445000032 ], [ -124.211151123999969, 43.661144258000036 ], [ -124.15927886999998, 43.686801910000042 ], [ -124.135696411999959, 43.728260041000055 ], [ -124.131332397999984, 43.704750061000027 ], [ -124.076629637999986, 43.700538635000044 ] ], [ [ -123.892173766999974, 45.691478729000039 ], [ -123.878326416, 45.694324493000067 ], [ -123.890441894999981, 45.71663284300007 ], [ -123.892173766999974, 45.691478729000039 ] ], [ [ -124.076629637999986, 43.700538635000044 ], [ -123.984832762999986, 43.693416595000031 ], [ -123.917968750999989, 43.672294616000045 ], [ -123.966316222999978, 43.698505401000034 ], [ -124.076629637999986, 43.700538635000044 ] ] ] } },
{ "type": "Feature", "properties": { "PROVINCE": "SUPERIOR UPLAND" }, "geometry": { "type": "Polygon", "coordinates": [ [ [ -90.668121337999935, 46.95083999600007 ], [ -90.647964477999949, 46.975799561000031 ], [ -90.625396727999942, 46.977363586000081 ], [ -90.668121337999935, 46.95083999600007 ] ] ] } },
{ "type": "Feature", "properties": { "PROVINCE": "SUPERIOR UPLAND" }, "geometry": { "type": "Polygon", "coordinates": [ [ [ -90.601821898999958, 46.919723511000029 ], [ -90.649482726999963, 46.910610199000075 ], [ -90.626808166999979, 46.943843842000035 ], [ -90.512802123999961, 46.960338593000074 ], [ -90.537292479999962, 46.912418366000054 ], [ -90.601821898999958, 46.919723511000029 ] ] ] } },
{ "type": "Feature", "properties": { "PROVINCE": "SUPERIOR UPLAND" }, "geometry": { "type": "Polygon", "coordinates": [ [ [ -90.668121337999935, 46.95083999600007 ], [ -90.725250243999938, 46.914543152000078 ], [ -90.763107299999945, 46.949542999000073 ], [ -90.709465026999965, 46.958744049000074 ], [ -90.668121337999935, 46.95083999600007 ] ] ] } },
{ "type": "Feature", "properties": { "PROVINCE": "SUPERIOR UPLAND" }, "geometry": { "type": "Polygon", "coordinates": [ [ [ -90.508125304999965, 46.872253418000071 ], [ -90.445419310999966, 46.895645142000035 ], [ -90.480834960999971, 46.866485596000075 ], [ -90.508125304999965, 46.872253418000071 ] ] ] } },
{ "type": "Feature", "properties": { "PROVINCE": "SUPERIOR UPLAND" }, "geometry": { "type": "Polygon", "coordinates": [ [ [ -90.78716277999996, 46.753376007000043 ], [ -90.775245665999989, 46.787895203000062 ], [ -90.726463317999958, 46.801643372000058 ], [ -90.628761291999979, 46.863967896000077 ], [ -90.603660583999954, 46.871059418000073 ], [ -90.570060729999966, 46.845165253000062 ], [ -90.661788940999941, 46.818267823000042 ], [ -90.651329039999951, 46.788990021000075 ], [ -90.78716277999996, 46.753376007000043 ] ] ] } },
{ "type": "Feature", "properties": { "PROVINCE": "SUPERIOR UPLAND" }, "geometry": { "type": "Polygon", "coordinates": [ [ [ -90.758842467999955, 46.83117294300007 ], [ -90.746818541999971, 46.861568451000039 ], [ -90.718429564999951, 46.869171142000027 ], [ -90.758842467999955, 46.83117294300007 ] ] ] } },
{ "type": "Feature", "properties": { "PROVINCE": "SUPERIOR UPLAND" }, "geometry": { "type": "Polygon", "coordinates": [ [ [ -92.059318541999971, 46.737022400000058 ], [ -92.084457397999984, 46.773620606000065 ], [ -92.024559020999959, 46.715553284000066 ], [ -92.059318541999971, 46.737022400000058 ] ] ] } },
{ "type": "Feature", "properties": { "PROVINCE": "CENTRAL LOWLAND" }, "geometry": { "type": "Polygon", "coordinates": [ [ [ -87.30676269199995, 46.502250669000034 ], [ -87.110679626999968, 46.501476288000049 ], [ -87.006401062999942, 46.536293027000056 ], [ -86.969795229999988, 46.526451113000064 ], [ -86.943038937999972, 46.484233854000081 ], [ -86.871383668999954, 46.44436263700004 ], [ -86.820533749999981, 46.446125027000051 ], [ -86.796058652999989, 46.480026243000054 ], [ -86.759498594999968, 46.486637117000043 ], [ -86.70558166099994, 46.450698850000038 ], [ -86.651664733999951, 46.446842194000055 ], [ -86.655807496999955, 46.427211761000081 ], [ -86.638214107999943, 46.422264100000064 ], [ -86.462387083999943, 46.561084748000042 ], [ -86.437561032999952, 46.555030823000038 ], [ -86.345626830999947, 46.584598541000048 ], [ -86.148109437999949, 46.673053739000068 ], [ -86.09673309599998, 46.655273434000037 ], [ -85.857536313999958, 46.694820401000072 ], [ -85.503852841999958, 46.674175262000063 ], [ -85.230094912999959, 46.756790161000026 ], [ -84.954757688999962, 46.77095031500005 ], [ -85.026969905999977, 46.694339752000076 ], [ -85.038742067999976, 46.589141846000075 ], [ -85.018974300999957, 46.54902648500007 ], [ -85.051063538999983, 46.534008025000048 ], [ -85.051658629999963, 46.50558090100003 ], [ -85.016639710999982, 46.47644424300006 ], [ -84.931320187999972, 46.487842559000057 ], [ -84.912826536999944, 46.468872072000067 ], [ -84.86595916899995, 46.46866607700008 ], [ -84.803657531999988, 46.444053653000026 ], [ -84.684921260999943, 46.488105775000065 ], [ -84.629814144999955, 46.482940674000076 ], [ -84.574737551999988, 46.433238982000034 ], [ -84.599571228999935, 46.427707675000079 ], [ -84.572662350999963, 46.407928469000069 ], [ -84.498306271999979, 46.44009780600004 ], [ -84.462898254999971, 46.43696213100003 ], [ -84.415962219999983, 46.480659485000047 ], [ -84.351303102999964, 46.496597287000043 ], [ -84.311614987999974, 46.488674162000052 ], [ -84.231941222999978, 46.369503018000046 ], [ -84.217666626999971, 46.284072873000071 ], [ -84.181640626999979, 46.248718265000036 ], [ -84.187812808, 46.237495425000077 ], [ -84.210853578999945, 46.245731355000032 ], [ -84.231559751999953, 46.217174529000033 ], [ -84.25786590599995, 46.217273713000054 ], [ -84.252906798999959, 46.205158237000035 ], [ -84.27313232399996, 46.207309724000027 ], [ -84.240913390999935, 46.190475465000077 ], [ -84.247032163999961, 46.171447756000077 ], [ -84.207626343999948, 46.162586210000029 ], [ -84.180809023999984, 46.185390470000073 ], [ -84.136352539999962, 46.165760044000081 ], [ -84.119735719999937, 46.176109317000055 ], [ -84.106330869999965, 46.154941560000054 ], [ -84.029579159999969, 46.128948210000033 ], [ -84.06198120199997, 46.094474793000074 ], [ -83.98950195599997, 46.025985717000026 ], [ -83.941879271999937, 46.030467988000055 ], [ -83.901947020999955, 46.005905152000025 ], [ -83.906455995999977, 45.960239413000068 ], [ -83.924407957999961, 45.972896572000082 ], [ -83.975219726999967, 45.969017025000028 ], [ -84.007476808999968, 45.951530454000078 ], [ -84.165542599999981, 45.983047484000053 ], [ -84.171943665999947, 45.968624115000068 ], [ -84.21551513999998, 45.981330870000079 ], [ -84.217803953999976, 45.969043730000067 ], [ -84.327102659, 45.996627806000049 ], [ -84.359420776999968, 45.994186398000068 ], [ -84.35466003099998, 45.971092227000042 ], [ -84.397140505999971, 45.998359678000043 ], [ -84.464935306999962, 46.012344361000032 ], [ -84.457565308999961, 45.971279142000071 ], [ -84.50360107399996, 45.995437622000054 ], [ -84.534317019999946, 45.970439914000053 ], [ -84.54973602299998, 46.027374268000074 ], [ -84.605552673999966, 46.026649475000056 ], [ -84.661331175999976, 46.053398135000066 ], [ -84.692474367999978, 46.031127926000067 ], [ -84.693275453999945, 45.974784851000038 ], [ -84.724571224999977, 45.968097684000043 ], [ -84.737937925999972, 45.946113590000039 ], [ -84.708557130999964, 45.853912351000076 ], [ -84.757209778999936, 45.841419217000066 ], [ -84.834434511999973, 45.868831635000049 ], [ -84.846977235999987, 45.895374301000061 ], [ -84.893524173999936, 45.922618868000029 ], [ -84.915275575999942, 45.920604708000042 ], [ -85.02239990299995, 46.012149813000065 ], [ -85.33911133099997, 46.095516203000045 ], [ -85.384513853999977, 46.083145143000081 ], [ -85.419532773999947, 46.100700376000077 ], [ -85.443992611999988, 46.087219239000035 ], [ -85.523345947999985, 46.099185942000076 ], [ -85.660072323999941, 45.971168519000059 ], [ -85.727272032999963, 45.964347839000027 ], [ -85.810859683, 45.980842590000066 ], [ -85.914955136999936, 45.957977296000081 ], [ -85.917098997999972, 45.918197631000055 ], [ -86.06788635099997, 45.964210511000033 ], [ -86.259323119999976, 45.946929934000025 ], [ -86.315635677999978, 45.90568161200008 ], [ -86.352180483999973, 45.810867310000049 ], [ -86.336280823999971, 45.801803590000077 ], [ -86.40318297999994, 45.796024319000026 ], [ -86.45829772999997, 45.762031558000047 ], [ -86.529380799999956, 45.748966216000042 ], [ -86.522010802999944, 45.724098209000033 ], [ -86.576118465999969, 45.710174560000041 ], [ -86.587471005999987, 45.67427444100008 ], [ -86.62039184799994, 45.666748046000066 ], [ -86.611305236999954, 45.605716705000077 ], [ -86.70777893199994, 45.65028 ], [ -86.716407777999962, 45.677902218000042 ], [ -86.669761655999935, 45.701641084000073 ], [ -86.673370361999957, 45.724132539000038 ], [ -86.63691711599995, 45.752651214000025 ], [ -86.620895387999951, 45.745906833000049 ], [ -86.636291506999953, 45.782382964000078 ], [ -86.559677123999961, 45.772506713000041 ], [ -86.578834533999952, 45.797176359000048 ], [ -86.533630371999948, 45.873538972000063 ], [ -86.554893493999941, 45.895515441000043 ], [ -86.612541195999938, 45.878444671000068 ], [ -86.64253998099997, 45.834682461000057 ], [ -86.718048091999947, 45.841743467000072 ], [ -86.740592955999944, 45.865543367000043 ], [ -86.782043458999965, 45.859058381000068 ], [ -86.793441775999952, 45.835948944000052 ], [ -86.77423095599994, 45.810394287000065 ], [ -86.846717835999982, 45.745475766000027 ], [ -86.843170163999957, 45.719787595000071 ], [ -86.913223268999957, 45.696437833000061 ], [ -86.932312011999954, 45.708694456000046 ], [ -86.965042117999985, 45.67134094000005 ], [ -87.002212523999958, 45.827590946000043 ], [ -86.947158815999956, 45.883316038000032 ], [ -86.962120054999957, 45.90235900600004 ], [ -86.940750123999976, 45.913860320000026 ], [ -86.972045902, 45.916732787000058 ], [ -87.011985777999939, 45.863464352000051 ], [ -86.997520445999953, 45.848098758000049 ], [ -87.03820800699998, 45.825958250000042 ], [ -87.059272766999982, 45.786075596000046 ], [ -87.042602539999962, 45.742305754000029 ], [ -87.092117307999956, 45.708423616000061 ], [ -87.06550598299998, 45.704750062000073 ], [ -87.164138796999964, 45.663028717000032 ], [ -87.260704042999976, 45.554801939000072 ], [ -87.331970214999956, 45.451828001000081 ], [ -87.332221985, 45.423942566000051 ], [ -87.405853270999955, 45.353805543000078 ], [ -87.437416077999956, 45.297630311000034 ], [ -87.583862305999958, 45.162734986000032 ], [ -87.592514036999944, 45.108509060000074 ], [ -87.645935056999974, 45.116558074000068 ], [ -87.672660825999969, 45.14054107700008 ], [ -87.664886472999967, 45.109058383000047 ], [ -87.581275938999966, 45.094646453000053 ], [ -87.618522645999974, 45.056812287000071 ], [ -87.620330810999974, 44.991996763000031 ], [ -87.669479366999951, 44.987651826000047 ], [ -87.665412903999936, 44.971160889000032 ], [ -87.801284792999979, 44.954231265000033 ], [ -87.839988711, 44.927322387000061 ], [ -87.831016541999986, 44.873348239000052 ], [ -87.985794064999936, 44.720478060000062 ], [ -87.97821044799997, 44.657886503000043 ], [ -87.997756954999943, 44.673622131000059 ], [ -88.013290408999978, 44.639118197000073 ], [ -87.975761414999965, 44.595817565000061 ], [ -88.012374879999982, 44.62223434200007 ], [ -88.01710510099997, 44.582141873000069 ], [ -88.040420532999974, 44.571449278000046 ], [ -88.020011905, 44.566665648000026 ], [ -88.02044677899994, 44.546600342000033 ], [ -87.92640685799995, 44.539142606000041 ], [ -87.903907776999972, 44.569435118000058 ], [ -87.915283202999944, 44.576412197000025 ], [ -87.868782039999985, 44.616905209000038 ], [ -87.759674070999949, 44.643363949000047 ], [ -87.678970332999938, 44.76174545300006 ], [ -87.605972288999965, 44.837497709000047 ], [ -87.548309329999938, 44.850364683000066 ], [ -87.567497256999957, 44.832382203000066 ], [ -87.551673889999961, 44.823024751000048 ], [ -87.513809200999958, 44.863090516000057 ], [ -87.49171447599997, 44.848159787000043 ], [ -87.444145200999969, 44.888061521000054 ], [ -87.421569827999974, 44.889083859000039 ], [ -87.443244930999981, 44.875267027000064 ], [ -87.422706601999948, 44.873123166000028 ], [ -87.365310670999975, 44.814254758000061 ], [ -87.314468384999941, 44.794723508000061 ], [ -87.373016355999937, 44.676925658000073 ], [ -87.473480227999971, 44.533950809000032 ], [ -87.537422177999986, 44.327964781000048 ], [ -87.510269162999975, 44.219871524000041 ], [ -87.517295837999939, 44.175758360000032 ], [ -87.547561644999973, 44.142932891000044 ], [ -87.644363402999943, 44.097839359000034 ], [ -87.726722719999941, 43.893932346000042 ], [ -87.727127075999988, 43.82971191300004 ], [ -87.693916320999961, 43.766410829000051 ], [ -87.702713012999936, 43.673179627000025 ], [ -87.771842955999944, 43.591693876000079 ], [ -87.802947997999979, 43.458721159000049 ], [ -87.875328067999988, 43.358600616000047 ], [ -87.900970455999982, 43.258350371000063 ], [ -87.876220704, 43.161144258000036 ], [ -87.892707822999967, 43.127227782000034 ], [ -87.86180877399994, 43.080448154000067 ], [ -87.897483825999984, 43.029949189000035 ], [ -87.836380005999956, 42.964607241000067 ], [ -87.840263364999942, 42.880977628000039 ], [ -87.819686885999943, 42.841564177000066 ], [ -87.756553646999976, 42.777580263000061 ], [ -87.808219908999945, 42.605957029000081 ], [ -87.794868466999958, 42.489883425000073 ], [ -87.835807797999962, 42.314212800000064 ], [ -87.811256407999963, 42.224857333000045 ], [ -87.669296263999968, 42.059852598000077 ], [ -87.611633296999969, 41.847370147000049 ], [ -87.528923032999955, 41.724990848000061 ], [ -87.462501525999983, 41.671638488000042 ], [ -87.41812134099996, 41.676380155000061 ], [ -87.440780638999968, 41.658123014000068 ], [ -87.39358520199994, 41.634201053000027 ], [ -87.233909607999976, 41.625988007000046 ], [ -87.109985350999978, 41.65241241700005 ], [ -86.828826899999967, 41.762985231000073 ], [ -86.616012572999978, 41.907398221000051 ], [ -86.49864959599995, 42.126449583000067 ], [ -86.374298092999936, 42.249408722000055 ], [ -86.284965514999953, 42.422332762000053 ], [ -86.213264463999963, 42.705989841000076 ], [ -86.22035217399997, 42.912231444000042 ], [ -86.251617433999968, 43.05952072000008 ], [ -86.222038269999985, 43.074710845000027 ], [ -86.163955688999977, 43.030014037000058 ], [ -86.14861297899995, 43.035995481000043 ], [ -86.215293882999958, 43.084556579000036 ], [ -86.173324587999957, 43.095787052000048 ], [ -86.187095643999953, 43.096584317000065 ], [ -86.17900085399998, 43.121887204000075 ], [ -86.254364012999986, 43.06777954100005 ], [ -86.337272645999974, 43.230007172000057 ], [ -86.314491270999952, 43.219436646000077 ], [ -86.246826171999942, 43.254199982000046 ], [ -86.254913327999986, 43.269412991000081 ], [ -86.28809356499994, 43.246105193000062 ], [ -86.335517881999976, 43.25453949100006 ], [ -86.340629574, 43.239189148000037 ], [ -86.426467894999973, 43.373237612000025 ], [ -86.363380431999985, 43.388587948000065 ], [ -86.353836055999977, 43.417953492000038 ], [ -86.384201046999976, 43.388172147000034 ], [ -86.432891846999951, 43.384765623000078 ], [ -86.463180544999943, 43.475170133000063 ], [ -86.527015684999981, 43.58362961000006 ], [ -86.541275023999958, 43.663196566000067 ], [ -86.447792050999965, 43.772678375000055 ], [ -86.404327394999939, 43.766654967000079 ], [ -86.434089661999963, 43.781471253000063 ], [ -86.428810117999944, 43.820125583000049 ], [ -86.45954132199995, 43.95019149500007 ], [ -86.438140865999969, 43.945598601000029 ], [ -86.518569948999982, 44.05362701100006 ], [ -86.508628843999986, 44.077106474000061 ], [ -86.416175842999962, 44.136077880000073 ], [ -86.27278137199994, 44.351104735000035 ], [ -86.203880306999963, 44.36127471900005 ], [ -86.234382632999939, 44.378448487000071 ], [ -86.27275085499997, 44.365242005000027 ], [ -86.226463319999937, 44.568965915000035 ], [ -86.263481140999943, 44.666618347000053 ], [ -86.258636476999982, 44.700736996000046 ], [ -86.164466854999944, 44.733573912000054 ], [ -86.108482358999936, 44.73444747800005 ], [ -86.082916256999965, 44.777931212000055 ], [ -86.066726684999935, 44.91055297500003 ], [ -85.988082882999947, 44.910343168000054 ], [ -85.931785583999954, 44.975090024000053 ], [ -85.869514463999963, 44.945095059000039 ], [ -85.814407345999939, 44.949993131000042 ], [ -85.784797664999985, 44.983894348000035 ], [ -85.785560608999958, 45.01680755700005 ], [ -85.685882570999979, 45.100379941000028 ], [ -85.634468076999951, 45.184837344000073 ], [ -85.592346189999944, 45.185443881000026 ], [ -85.549911497999972, 45.213466641000025 ], [ -85.545486447999963, 45.178592683000034 ], [ -85.572608946999935, 45.135505678000072 ], [ -85.586837767999953, 45.157859805000044 ], [ -85.611854554, 45.139389037000058 ], [ -85.577323915999955, 45.043785095000032 ], [ -85.596794131999957, 45.053493502000038 ], [ -85.646766663999983, 44.970867156000054 ], [ -85.607612607999954, 44.98938369900003 ], [ -85.602706909999938, 44.962738036000076 ], [ -85.60566711499996, 44.922622683000043 ], [ -85.62734222499995, 44.915943149000043 ], [ -85.652816769999959, 44.865058901000054 ], [ -85.637840271999949, 44.777858732000027 ], [ -85.597366330999989, 44.776679995000052 ], [ -85.533348079999939, 44.880306247000078 ], [ -85.535469056999943, 44.899097444000063 ], [ -85.56710815699995, 44.898200987000052 ], [ -85.504981997999948, 44.98910522500006 ], [ -85.475898739999934, 44.989612578000049 ], [ -85.469131467999944, 44.962451937000026 ], [ -85.489051820999975, 44.963962557000059 ], [ -85.493217468999944, 44.883224489000042 ], [ -85.551948548999974, 44.826961520000054 ], [ -85.578216553999937, 44.762878415000046 ], [ -85.526084901, 44.763168334000056 ], [ -85.406684878999954, 44.92811966000005 ], [ -85.369987487999936, 45.105674744000055 ], [ -85.390045167999972, 45.211593629000049 ], [ -85.373252871999966, 45.273548124000058 ], [ -85.305473329999984, 45.320384982000064 ], [ -85.272529603999942, 45.317985538000073 ], [ -85.163253782999959, 45.372146609000026 ], [ -84.985893247999968, 45.373188019000054 ], [ -84.921676635999972, 45.409904481000069 ], [ -85.046897884999964, 45.432399749000069 ], [ -85.117027281999981, 45.532608031000052 ], [ -85.120452877999981, 45.569786070000077 ], [ -85.078018185999952, 45.630195615000048 ], [ -85.011001586999953, 45.657279971000037 ], [ -84.948188783999967, 45.717449185000078 ], [ -84.972259518999977, 45.747562406000043 ], [ -85.008758540999963, 45.758392335000053 ], [ -84.807044984999948, 45.746978760000047 ], [ -84.784492488999945, 45.788784024000051 ], [ -84.724159243999964, 45.781646726000076 ], [ -84.560653683999988, 45.713485719000062 ], [ -84.465278626999975, 45.653640749000033 ], [ -84.417747494999958, 45.652324677000081 ], [ -84.416496276999965, 45.668762206000054 ], [ -84.321456909999938, 45.66561508500007 ], [ -84.205558775999975, 45.630905150000046 ], [ -84.135231016999967, 45.57134628600005 ], [ -84.105911255999956, 45.498756409000066 ], [ -83.922866820999957, 45.491744993000054 ], [ -83.844017024999971, 45.439037319000079 ], [ -83.77996826499998, 45.419860838000034 ], [ -83.782814026999972, 45.40945434300005 ], [ -83.712310790999936, 45.412384031000045 ], [ -83.592338560999963, 45.349487303000046 ], [ -83.501319888999944, 45.342723844000034 ], [ -83.495803832999968, 45.360786436000069 ], [ -83.48957061699997, 45.328922270000078 ], [ -83.394012450999981, 45.272899624000047 ], [ -83.420753477999938, 45.257175442000062 ], [ -83.373298644999977, 45.173099518000072 ], [ -83.324195864999979, 45.150260922000029 ], [ -83.327568051999947, 45.120666507000067 ], [ -83.300613404999979, 45.097003934000043 ], [ -83.327926638999941, 45.088653561000058 ], [ -83.318572998999969, 45.056652068000062 ], [ -83.265663144999962, 45.027206419000038 ], [ -83.356948853999938, 45.047428131000061 ], [ -83.392219543999943, 45.079235075000042 ], [ -83.444442748999961, 45.052780154000061 ], [ -83.45729827599996, 45.024993897000058 ], [ -83.433975219, 45.011131289000048 ], [ -83.455749514, 45.013488771000027 ], [ -83.464912416999937, 44.997890470000073 ], [ -83.429359432999945, 44.926296235000052 ], [ -83.328819276, 44.881916044000036 ], [ -83.280807493999987, 44.70317459000006 ], [ -83.319953917999953, 44.606262211000058 ], [ -83.341964723999979, 44.32990264700004 ], [ -83.384986873999935, 44.32138443100007 ], [ -83.460678102999964, 44.247669220000034 ], [ -83.455734254999982, 44.274383542000066 ], [ -83.52915954599996, 44.261272431000066 ], [ -83.568244935999985, 44.170124057000066 ], [ -83.586784363999982, 44.055183414000055 ], [ -83.673118590999934, 44.044414519000043 ], [ -83.692344661999982, 43.990940098000067 ], [ -83.744255068999962, 44.00963211100003 ], [ -83.759231566999972, 43.990657803000033 ], [ -83.845695495999962, 43.999862669000038 ], [ -83.918365478999988, 43.916999820000058 ], [ -83.906486513999937, 43.849117281000076 ], [ -83.927871703999983, 43.851837155000055 ], [ -83.951026915999989, 43.754749297000046 ], [ -83.918952944999944, 43.681350710000061 ], [ -83.860939022999958, 43.65471649300008 ], [ -83.847732540999971, 43.630447390000029 ], [ -83.842407228999946, 43.648910525000076 ], [ -83.699165342999947, 43.599632260000078 ], [ -83.654617306999967, 43.607414245000029 ], [ -83.530914303999964, 43.725948334000066 ], [ -83.522483825999984, 43.69910812300003 ], [ -83.494247436999956, 43.702838897000049 ], [ -83.396186828999987, 43.827922819000037 ], [ -83.393943783999987, 43.852912902000071 ], [ -83.341712953999945, 43.889286043000027 ], [ -83.344879153999955, 43.903579711000077 ], [ -83.409164425999961, 43.910209656000063 ], [ -83.40549469399997, 43.922817227000053 ], [ -83.323638915999936, 43.920387265000045 ], [ -83.294898987999943, 43.935482026000045 ], [ -83.269866941999965, 43.979492185000026 ], [ -83.072448733999977, 44.006137848000037 ], [ -83.030807494999976, 44.048839569000052 ], [ -82.940139767999938, 44.069946291000065 ], [ -82.805938717999936, 44.033557892000033 ], [ -82.727867123999943, 43.972480775000065 ], [ -82.618492125999978, 43.787864687000081 ], [ -82.593070982999961, 43.562385561000042 ], [ -82.541702271999952, 43.451065062000055 ], [ -82.528121951999935, 43.24275207800008 ], [ -82.492713927999944, 43.114074709000079 ], [ -82.419837950999977, 42.972465512000042 ], [ -82.471939087999942, 42.898666382000044 ], [ -82.487075803999971, 42.811519622000048 ], [ -82.473205562999965, 42.762901304000025 ], [ -82.518081662999975, 42.634082794000051 ], [ -82.547256470999969, 42.613647462000074 ], [ -82.645874026999934, 42.631729126000039 ], [ -82.633972169999936, 42.669395447000056 ], [ -82.700141908999967, 42.68927383700003 ], [ -82.820373532999952, 42.635799408000025 ], [ -82.782569884999987, 42.587833402000058 ], [ -82.785476681999967, 42.563850400000035 ], [ -82.833709716999977, 42.568603512000038 ], [ -82.863540650999937, 42.543708801000037 ], [ -82.888084407999941, 42.495761874000038 ], [ -82.874862666999945, 42.458072661000074 ], [ -82.892845153999986, 42.393974305000029 ], [ -83.108993531999943, 42.290664670000069 ], [ -83.193901058999984, 42.115749363000077 ], [ -83.191322324999987, 42.082401274000063 ], [ -83.211791992999963, 42.08887100100003 ], [ -83.185974119999969, 42.012466433000043 ], [ -83.211349487999939, 42.038780213000052 ], [ -83.217857357999947, 42.001739500000042 ], [ -83.250953675999938, 41.977416995000056 ], [ -83.288131714999963, 41.990165714000057 ], [ -83.263870237999981, 41.971218111000042 ], [ -83.268859860999953, 41.929138185000056 ], [ -83.300369260999958, 41.942955018000077 ], [ -83.338165281999977, 41.921104430000071 ], [ -83.338516236999965, 41.881988524000064 ], [ -83.364021297999955, 41.894126891000042 ], [ -83.433494569999937, 41.811908721000066 ], [ -83.431961058999946, 41.751331332000063 ], [ -83.454627990999938, 41.781520846000035 ], [ -83.481338499999936, 41.72554397600004 ], [ -83.452270508999959, 41.725971223000045 ], [ -83.471046447999981, 41.715053555000054 ], [ -83.436859131999938, 41.697074889000078 ], [ -83.364303585999949, 41.691310884000075 ], [ -83.343124388999968, 41.695915224000032 ], [ -83.344703675999938, 41.722221378000029 ], [ -83.318153377999977, 41.699321748000045 ], [ -83.333930967999947, 41.689056400000027 ], [ -83.06284332499996, 41.594661712000061 ], [ -82.985168459999954, 41.529350281000063 ], [ -82.930191037999975, 41.517597197000043 ], [ -82.867897033999952, 41.538406375000079 ], [ -82.848220823999952, 41.562412262000066 ], [ -82.858352657999944, 41.582447051000031 ], [ -82.829589844999987, 41.592285159000028 ], [ -82.815650936999987, 41.570583345000045 ], [ -82.88076781999996, 41.521949767000081 ], [ -82.83046722399996, 41.539058688000068 ], [ -82.809654233999936, 41.564472198000033 ], [ -82.79728698699995, 41.547248841000055 ], [ -82.825630184999966, 41.531982423000045 ], [ -82.76377105499995, 41.550899503000039 ], [ -82.704292296999938, 41.53604888600006 ], [ -82.70589446799994, 41.499618531000067 ], [ -82.731559754999978, 41.514484406000065 ], [ -82.822540285999935, 41.491195678000054 ], [ -82.958763120999947, 41.490016934000039 ], [ -82.988426211, 41.461013790000038 ], [ -83.070259096999962, 41.455665587000055 ], [ -83.042922971999985, 41.443668365000065 ], [ -82.987319946999946, 41.454696656000067 ], [ -82.997322078999957, 41.425628665000033 ], [ -82.979431151999961, 41.440032956000039 ], [ -82.971794126999953, 41.420810698000025 ], [ -82.974090573999945, 41.450263974000052 ], [ -82.937660217999962, 41.423629764000054 ], [ -82.908927915999982, 41.429470062000064 ], [ -82.806648252999935, 41.475944519000052 ], [ -82.76582336499996, 41.447170262000043 ], [ -82.742332455999986, 41.461315156000069 ], [ -82.666976929999976, 41.454830171000026 ], [ -82.678009033999956, 41.446201324000072 ], [ -82.652343746999975, 41.447692873000051 ], [ -82.603446960999975, 41.41646576100004 ], [ -82.691238399999975, 41.492488859000048 ], [ -82.586166382999977, 41.418571472000053 ], [ -82.504753111999946, 41.386325836000026 ], [ -82.341392518999953, 41.431678770000076 ], [ -82.269233702999941, 41.429382324000073 ], [ -82.184646605999944, 41.476123810000047 ], [ -82.014739992999978, 41.515388489000031 ], [ -81.868553160999966, 41.484558108000044 ], [ -81.814086910999947, 41.496849061000034 ], [ -81.748710632999973, 41.489414218000036 ], [ -81.478263855999955, 41.631240847000072 ], [ -81.361419676999958, 41.724327089000042 ], [ -80.778968809999981, 41.918117520000067 ], [ -80.556800842999962, 41.961296084000026 ], [ -80.52058410799998, 41.986297605000061 ], [ -80.201484681999943, 42.092559812000047 ], [ -80.144691467999962, 42.152507781000054 ], [ -80.110328673999959, 42.166030887000034 ], [ -80.08287047999994, 42.163925169000038 ], [ -80.082473756999946, 42.152095792000068 ], [ -80.133171082999979, 42.143215182000063 ], [ -80.158416748999969, 42.119441986000027 ], [ -79.677963257999977, 42.297584535000055 ], [ -79.444587709999951, 42.419094089000055 ], [ -79.355110165999974, 42.493362429000058 ], [ -79.142227171999934, 42.57461548200007 ], [ -79.110542295999949, 42.622913364000055 ], [ -79.061027527999954, 42.653972623000072 ], [ -79.043724058999942, 42.699253085000066 ], [ -78.915382385999976, 42.747856139000078 ], [ -78.859161378999943, 42.792751309000039 ], [ -78.856140139, 42.829738620000057 ], [ -78.936546322999959, 42.974239348000026 ], [ -78.882820131999949, 43.021331788000055 ], [ -78.889007571999969, 43.046604159000026 ], [ -78.925590511999985, 43.06663513400008 ], [ -79.061103820999961, 43.090614317000075 ], [ -79.065818783999987, 43.120491027000071 ], [ -79.039314266999952, 43.144748684000035 ], [ -79.046226499999989, 43.256084442000031 ], [ -79.062232968999979, 43.268226622000043 ], [ -78.615135191999968, 43.362148287000025 ], [ -77.992012021999983, 43.365577696000059 ], [ -77.745002744999965, 43.335174561000031 ], [ -77.575691224999957, 43.241550449000044 ], [ -77.377311704999954, 43.275711062000028 ], [ -77.097923277999939, 43.290565491000052 ], [ -76.990402220999954, 43.278945921000059 ], [ -76.924819947999936, 43.216705319000027 ], [ -76.951423647999945, 43.279830933000028 ], [ -76.849845886999958, 43.303920745000028 ], [ -76.831054688999984, 43.275653840000075 ], [ -76.831657405999977, 43.305683136000027 ], [ -76.77730560699996, 43.315944670000079 ], [ -76.736816406999935, 43.342742920000035 ], [ -76.731185915999959, 43.327838894000081 ], [ -76.720375057999945, 43.344921111000076 ], [ -76.718467714999974, 43.323455807000073 ], [ -76.619247434999977, 43.414325715000075 ], [ -76.420669553999971, 43.522384642000077 ], [ -76.299789428999986, 43.514080046000061 ], [ -76.241569520999974, 43.529193878000058 ], [ -76.208007811999948, 43.565731050000068 ], [ -76.180252072999963, 43.567100523000079 ], [ -76.207832335999967, 43.579849241000034 ], [ -76.207923886999936, 43.621734618000062 ], [ -76.19250488299997, 43.614253997000048 ], [ -76.16008758199996, 43.648937229000069 ], [ -76.191314700999953, 43.675743103000059 ], [ -76.204582216999938, 43.635910037000031 ], [ -76.237106320999942, 43.817981721000081 ], [ -76.275283814999966, 43.821891785000048 ], [ -76.271331787999941, 43.836532595000051 ], [ -76.29801940599998, 43.83789444100006 ], [ -76.300987244999988, 43.850597383000036 ], [ -76.274642947999951, 43.878837585000042 ], [ -76.226051332999987, 43.887409210000044 ], [ -76.234367368999983, 43.869960788000071 ], [ -76.209098817999973, 43.853984836000052 ], [ -76.137382507999973, 43.893886563000081 ], [ -76.143905642999982, 43.939792633000025 ], [ -76.081428528999936, 43.974044797000033 ], [ -76.070198056999971, 43.960102083000038 ], [ -76.052452089999974, 43.999462127000072 ], [ -76.073875429999987, 43.99739837900006 ], [ -76.078781127999946, 44.01236343000005 ], [ -76.156715395999981, 43.963272096000026 ], [ -76.204620359999979, 43.970687869000074 ], [ -76.197158811999941, 43.995414736000043 ], [ -76.127319333999935, 44.018878940000036 ], [ -76.112304685999959, 44.04737091100003 ], [ -76.161369322999974, 44.029720308000037 ], [ -76.139244081999948, 44.054229736000025 ], [ -76.149154662999933, 44.065921785000057 ], [ -76.205566405999946, 44.058616635000078 ], [ -76.21258544799997, 44.079002378000041 ], [ -76.265380859999937, 44.058513638000079 ], [ -76.292518616999985, 44.032989505000046 ], [ -76.277259824999987, 44.033248900000046 ], [ -76.285629275999952, 44.017158506000044 ], [ -76.305152891999967, 44.011348725000062 ], [ -76.300491330999989, 44.061557770000036 ], [ -76.327919006999934, 44.063358310000069 ], [ -76.324600221999958, 44.078002931000071 ], [ -76.361312863999956, 44.071884159000035 ], [ -76.365242006999949, 44.111461642000052 ], [ -76.201530459999958, 44.209083557000042 ], [ -76.015785214999937, 44.268096925000066 ], [ -75.922187808, 44.343799593000028 ], [ -75.845527648999962, 44.367687224000065 ], [ -75.860023497999975, 44.383445736000056 ], [ -75.815299984999967, 44.408687589000067 ], [ -75.810546872999964, 44.398262023000029 ], [ -75.777839657999948, 44.430503847000068 ], [ -75.754028318999985, 44.361862185000064 ], [ -75.699966432999986, 44.284858704000044 ], [ -75.68450927899994, 44.093612670000027 ], [ -75.694412234999959, 44.006046296000079 ], [ -75.882743837999953, 43.882495879000032 ], [ -75.956649778999974, 43.793819428000063 ], [ -75.981513979999988, 43.701015473000041 ], [ -75.98200226199998, 43.630935671000032 ], [ -75.903076173999978, 43.516151427000068 ], [ -75.811203004999982, 43.443634031000045 ], [ -75.568672178999975, 43.317871092000075 ], [ -75.48030853299997, 43.225078583000027 ], [ -75.492996216999984, 43.141399381000042 ], [ -75.627243041999975, 43.114543912000045 ], [ -76.159301754999944, 43.06196594000005 ], [ -76.323623658999963, 43.005271910000033 ], [ -76.523872378999954, 42.902133940000056 ], [ -76.826133724999977, 42.819564816000025 ], [ -77.387481688999969, 42.84393310300004 ], [ -77.675727841999958, 42.825309750000031 ], [ -78.016113280999946, 42.873477938000065 ], [ -78.165397645999974, 42.875473026000066 ], [ -78.500022884999964, 42.81295013700003 ], [ -78.619110109999951, 42.752182004000076 ], [ -78.915863033999983, 42.535861968000063 ], [ -79.291740415999982, 42.388236996000046 ], [ -79.601837155999988, 42.293289187000028 ], [ -79.800460811999983, 42.214527130000079 ], [ -80.094779969999934, 42.064949033000062 ], [ -80.276824949999934, 41.992507936000038 ], [ -80.72003936699997, 41.915214536000065 ], [ -80.917228696999985, 41.837512967000066 ], [ -81.118667605999974, 41.723384857000042 ], [ -81.486541748999969, 41.55635071100005 ], [ -81.674018858999943, 41.490375522000079 ], [ -81.807586666999953, 41.423454287000027 ], [ -82.247032167999976, 41.421012880000035 ], [ -82.550941468999952, 41.27268981900005 ], [ -82.721427913999946, 41.214042663000043 ], [ -82.916412354999977, 41.218669895000062 ], [ -83.228271484999937, 41.139625550000062 ], [ -83.335311886999989, 41.131511689000035 ], [ -83.470207212999981, 41.144088743000054 ], [ -83.664787290999982, 41.075668334000056 ], [ -83.942672731999949, 40.888717648000068 ], [ -84.075737, 40.83720016500007 ], [ -84.33457946599998, 40.841098784000053 ], [ -84.916183471999943, 41.043296816000066 ], [ -85.17259216399998, 41.021797182000057 ], [ -85.399658202999944, 40.947334286000057 ], [ -85.483726500999978, 40.882282259000078 ], [ -86.013587951999966, 40.773921966000046 ], [ -86.464836116999948, 40.745418549000078 ], [ -86.859275817999958, 40.764499666000063 ], [ -87.095672604999947, 40.746555330000035 ], [ -87.236206054999968, 40.758434295000029 ], [ -87.47751617299997, 40.851917268000079 ], [ -87.612915038999972, 40.945987698000067 ], [ -88.056678771999941, 41.31174087800008 ], [ -88.131599425, 41.467685699000072 ], [ -88.249206540999978, 41.596477510000057 ], [ -88.30024719499994, 41.692447665000032 ], [ -88.332283016999952, 41.919147492000036 ], [ -88.385208129999967, 42.038173675000053 ], [ -88.487861631999976, 42.143272397000032 ], [ -88.566795345999935, 42.265731808000055 ], [ -88.599838255999941, 42.35925674300006 ], [ -88.615570070999979, 42.485073091000061 ], [ -88.655021665999982, 42.580635071000074 ], [ -88.990310669999985, 42.703521729000045 ], [ -89.325111386999936, 42.857402801000035 ], [ -89.42352294799997, 42.929466246000061 ], [ -89.475257871999986, 43.007999417000065 ], [ -89.505950924999979, 43.029159549000042 ], [ -89.550979617999985, 43.358276365000052 ], [ -89.538833615999977, 43.456619261000071 ], [ -89.499267579, 43.543582918000027 ], [ -89.535896302999959, 43.765018465000026 ], [ -89.519340517999979, 43.861484527000073 ], [ -89.551475524999944, 44.119415285000059 ], [ -89.500358584999958, 44.327163695000081 ], [ -89.471069332999946, 44.527786253000045 ], [ -89.350273133999963, 44.547538754000072 ], [ -89.056510924999941, 44.652332304000026 ], [ -88.978225710999936, 44.744441984000048 ], [ -88.874557496999955, 44.917858125000066 ], [ -88.501640320999968, 45.060390476000066 ], [ -88.097564693999971, 45.242465973000037 ], [ -87.91890716599994, 45.330821994000075 ], [ -87.802795412999956, 45.411148073000049 ], [ -87.740959165999982, 45.494148257000063 ], [ -87.690925598999968, 45.629245757000035 ], [ -87.661270141999978, 45.833179475000065 ], [ -87.600509641999963, 45.959388732000036 ], [ -87.483787539, 46.058563229000072 ], [ -87.413696289999962, 46.180702211000039 ], [ -87.401702882999984, 46.288486484000032 ], [ -87.368370052999978, 46.39767837200003 ], [ -87.30676269199995, 46.502250669000034 ] ] ] } },
{ "type": "Feature", "properties": { "PROVINCE": "CENTRAL LOWLAND" }, "geometry": { "type": "Polygon", "coordinates": [ [ [ -86.680030822999981, 46.462100982000038 ], [ -86.70230102499994, 46.543716430000075 ], [ -86.678939819999982, 46.564792633000081 ], [ -86.647315978999984, 46.562763214000029 ], [ -86.619293212999935, 46.52365493800005 ], [ -86.637199401999965, 46.491470337000067 ], [ -86.603088378999985, 46.486629486000027 ], [ -86.61614227299998, 46.459850311000025 ], [ -86.637748718999944, 46.463516236000032 ], [ -86.631996154999968, 46.474399567000034 ], [ -86.680030822999981, 46.462100982000038 ] ] ] } },
{ "type": "Feature", "properties": { "PROVINCE": "CENTRAL LOWLAND" }, "geometry": { "type": "Polygon", "coordinates": [ [ [ -84.124176025999986, 46.324001312000064 ], [ -84.173805236999954, 46.337879181000062 ], [ -84.248809813999969, 46.46424102800006 ], [ -84.279731749999939, 46.474143982000044 ], [ -84.213058471999943, 46.531257629000038 ], [ -84.126800536999951, 46.518714905000081 ], [ -84.192382811999948, 46.42671585100004 ], [ -84.138237, 46.36998748700006 ], [ -84.112518309999984, 46.329505920000031 ], [ -84.124176025999986, 46.324001312000064 ] ] ] } },
{ "type": "Feature", "properties": { "PROVINCE": "PACIFIC BORDER" }, "geometry": { "type": "Polygon", "coordinates": [ [ [ -123.969390869, 46.427272796000068 ], [ -124.000152588, 46.455566406000059 ], [ -123.987121581999986, 46.494838715000071 ], [ -123.981781004999959, 46.469371796000075 ], [ -123.950187683999957, 46.464553833000025 ], [ -123.945739745999958, 46.416069031000063 ], [ -123.960380554999972, 46.410728454000036 ], [ -123.969390869, 46.427272796000068 ] ] ] } },
{ "type": "Feature", "properties": { "PROVINCE": "CENTRAL LOWLAND" }, "geometry": { "type": "Polygon", "coordinates": [ [ [ -84.135215759999937, 46.228553772000055 ], [ -84.152763366999977, 46.215023041000052 ], [ -84.198944090999987, 46.287471771000071 ], [ -84.198715209999989, 46.323253632000046 ], [ -84.143783568999936, 46.317886353000063 ], [ -84.121376037999937, 46.293609619000051 ], [ -84.107299803999979, 46.248092652000025 ], [ -84.135215759999937, 46.228553772000055 ] ] ] } },
{ "type": "Feature", "properties": { "PROVINCE": "PACIFIC BORDER" }, "geometry": { "type": "Polygon", "coordinates": [ [ [ -123.609230041999979, 46.216037750000055 ], [ -123.554199218999941, 46.238899231000062 ], [ -123.581626891999974, 46.210029602000077 ], [ -123.609230041999979, 46.216037750000055 ] ] ] } },
{ "type": "Feature", "properties": { "PROVINCE": "COLUMBIA PLATEAU" }, "geometry": { "type": "Polygon", "coordinates": [ [ [ -116.676963805999947, 45.47911453200004 ], [ -116.701530455999944, 45.464763641000047 ], [ -116.729042052999944, 45.359184265000067 ], [ -116.707710264999946, 45.139995575000057 ], [ -117.090057372999979, 44.96871948200004 ], [ -117.201766967999959, 44.936382293000065 ], [ -117.361709594, 44.953025817000025 ], [ -117.645935057999964, 45.07041931200007 ], [ -117.880546569999979, 45.016700745000037 ], [ -117.929565428999979, 44.948875428000065 ], [ -117.935890197, 44.891742706000059 ], [ -117.89296722399996, 44.784381867000036 ], [ -117.781608580999944, 44.617446899000072 ], [ -117.799194334999981, 44.515178680000076 ], [ -117.854820250999978, 44.477962494000053 ], [ -117.911552428, 44.39419937100007 ], [ -117.836799621999944, 44.273517609000066 ], [ -117.897994995999966, 44.214534760000049 ], [ -117.982940672999973, 44.163997651000045 ], [ -118.312652588, 44.023818970000036 ], [ -118.467071531999977, 44.006427765000069 ], [ -118.656692504999967, 44.003005982000047 ], [ -118.967582702999948, 44.127971649000074 ], [ -119.240943908999952, 44.094909668000071 ], [ -119.360397338999974, 44.116588592000028 ], [ -119.389488219999976, 44.195590974000027 ], [ -119.328781127999946, 44.240856171000075 ], [ -118.894195556999989, 44.343128205000028 ], [ -118.880187987999989, 44.408096313000044 ], [ -118.924530028999982, 44.461997985000039 ], [ -119.111854552999944, 44.495021819000044 ], [ -119.200912474999939, 44.525897980000025 ], [ -119.322280882999962, 44.59041977000004 ], [ -119.382369993999987, 44.669918060000043 ], [ -119.314910887999986, 44.734127045000037 ], [ -118.935455321999939, 44.854804994000062 ], [ -118.936042785999973, 44.926673889000028 ], [ -119.001838684999939, 44.979740143000072 ], [ -119.371032713999966, 44.889595032000045 ], [ -119.511856078999983, 44.907028198000035 ], [ -119.593643187999987, 44.963047027000073 ], [ -119.556404113999974, 45.015132904000041 ], [ -119.430671691999976, 45.092422485000043 ], [ -119.079833983999947, 45.17286682200006 ], [ -118.874908447999985, 45.245971680000025 ], [ -118.455024719, 45.508560181000064 ], [ -118.284767150999983, 45.669891358000029 ], [ -118.192222594999976, 45.789508820000037 ], [ -117.997100829999965, 45.969520568000064 ], [ -117.734573363999971, 46.132549286000028 ], [ -117.522911071999943, 46.226615906000063 ], [ -117.228157042999953, 46.217853546000072 ], [ -117.054290771999945, 46.180942535000042 ], [ -116.762031554999965, 46.074394226000038 ], [ -116.816703796999946, 46.016899109000065 ], [ -116.845611571999939, 45.941390991000048 ], [ -116.829971313999977, 45.898895263000043 ], [ -116.827720642999964, 45.797058106000065 ], [ -116.73709869399994, 45.569160461000081 ], [ -116.676963805999947, 45.47911453200004 ] ] ] } },
{ "type": "Feature", "properties": { "PROVINCE": "NEW ENGLAND" }, "geometry": { "type": "Polygon", "coordinates": [ [ [ -70.252754210999967, 45.907470703000058 ], [ -69.762222289999954, 45.871204376000037 ], [ -69.562820434999935, 45.893329621000078 ], [ -69.298324584999989, 45.949432374000025 ], [ -68.712409973999968, 46.216594696000072 ], [ -68.648948668999935, 46.16251754700005 ], [ -68.704689025999983, 46.049076080000077 ], [ -68.778862, 45.977096559000074 ], [ -68.948966978999977, 45.854389191000053 ], [ -69.010269164999954, 45.777629853000064 ], [ -68.999900818999947, 45.715744018000066 ], [ -68.958801268999935, 45.665710450000063 ], [ -68.947242737999943, 45.619594573000029 ], [ -68.99774169899996, 45.575607300000058 ], [ -69.075889586999949, 45.570327759000065 ], [ -69.134071349999942, 45.529735565000067 ], [ -69.161933898999962, 45.486694335000038 ], [ -69.228492736999954, 45.448078155000076 ], [ -69.362884520999955, 45.431976318000068 ], [ -69.439041136999947, 45.406764985000052 ], [ -69.532279967999955, 45.270156860000043 ], [ -69.790069580999955, 45.218597412000065 ], [ -69.84096526999997, 45.161621094000054 ], [ -69.83560943599997, 45.064300538000055 ], [ -69.854690550999976, 45.017532350000067 ], [ -69.825813293999943, 44.975585937000062 ], [ -69.893035888999975, 44.965656280000076 ], [ -69.945960998999965, 45.045185088000039 ], [ -70.065567017999967, 45.021709443000077 ], [ -70.140190124999947, 44.968536377000078 ], [ -70.171760559999939, 44.929420472000061 ], [ -70.186950683999953, 44.870517730000074 ], [ -70.145401000999982, 44.677059173000032 ], [ -70.236183167999968, 44.431118013000059 ], [ -70.327323912999987, 44.384929657000043 ], [ -70.568954467999959, 44.358528137000064 ], [ -70.644317626999964, 44.329288482000038 ], [ -70.738891601999967, 44.259643555000025 ], [ -70.881256103999988, 44.246940613000049 ], [ -70.93769836499996, 44.202117920000035 ], [ -70.984558105999952, 44.137584686000025 ], [ -70.991287231999934, 44.038581849000025 ], [ -71.055717467999955, 44.025821686000029 ], [ -71.219581604999973, 43.934574127000076 ], [ -71.443275451999966, 43.848270416000048 ], [ -71.595306395999955, 43.918155671000079 ], [ -71.740165709999985, 43.83961486700008 ], [ -71.823905944999979, 43.849754335000057 ], [ -71.824859619999984, 43.899383546000081 ], [ -71.796859739999945, 43.966693877000068 ], [ -71.809219360999975, 44.068252564000034 ], [ -71.704566954999962, 44.195571899000072 ], [ -71.705673216999969, 44.412937164000027 ], [ -71.731689453999934, 44.458511352000073 ], [ -71.937034606999987, 44.528495789000033 ], [ -71.965225219999979, 44.569721222000055 ], [ -72.042381286999955, 44.586311341000055 ], [ -72.210151672999984, 44.532730103000063 ], [ -72.224205016999974, 44.610832215000073 ], [ -72.180999755999949, 44.680809020000027 ], [ -71.987792968999941, 44.854335785000046 ], [ -71.875434875999986, 44.89246749800003 ], [ -71.69231414799998, 45.010665894000056 ], [ -71.505371094999987, 45.013351440000065 ], [ -71.502998350999974, 45.059894561000078 ], [ -71.430404662999933, 45.116989136000029 ], [ -71.435783384999979, 45.145416259000058 ], [ -71.402519225999981, 45.202800750000051 ], [ -71.446563719999972, 45.236087800000064 ], [ -71.386375427999951, 45.234931947000064 ], [ -71.297233580999944, 45.293495179000047 ], [ -71.15309143099995, 45.237976075000063 ], [ -71.087509155999953, 45.301467896000077 ], [ -71.01992034899996, 45.319644928000059 ], [ -71.009788512999933, 45.343193055000029 ], [ -70.959381102999942, 45.338867187000062 ], [ -70.876441955999951, 45.225444794000055 ], [ -70.812660217999962, 45.354675292000081 ], [ -70.829124450999984, 45.390727997000056 ], [ -70.796966552999947, 45.425170897000044 ], [ -70.749549865999938, 45.42495346000004 ], [ -70.682189940999933, 45.381706238000049 ], [ -70.634925841999973, 45.391967774000079 ], [ -70.643722532999959, 45.423736572000053 ], [ -70.72145080599995, 45.481433869000057 ], [ -70.719902038999976, 45.512950898000042 ], [ -70.666839599999946, 45.585754394000048 ], [ -70.552268981999987, 45.660663606000071 ], [ -70.396385192999958, 45.722042084000066 ], [ -70.416206359999933, 45.790313720000029 ], [ -70.252754210999967, 45.907470703000058 ] ] ] } },
{ "type": "Feature", "properties": { "PROVINCE": "PACIFIC BORDER" }, "geometry": { "type": "Polygon", "coordinates": [ [ [ -123.32817840499996, 46.15619659400005 ], [ -123.415374754999959, 46.171092987000065 ], [ -123.421356200999981, 46.193817139000032 ], [ -123.372985838999966, 46.18370056200007 ], [ -123.32817840499996, 46.15619659400005 ] ] ] } },
{ "type": "Feature", "properties": { "PROVINCE": "PACIFIC BORDER" }, "geometry": { "type": "Polygon", "coordinates": [ [ [ -123.415374754999959, 46.171092987000065 ], [ -123.352836608999951, 46.152057648000039 ], [ -123.400299071999939, 46.153045654000039 ], [ -123.415374754999959, 46.171092987000065 ] ] ] } },
{ "type": "Feature", "properties": { "PROVINCE": "CENTRAL LOWLAND" }, "geometry": { "type": "Polygon", "coordinates": [ [ [ -83.624755858999947, 45.950176239000029 ], [ -83.711341857999969, 45.934638977000077 ], [ -83.77310943599997, 45.955596924000076 ], [ -83.798515319999979, 45.934658051000042 ], [ -83.818252563999977, 45.964370727000073 ], [ -83.841285705999951, 45.955703735000043 ], [ -83.852806090999934, 45.99744415300006 ], [ -83.886810302999947, 45.975471497000058 ], [ -83.848632811999948, 46.02340698200004 ], [ -83.801109313999973, 45.988407135000045 ], [ -83.756416320999961, 46.027336121000076 ], [ -83.673599242999956, 46.036190033000025 ], [ -83.680320739999956, 46.071792603000063 ], [ -83.732444763, 46.084102631000064 ], [ -83.707092284999987, 46.103664398000035 ], [ -83.589500426999962, 46.088512421000075 ], [ -83.533988952999948, 46.011787415000072 ], [ -83.473182677999944, 45.987548828000058 ], [ -83.525016783999945, 45.921974182000042 ], [ -83.585647582999968, 45.918212890000063 ], [ -83.610549926999965, 45.940383911000026 ], [ -83.631317137999986, 45.93532562300004 ], [ -83.624755858999947, 45.950176239000029 ] ] ] } },
{ "type": "Feature", "properties": { "PROVINCE": "CENTRAL LOWLAND" }, "geometry": { "type": "Polygon", "coordinates": [ [ [ -84.405258178999986, 45.952369690000069 ], [ -84.426300048999963, 45.960033417000034 ], [ -84.416221618999941, 45.988990784000066 ], [ -84.391265868999938, 45.989429474000076 ], [ -84.337478637999936, 45.947521209000058 ], [ -84.378784178999979, 45.947254181000062 ], [ -84.380493163999972, 45.933567047000054 ], [ -84.405258178999986, 45.952369690000069 ] ] ] } },
{ "type": "Feature", "properties": { "PROVINCE": "CENTRAL LOWLAND" }, "geometry": { "type": "Polygon", "coordinates": [ [ [ -84.339363097999978, 45.965465546000075 ], [ -84.338928222999982, 45.987911224000072 ], [ -84.316009520999955, 45.962284088000047 ], [ -84.339363097999978, 45.965465546000075 ] ] ] } },
{ "type": "Feature", "properties": { "PROVINCE": "CENTRAL LOWLAND" }, "geometry": { "type": "Polygon", "coordinates": [ [ [ -84.621902465999938, 45.848987579000038 ], [ -84.643936156999985, 45.860774993000064 ], [ -84.635375976999967, 45.888412476000042 ], [ -84.594436644999973, 45.857620239000028 ], [ -84.621902465999938, 45.848987579000038 ] ] ] } },
{ "type": "Feature", "properties": { "PROVINCE": "CENTRAL LOWLAND" }, "geometry": { "type": "Polygon", "coordinates": [ [ [ -85.475143432999971, 45.779445648000035 ], [ -85.502586364999956, 45.77934646600005 ], [ -85.49238586499996, 45.796897888000046 ], [ -85.527420043999939, 45.801132202000076 ], [ -85.517951964999952, 45.828327179000041 ], [ -85.453567504999967, 45.801239013000043 ], [ -85.452316283999949, 45.778766632000043 ], [ -85.475143432999971, 45.779445648000035 ] ] ] } },
{ "type": "Feature", "properties": { "PROVINCE": "CENTRAL LOWLAND" }, "geometry": { "type": "Polygon", "coordinates": [ [ [ -85.355804442999954, 45.786384583000029 ], [ -85.385696411999959, 45.778594971000075 ], [ -85.364707945999953, 45.821910858000081 ], [ -85.345481872999983, 45.805301667000037 ], [ -85.355804442999954, 45.786384583000029 ] ] ] } },
{ "type": "Feature", "properties": { "PROVINCE": "CENTRAL LOWLAND" }, "geometry": { "type": "Polygon", "coordinates": [ [ [ -84.502838135, 45.753040314000032 ], [ -84.578369140999939, 45.800693512000066 ], [ -84.575645446999943, 45.819831848000035 ], [ -84.424781799999948, 45.791362762000063 ], [ -84.419563293999943, 45.816822052000077 ], [ -84.396270751999964, 45.788002014000028 ], [ -84.351661681999985, 45.773029328000064 ], [ -84.412628172999973, 45.719451905000028 ], [ -84.484153747999983, 45.732192993000069 ], [ -84.502838135, 45.753040314000032 ] ] ] } },
{ "type": "Feature", "properties": { "PROVINCE": "MIDDLE ROCKY MOUNTAINS" }, "geometry": { "type": "Polygon", "coordinates": [ [ [ -110.137367248999965, 45.774623871000074 ], [ -110.13851165799997, 45.744361879000053 ], [ -110.042083740999942, 45.680187224000065 ], [ -109.836784361999946, 45.594600679000052 ], [ -109.675773620999962, 45.558151245000033 ], [ -109.538993834999985, 45.494831085000044 ], [ -109.38870239299996, 45.452007293000065 ], [ -109.040878296999949, 45.399578094000049 ], [ -108.505271912999945, 45.33476257500007 ], [ -108.338714598999957, 45.340221406000069 ], [ -108.255187989999968, 45.324481963000039 ], [ -107.714065552999955, 45.109390259000065 ], [ -107.53108978399996, 45.009662630000037 ], [ -107.303520200999969, 44.835304260000044 ], [ -107.055053710999971, 44.687938689000077 ], [ -106.851066587999981, 44.448261259000049 ], [ -106.728477479, 44.159755708000034 ], [ -106.731132508999963, 43.945281983000029 ], [ -106.704513551, 43.810050964000027 ], [ -106.71987914999994, 43.685649872000056 ], [ -106.76410674899995, 43.54759597900005 ], [ -106.842369079999969, 43.428985597000064 ], [ -106.912750245999973, 43.37175750800003 ], [ -107.055587767999953, 43.298538207000036 ], [ -107.139038084999981, 43.281585695000047 ], [ -107.355758667999964, 43.306941985000037 ], [ -107.441841124999939, 43.356647492000036 ], [ -107.554763793999939, 43.381454467000026 ], [ -108.152175901999954, 43.361579895000034 ], [ -108.294021605999944, 43.384429931000057 ], [ -108.530357361999961, 43.389648438000052 ], [ -108.676422119999984, 43.421203613000046 ], [ -108.791793821999988, 43.465312958000027 ], [ -109.265419004999956, 43.701633452000067 ], [ -109.499893189999966, 43.784965515000067 ], [ -109.745460510999976, 43.791473387000053 ], [ -109.873275755999941, 43.74042892500006 ], [ -109.881217957, 43.674011231000065 ], [ -109.820686340999941, 43.62168502600008 ], [ -109.522994993999987, 43.49160766600005 ], [ -109.426223754999967, 43.433433533000027 ], [ -109.13355255, 43.218730927000081 ], [ -108.84273529099994, 42.921623229000033 ], [ -108.744926450999969, 42.848602295000035 ], [ -108.421249388999968, 42.694370268000057 ], [ -108.31414794799997, 42.601142882000033 ], [ -108.276748655999938, 42.504184723000037 ], [ -108.310150144999966, 42.43540573100006 ], [ -108.45882415899996, 42.340812682000035 ], [ -108.565856932999964, 42.341270447000056 ], [ -108.696891785, 42.364742278000051 ], [ -108.829093932999967, 42.416687013000058 ], [ -109.287536621999948, 42.764644622000048 ], [ -109.787193298999966, 43.037513733000026 ], [ -110.096603392999953, 43.147983552000028 ], [ -110.379196167999964, 43.32143783500004 ], [ -110.490287778999971, 43.290870667000036 ], [ -110.535949707999976, 43.207229614000028 ], [ -110.521820067999954, 43.114658354000028 ], [ -110.448616026999957, 43.005081175000043 ], [ -110.366905212999939, 42.815017700000055 ], [ -110.349761961999945, 42.686077119000061 ], [ -110.352951048999955, 42.233959198000036 ], [ -110.411582946999943, 41.957466127000032 ], [ -110.413238525999986, 41.863132477000079 ], [ -110.376762389999953, 41.752494813000055 ], [ -110.437294007, 41.443981171000075 ], [ -110.556915283999956, 41.284885407000047 ], [ -110.655235289999951, 41.118667603000063 ], [ -110.678359984999986, 41.004329680000069 ], [ -110.648689270999967, 40.934501648000037 ], [ -110.54991150099994, 40.933330537000074 ], [ -110.091094971999951, 41.057826996000074 ], [ -109.690330503999974, 40.981239319000053 ], [ -109.138542174999941, 41.016487123000047 ], [ -108.952575684999942, 41.005531311000027 ], [ -108.786155698999949, 40.936443329000042 ], [ -108.701828002999946, 40.810958862000064 ], [ -108.779335021999941, 40.696197511000037 ], [ -108.784317017999967, 40.652610778000053 ], [ -108.605758665999986, 40.616390228000057 ], [ -108.523223875999975, 40.581542969000054 ], [ -108.487792969999987, 40.474960327000076 ], [ -108.512481689999959, 40.410221099000069 ], [ -108.604217528999982, 40.364448548000041 ], [ -108.649665831, 40.321617126000035 ], [ -108.908996582999976, 40.280952452000065 ], [ -109.147796630999949, 40.326396943000077 ], [ -109.186012268999946, 40.373424529000033 ], [ -109.117431641999985, 40.415695189000076 ], [ -109.082923889999961, 40.459163665000062 ], [ -109.149421691999976, 40.509635924000065 ], [ -109.27935028099995, 40.51191330100005 ], [ -109.657554627999957, 40.456943513000056 ], [ -109.796646118999945, 40.473587038000062 ], [ -109.912826536999944, 40.535663606000071 ], [ -110.042823791999979, 40.537082671000064 ], [ -110.505584715999987, 40.43798828000007 ], [ -110.556541442999958, 40.406570435000049 ], [ -110.72200012199994, 40.374423981000064 ], [ -110.802474975999985, 40.342601775000048 ], [ -110.919357298999955, 40.343013763000044 ], [ -111.003540038999972, 40.369564057000048 ], [ -111.091789245999962, 40.374855041000046 ], [ -111.147003174999952, 40.334705352000071 ], [ -111.151184082999976, 40.254558564000035 ], [ -111.052825929, 40.089668273000029 ], [ -111.045700072999978, 39.994968414000027 ], [ -111.095817566, 39.961856842000032 ], [ -111.152297972999975, 39.965900421000072 ], [ -111.226982115999988, 39.942764282000041 ], [ -111.333267211999953, 39.816741943000068 ], [ -111.396949768999946, 39.769130708000034 ], [ -111.46735382199995, 39.723827362000065 ], [ -111.537117003, 39.715187073000038 ], [ -111.596710203999976, 39.762878418000071 ], [ -111.505111694, 39.919715882000048 ], [ -111.480705261999958, 40.051689148000037 ], [ -111.49614715599995, 40.123020172000054 ], [ -111.67952728299997, 40.474258422000048 ], [ -111.748168945999964, 40.723587036000026 ], [ -111.759597778999989, 40.87824630800003 ], [ -111.819732666, 41.066535951000048 ], [ -111.831886290999989, 41.203601837000065 ], [ -111.889976499999989, 41.333209991000047 ], [ -111.962295531999985, 41.613960267000039 ], [ -111.929260254999974, 41.694732668000029 ], [ -111.88694000199996, 41.727287292000028 ], [ -111.755462646999945, 41.704280852000068 ], [ -111.693450925999969, 41.820594787000061 ], [ -111.71313476499995, 42.02539444100006 ], [ -111.706062316999976, 42.125175474000059 ], [ -111.734573362999981, 42.356021880000071 ], [ -111.676261900999975, 42.443233490000068 ], [ -111.391479489999938, 42.700977327000032 ], [ -111.353836058999946, 42.756748199000072 ], [ -111.379043578, 42.854164124000079 ], [ -111.64703369199998, 43.21149063200005 ], [ -111.718391417999953, 43.320541383000034 ], [ -111.728584288999969, 43.367031098000041 ], [ -111.484222412999941, 43.596252442000036 ], [ -111.257667542999968, 43.864250182000035 ], [ -111.169982908999941, 44.087646484000061 ], [ -111.154762266999967, 44.201408387000072 ], [ -111.170783995999955, 44.276153565000072 ], [ -111.255615235999983, 44.390308382000057 ], [ -111.335838317999958, 44.421634673000028 ], [ -111.313507080999955, 44.467826844000058 ], [ -111.034461974999942, 44.711803438000061 ], [ -110.799789429999976, 44.817081452000025 ], [ -110.748809814999959, 44.85199355900005 ], [ -110.689743041999975, 44.929443359000061 ], [ -110.671333313, 44.97642135600006 ], [ -110.700569151999957, 45.049705505000077 ], [ -110.765624998999954, 45.118675232000044 ], [ -110.809410094999976, 45.212581636000039 ], [ -110.81164550799997, 45.268302918000074 ], [ -110.734817506999946, 45.349540709000053 ], [ -110.628974914999958, 45.426193237000064 ], [ -110.586174009999979, 45.496879578000062 ], [ -110.568801878999977, 45.617946626000048 ], [ -110.520362853999984, 45.672695159000057 ], [ -110.43586731, 45.72584915300007 ], [ -110.137367248999965, 45.774623871000074 ] ] ] } },
{ "type": "Feature", "properties": { "PROVINCE": "CENTRAL LOWLAND" }, "geometry": { "type": "Polygon", "coordinates": [ [ [ -85.609848021999937, 45.587039947000051 ], [ -85.617370605999952, 45.625690461000033 ], [ -85.56450653099995, 45.759639740000068 ], [ -85.496627807999971, 45.759025574000077 ], [ -85.508857726999963, 45.740158081000061 ], [ -85.488433837999935, 45.71071624700005 ], [ -85.499794006999934, 45.684505462000061 ], [ -85.476028441999972, 45.645812988000046 ], [ -85.481590270999959, 45.618522644000052 ], [ -85.542739867999956, 45.576396942000031 ], [ -85.609848021999937, 45.587039947000051 ] ] ] } },
{ "type": "Feature", "properties": { "PROVINCE": "CENTRAL LOWLAND" }, "geometry": { "type": "Polygon", "coordinates": [ [ [ -85.686561584999936, 45.703624725000054 ], [ -85.688011169999982, 45.746688843000072 ], [ -85.639541625999982, 45.749435425000058 ], [ -85.669311522999976, 45.697193145000028 ], [ -85.686561584999936, 45.703624725000054 ] ] ] } },
{ "type": "Feature", "properties": { "PROVINCE": "PACIFIC BORDER" }, "geometry": { "type": "Polygon", "coordinates": [ [ [ -123.892173766999974, 45.691478729000039 ], [ -123.890441894, 45.71663284300007 ], [ -123.878326416, 45.694324493000067 ], [ -123.892173766999974, 45.691478729000039 ] ] ] } },
{ "type": "Feature", "properties": { "PROVINCE": "NEW ENGLAND" }, "geometry": { "type": "Polygon", "coordinates": [ [ [ -68.765739440999937, 44.487922669000056 ], [ -68.724845886999958, 44.496372223000037 ], [ -68.599082945999953, 44.58568573000008 ], [ -68.466697691999968, 44.758026123000036 ], [ -68.365562438999973, 44.84361648600003 ], [ -68.262886047999984, 44.882369995000033 ], [ -68.033576964999952, 44.852882385000044 ], [ -67.876335142999949, 44.876171112000065 ], [ -67.788116454999965, 44.918140411000081 ], [ -67.696456909999938, 45.01361846900005 ], [ -67.697959899999944, 45.071640014000081 ], [ -67.841484070999968, 45.27904510500008 ], [ -67.864685058999953, 45.369930267000029 ], [ -67.849006652999947, 45.43485641500007 ], [ -67.737548827999944, 45.485527039000033 ], [ -67.648330688999977, 45.548118591000048 ], [ -67.597938537999937, 45.605587006000064 ], [ -67.508049010999969, 45.585891723000032 ], [ -67.459289550999983, 45.604160309000065 ], [ -67.427497862999985, 45.582454681000058 ], [ -67.412956237999936, 45.505222321000076 ], [ -67.441772460999971, 45.497001649000026 ], [ -67.45617675799997, 45.509616852000079 ], [ -67.504104613999971, 45.485813141000051 ], [ -67.417747496999937, 45.370777130000079 ], [ -67.473823546999938, 45.262680054000043 ], [ -67.409057616999974, 45.155597687000068 ], [ -67.345603941999968, 45.122257233000028 ], [ -67.308143615999938, 45.140537262000066 ], [ -67.282569884999987, 45.18229675300006 ], [ -67.165893554999968, 45.156265259000065 ], [ -67.11174011199995, 45.083908081000061 ], [ -67.113197325999977, 45.038208007000037 ], [ -67.091728209999985, 45.03298187300004 ], [ -67.044967650999979, 44.959621429000038 ], [ -67.061973571999943, 44.957752228000061 ], [ -67.080520628999977, 44.915695191000054 ], [ -67.106079100999978, 44.94996261600005 ], [ -67.137733458999946, 44.950210571000071 ], [ -67.121963500999982, 44.927436828000054 ], [ -67.165573119999976, 44.936992645000032 ], [ -67.123672485999975, 44.916996003000065 ], [ -67.13391113299997, 44.886405944000046 ], [ -67.190841674999945, 44.917224885000053 ], [ -67.214523314999951, 44.912937164000027 ], [ -67.160171507999962, 44.869449616000054 ], [ -67.156646727999942, 44.821681977000026 ], [ -67.139366149999944, 44.813938141000051 ], [ -67.147644042999957, 44.872009277000075 ], [ -67.127960204999965, 44.875118255000075 ], [ -67.117080688999977, 44.848937988000046 ], [ -67.092262267999956, 44.85177993800005 ], [ -67.111785888999975, 44.862846374000071 ], [ -67.090354919999982, 44.864032745000031 ], [ -67.102462767999953, 44.890743256000064 ], [ -67.060325622999983, 44.86110687300004 ], [ -67.070808410999973, 44.828250885000045 ], [ -67.05576324499998, 44.830211639000026 ], [ -67.034797667999953, 44.85200500500008 ], [ -67.05576324499998, 44.905258179000043 ], [ -67.013076781999985, 44.874664307000046 ], [ -67.01461029099994, 44.853694916000052 ], [ -66.988273619999973, 44.858722687000068 ], [ -66.988357543999939, 44.820747375000053 ], [ -66.957221984999933, 44.822315217000039 ], [ -67.02593994199998, 44.775585174000071 ], [ -67.071800231999987, 44.774768830000028 ], [ -67.078140258999952, 44.744445800000051 ], [ -67.121009826999966, 44.741165162000073 ], [ -67.109634399999948, 44.719997406000061 ], [ -67.164520263999975, 44.667930603000059 ], [ -67.217033385999969, 44.657802582000045 ], [ -67.199104308999949, 44.644088745000033 ], [ -67.228363037999941, 44.641002655000079 ], [ -67.25200653099995, 44.649055482000051 ], [ -67.245750426999962, 44.666576386000031 ], [ -67.267791747999979, 44.664943694000044 ], [ -67.260597228999984, 44.633945465000068 ], [ -67.284263610999972, 44.62233352700008 ], [ -67.308540343999937, 44.662879944000053 ], [ -67.32958221399997, 44.664844514000038 ], [ -67.301094054999965, 44.705490113000053 ], [ -67.357330321999939, 44.703269959000068 ], [ -67.353637695999964, 44.688449859000059 ], [ -67.36919403099995, 44.687393189000034 ], [ -67.382575987999985, 44.715042114000028 ], [ -67.397666930999947, 44.712131501000044 ], [ -67.402305602999945, 44.684459686000025 ], [ -67.379592894999973, 44.673274994000053 ], [ -67.367401122999979, 44.620544433000077 ], [ -67.389907836999953, 44.62714767500006 ], [ -67.409523009999987, 44.597488403000057 ], [ -67.424209594999979, 44.664508819000048 ], [ -67.445625304999965, 44.669216156000061 ], [ -67.437339781999981, 44.608917236000025 ], [ -67.492835998999965, 44.613460541000052 ], [ -67.511665343999937, 44.645008087000065 ], [ -67.534523010999976, 44.614570617000027 ], [ -67.550575255999945, 44.655124665000073 ], [ -67.555107116999977, 44.627914428000054 ], [ -67.592285155999946, 44.62238693300003 ], [ -67.560111998999957, 44.595691681000062 ], [ -67.56327056899994, 44.542362214000036 ], [ -67.582931518999942, 44.531429291000052 ], [ -67.639739990999942, 44.528209686000025 ], [ -67.62433624199997, 44.555355073000044 ], [ -67.663345336999953, 44.570926666000048 ], [ -67.712806701999966, 44.501968383000076 ], [ -67.727180479999959, 44.520011901000032 ], [ -67.742660521999937, 44.49834442100007 ], [ -67.73545074499998, 44.527713775000052 ], [ -67.75627136199995, 44.545597077000025 ], [ -67.735908507999966, 44.605892182000048 ], [ -67.755989073999956, 44.597232818000066 ], [ -67.786842345999958, 44.527378082000041 ], [ -67.803131102999942, 44.531787873000042 ], [ -67.783020018999935, 44.610836029000041 ], [ -67.804580687999987, 44.572074890000067 ], [ -67.821197508999944, 44.587013245000037 ], [ -67.846862791999968, 44.580429077000076 ], [ -67.815238952999948, 44.553829194000059 ], [ -67.844078063999973, 44.56156158400006 ], [ -67.85087585399998, 44.536285400000054 ], [ -67.880371092999951, 44.536727905000077 ], [ -67.851928710999971, 44.482414246000076 ], [ -67.892257690999941, 44.48335647600004 ], [ -67.901420592999955, 44.396049500000061 ], [ -67.917922972999975, 44.454830169000047 ], [ -67.902061461999949, 44.460044861000029 ], [ -67.90396881099997, 44.495769501000041 ], [ -67.932563780999942, 44.477424622000058 ], [ -67.936958312999934, 44.414119721000077 ], [ -67.97678375199996, 44.47075271600005 ], [ -67.963424682999971, 44.505329133000032 ], [ -67.985527038999976, 44.502212525000061 ], [ -67.998504638999975, 44.46442413300008 ], [ -68.024757384999987, 44.486618042000032 ], [ -68.00981903099995, 44.445285797000054 ], [ -67.982841491999977, 44.445896149000077 ], [ -67.956916808999949, 44.405891419000056 ], [ -67.987541198999963, 44.385807037000063 ], [ -67.999275206999982, 44.412376404000042 ], [ -68.015274047999981, 44.405330658000025 ], [ -68.014953612999989, 44.365573882000035 ], [ -68.032814025999983, 44.366374970000038 ], [ -68.052825927999947, 44.335300446000076 ], [ -68.068130492999956, 44.387142181000058 ], [ -68.086593627999946, 44.373802184000056 ], [ -68.103752136999958, 44.404708862000064 ], [ -68.113365172999977, 44.463603973000033 ], [ -68.09947204499997, 44.468475342000033 ], [ -68.154220581999937, 44.502864837000061 ], [ -68.154663085999971, 44.475475311000025 ], [ -68.186698912999987, 44.475963592000028 ], [ -68.192642210999963, 44.518707275000054 ], [ -68.218666076999966, 44.522121429000038 ], [ -68.224121093999941, 44.465709686000025 ], [ -68.260650633999944, 44.518909454000038 ], [ -68.316711424999937, 44.531364441000051 ], [ -68.31769561699997, 44.504451751000033 ], [ -68.28216552799995, 44.499732972000061 ], [ -68.267280578999987, 44.478534698000033 ], [ -68.282379150999986, 44.466850281000063 ], [ -68.265708922999977, 44.45928192100007 ], [ -68.336219787999937, 44.451793670000029 ], [ -68.347412108999947, 44.494293213000049 ], [ -68.357162475999985, 44.438980102000073 ], [ -68.385978698999963, 44.431518555000025 ], [ -68.379531859999986, 44.408870696000065 ], [ -68.414192198999956, 44.400283814000034 ], [ -68.424682616999974, 44.498462678000067 ], [ -68.436485289999951, 44.487537384000063 ], [ -68.482589721999943, 44.496303559000069 ], [ -68.451545714999952, 44.452537537000069 ], [ -68.460594176999962, 44.381214142000033 ], [ -68.473526000999982, 44.450252534000072 ], [ -68.523643493999941, 44.401172638000048 ], [ -68.573829650999983, 44.406425476000038 ], [ -68.543052672999977, 44.359046936000027 ], [ -68.560180663999972, 44.329154968000068 ], [ -68.548446654999964, 44.292148590000068 ], [ -68.528694152999947, 44.29910278300008 ], [ -68.514701843999944, 44.266563416000054 ], [ -68.54919433699996, 44.274833679000039 ], [ -68.55202484199998, 44.26353073100006 ], [ -68.514350891999982, 44.231395722000059 ], [ -68.572082519999981, 44.252483368000071 ], [ -68.619270324999945, 44.28590011600005 ], [ -68.614479064999955, 44.298034668000071 ], [ -68.687400817999958, 44.297771454000042 ], [ -68.731246947999978, 44.34243011500007 ], [ -68.754035949999945, 44.345611572000053 ], [ -68.771842955999944, 44.322116852000079 ], [ -68.817390441999976, 44.312026977000073 ], [ -68.819999694999979, 44.353218078000054 ], [ -68.796173095999961, 44.380142212000067 ], [ -68.759117125999978, 44.362705231000064 ], [ -68.773704527999939, 44.389305114000081 ], [ -68.750236510999969, 44.419429779000041 ], [ -68.660980223999957, 44.373416901000041 ], [ -68.719871520999959, 44.422794342000032 ], [ -68.700798034999934, 44.453548432000048 ], [ -68.723907469999972, 44.469535827000072 ], [ -68.732032775999983, 44.439262391000057 ], [ -68.767555236999954, 44.427417755000079 ], [ -68.786827086999949, 44.393470764000028 ], [ -68.821426391999978, 44.384773254000038 ], [ -68.816413878999981, 44.425216675000058 ], [ -68.781806944999971, 44.450351714000078 ], [ -68.765739440999937, 44.487922669000056 ] ] ] } },
{ "type": "Feature", "properties": { "PROVINCE": "CENTRAL LOWLAND" }, "geometry": { "type": "Polygon", "coordinates": [ [ [ -86.65097045899995, 45.561275482000042 ], [ -86.654281615999935, 45.590614319000053 ], [ -86.618415832999972, 45.561500549000073 ], [ -86.635459899999944, 45.543571472000053 ], [ -86.65097045899995, 45.561275482000042 ] ] ] } },
{ "type": "Feature", "properties": { "PROVINCE": "CENTRAL LOWLAND" }, "geometry": { "type": "Polygon", "coordinates": [ [ [ -86.781455993999941, 45.489425659000062 ], [ -86.77792358399995, 45.512218475000054 ], [ -86.750358580999944, 45.502513886000031 ], [ -86.758460997999975, 45.479358673000036 ], [ -86.781455993999941, 45.489425659000062 ] ] ] } },
{ "type": "Feature", "properties": { "PROVINCE": "CENTRAL LOWLAND" }, "geometry": { "type": "Polygon", "coordinates": [ [ [ -92.76776886, 44.923614503000067 ], [ -92.710159300999976, 44.942794801000048 ], [ -92.118537903999936, 45.275836945000037 ], [ -91.95956420999994, 45.400104524000028 ], [ -91.833030699999938, 45.46165084900008 ], [ -91.74331664999994, 45.468780517000027 ], [ -91.546340941999972, 45.403633118000073 ], [ -91.325096130999952, 45.084270478000064 ], [ -91.255538940999941, 45.031238555000073 ], [ -91.072891234999986, 44.934001923000039 ], [ -90.964736938999977, 44.907585144000052 ], [ -90.453300476999971, 44.96593856700008 ], [ -90.242065429999968, 45.008068085000048 ], [ -90.039276122, 45.015148163000049 ], [ -89.875640869999984, 44.998718261000079 ], [ -89.732864378999977, 45.03295135500008 ], [ -89.654655455999944, 45.07595062200005 ], [ -89.540534972999978, 45.062198640000076 ], [ -89.428848266999978, 45.013313293000067 ], [ -89.420387267999956, 44.923191071000076 ], [ -89.478950500999986, 44.458488464000027 ], [ -89.551475524999944, 44.11941528300008 ], [ -89.519340515999943, 43.861484528000062 ], [ -89.5358963, 43.765018464000036 ], [ -89.499267577999944, 43.543582917000037 ], [ -89.538833617999956, 43.456619262000061 ], [ -89.55097961499996, 43.35827636700003 ], [ -89.499168396999949, 42.991970063000053 ], [ -89.517410277999943, 42.860462189000032 ], [ -89.513336181999989, 42.749885559000063 ], [ -89.588836669999978, 42.575698852000073 ], [ -89.803985595999961, 42.448627472000055 ], [ -89.976600647999987, 42.189075470000034 ], [ -90.110702514999957, 42.110809326000037 ], [ -90.245697020999955, 42.121986389000028 ], [ -90.455337523999958, 42.226787566000041 ], [ -90.884834288999969, 42.395851135000044 ], [ -90.973571776999961, 42.510864258000026 ], [ -91.131385804, 42.635730743000067 ], [ -91.248558043999935, 42.804759979000039 ], [ -91.637512206999986, 43.202533722000055 ], [ -91.726577758999952, 43.340991975000065 ], [ -91.98406982399996, 43.608375549000073 ], [ -92.043212890999939, 43.695701599000074 ], [ -92.124572753999985, 43.919898987000067 ], [ -92.113456725999981, 44.00099182200006 ], [ -92.062454223999964, 44.078769683000075 ], [ -92.124542235999968, 44.244560242000034 ], [ -92.210548399999936, 44.31373977700008 ], [ -92.435424804999968, 44.442844391000051 ], [ -92.531341552999947, 44.478588104000039 ], [ -92.744842528999982, 44.646114349000072 ], [ -92.777542112999981, 44.764572143000066 ], [ -92.76776886, 44.923614503000067 ] ] ] } },
{ "type": "Feature", "properties": { "PROVINCE": "CENTRAL LOWLAND" }, "geometry": { "type": "Polygon", "coordinates": [ [ [ -85.829185484999982, 45.388702393000074 ], [ -85.839256286999955, 45.382575989000031 ], [ -85.885772704999965, 45.446937561000027 ], [ -85.836631774999944, 45.430522918000065 ], [ -85.829185484999982, 45.388702393000074 ] ] ] } },
{ "type": "Feature", "properties": { "PROVINCE": "CENTRAL LOWLAND" }, "geometry": { "type": "Polygon", "coordinates": [ [ [ -86.808868407999967, 45.405849457000045 ], [ -86.835563659999934, 45.404094696000072 ], [ -86.825401305999947, 45.430862427000079 ], [ -86.808868407999967, 45.405849457000045 ] ] ] } },
{ "type": "Feature", "properties": { "PROVINCE": "CENTRAL LOWLAND" }, "geometry": { "type": "Polygon", "coordinates": [ [ [ -86.870223998999961, 45.331634521000069 ], [ -86.911758421999934, 45.33411407400007 ], [ -86.920593260999965, 45.354087830000026 ], [ -86.956878661999951, 45.338325501000043 ], [ -86.935058593999941, 45.416984558000081 ], [ -86.929824828999983, 45.40088653600003 ], [ -86.868400573999963, 45.411136627000076 ], [ -86.839042663999976, 45.39821624800004 ], [ -86.870223998999961, 45.331634521000069 ] ] ] } },
{ "type": "Feature", "properties": { "PROVINCE": "CENTRAL LOWLAND" }, "geometry": { "type": "Polygon", "coordinates": [ [ [ -86.870223998999961, 45.331634521000069 ], [ -86.928405761999954, 45.319503784000062 ], [ -86.915519714999959, 45.334339141000044 ], [ -86.870223998999961, 45.331634521000069 ] ] ] } },
{ "type": "Feature", "properties": { "PROVINCE": "CENTRAL LOWLAND" }, "geometry": { "type": "Polygon", "coordinates": [ [ [ -87.308250426999962, 45.045715332000043 ], [ -87.284820556999989, 45.051269532000049 ], [ -87.263069152999947, 45.083793640000067 ], [ -87.230918883999948, 45.175067901000034 ], [ -87.177909850999981, 45.154975891000049 ], [ -87.16661834699994, 45.182193756000061 ], [ -87.122772216999977, 45.196044922000056 ], [ -87.106330870999955, 45.257892609000066 ], [ -87.075202941999976, 45.258705139000028 ], [ -87.066062926999962, 45.29646301300005 ], [ -86.986251830999947, 45.298656464000032 ], [ -86.967712401999961, 45.240280151000036 ], [ -86.995735167999953, 45.218410492000032 ], [ -87.04511261, 45.249019623000038 ], [ -87.029838561999952, 45.224067688000048 ], [ -87.042251585999963, 45.16809844900007 ], [ -87.025451660999977, 45.149978637000061 ], [ -87.038780211999949, 45.139255523000031 ], [ -87.079872130999945, 45.147312165000073 ], [ -87.044898985999964, 45.095520020000038 ], [ -87.087677001999964, 45.09218215900006 ], [ -87.081222533999949, 45.055984497000054 ], [ -87.109878539999954, 45.067455291000044 ], [ -87.134788513999979, 45.020401001000039 ], [ -87.173187255999949, 44.992759705000026 ], [ -87.184425353999984, 44.966014862000065 ], [ -87.168792724999946, 44.933322907000047 ], [ -87.207260131999988, 44.90157318200005 ], [ -87.205650329999969, 44.873237610000047 ], [ -87.261276244999976, 44.846790314000032 ], [ -87.280418395999959, 44.812877655000079 ], [ -87.31111907899998, 44.798778534000064 ], [ -87.371253966999973, 44.829868317000034 ], [ -87.406166075999977, 44.908020019000048 ], [ -87.308250426999962, 45.045715332000043 ] ] ] } },
{ "type": "Feature", "properties": { "PROVINCE": "CENTRAL LOWLAND" }, "geometry": { "type": "Polygon", "coordinates": [ [ [ -87.329193114999953, 45.157043457000043 ], [ -87.376853942999958, 45.183845520000034 ], [ -87.334640502999946, 45.208751678000056 ], [ -87.329193114999953, 45.157043457000043 ] ] ] } },
{ "type": "Feature", "properties": { "PROVINCE": "CENTRAL LOWLAND" }, "geometry": { "type": "Polygon", "coordinates": [ [ [ -85.969360350999978, 45.070644378000054 ], [ -86.006782531999988, 45.059291839000025 ], [ -86.029144286999951, 45.07677078200004 ], [ -86.063552857, 45.124256134000063 ], [ -86.052986144999977, 45.153690338000047 ], [ -85.978408813999977, 45.144447326000034 ], [ -85.987144469999976, 45.08892822200005 ], [ -85.969360350999978, 45.070644378000054 ] ] ] } },
{ "type": "Feature", "properties": { "PROVINCE": "COLUMBIA PLATEAU" }, "geometry": { "type": "Polygon", "coordinates": [ [ [ -118.668212890999939, 44.008056640000063 ], [ -118.467071531999977, 44.00642776400008 ], [ -118.312652588, 44.023818970000036 ], [ -117.982940672999973, 44.163997650000056 ], [ -117.897994995999966, 44.21453475900006 ], [ -117.836799620999955, 44.273517609000066 ], [ -117.911552428999983, 44.39419937200006 ], [ -117.854820250999978, 44.477962493000064 ], [ -117.799194335999971, 44.515178680000076 ], [ -117.781608580999944, 44.617446899000072 ], [ -117.89296722399996, 44.784381868000025 ], [ -117.935890197999981, 44.891742706000059 ], [ -117.929565429999968, 44.948875427000075 ], [ -117.880546569999979, 45.016700745000037 ], [ -117.645935057999964, 45.07041931100008 ], [ -117.361709594999979, 44.953025818000071 ], [ -117.201766968999948, 44.936382294000055 ], [ -117.090057372999979, 44.96871948200004 ], [ -116.707710266, 45.139995575000057 ], [ -116.704216003999989, 45.075363159000062 ], [ -116.600418089999948, 44.901123046000066 ], [ -116.316757201999962, 44.699596406000069 ], [ -116.252662657999963, 44.620803833000025 ], [ -116.185180662999983, 44.334796905000076 ], [ -116.201049803999979, 44.218723298000043 ], [ -116.187660216999973, 44.008518219000052 ], [ -116.157592773999966, 43.884181977000026 ], [ -116.085464477999949, 43.755657195000026 ], [ -115.937751768999988, 43.567726134000054 ], [ -115.550407410999981, 43.252498626000033 ], [ -115.419128417999957, 43.192153931000064 ], [ -115.293304442999954, 43.177940370000044 ], [ -115.124389647999976, 42.895931244000053 ], [ -115.066535949999945, 42.681484223000041 ], [ -115.095214842999951, 42.412799835000044 ], [ -115.096038817999954, 42.244235992000029 ], [ -115.048202513999968, 41.915275575000067 ], [ -115.073257445999957, 41.609298705000072 ], [ -115.271385193999947, 41.665523528000051 ], [ -115.373443603999988, 41.670124053000052 ], [ -115.655487059999984, 41.595016479000037 ], [ -115.868621825999981, 41.568611145000034 ], [ -115.941108703999987, 41.583881379000047 ], [ -116.18505096399997, 41.693428039000025 ], [ -116.357048033999945, 41.738113404000046 ], [ -116.805099485999961, 41.708889007000039 ], [ -117.163429260999976, 41.842975618000025 ], [ -117.314323425999987, 41.93917846800008 ], [ -117.442390442999965, 42.024894714000027 ], [ -117.697151183999949, 42.253417968000065 ], [ -117.977088929, 42.566028596000081 ], [ -118.192070006999984, 42.71726989800004 ], [ -118.360183714999948, 42.984970092000026 ], [ -118.407974242999956, 43.116348267000035 ], [ -118.480003356999987, 43.244846344000052 ], [ -118.507377623999957, 43.392780304000041 ], [ -118.686279295999952, 43.778835296000068 ], [ -118.686752319, 43.943103791000055 ], [ -118.668212890999939, 44.008056640000063 ] ] ] } },
{ "type": "Feature", "properties": { "PROVINCE": "CENTRAL LOWLAND" }, "geometry": { "type": "Polygon", "coordinates": [ [ [ -97.97106933699996, 42.792686460000027 ], [ -98.052482604999966, 42.907199859000059 ], [ -97.945945739999956, 42.921035766000045 ], [ -97.535484314999962, 42.912601469000037 ], [ -96.981132508999963, 42.830806732000042 ], [ -96.817596433999938, 42.849899293000078 ], [ -96.716087341, 43.104099275000067 ], [ -96.728622435999966, 43.233703615000024 ], [ -96.774169923999978, 43.369758605000072 ], [ -96.958610535, 43.681869507000044 ], [ -96.922912597999982, 43.910610198000029 ], [ -96.847129820999953, 44.035324099000036 ], [ -96.833641050999972, 44.083293916000059 ], [ -96.831115721999936, 44.184059144000059 ], [ -96.864318846999936, 44.275268554000036 ], [ -97.164901733999955, 44.825351715000068 ], [ -97.199478148999958, 45.061981202000027 ], [ -97.127220154999975, 45.134071349000067 ], [ -96.98905181799995, 45.033424380000042 ], [ -96.874000550999938, 44.911842344000036 ], [ -96.647666930999947, 44.653930664000029 ], [ -96.508003233999943, 44.434318542000028 ], [ -96.327041627999961, 44.211124422000069 ], [ -96.194664001999968, 44.107929228000046 ], [ -96.091644286999951, 44.003208162000078 ], [ -95.952537536999955, 43.827705382000033 ], [ -95.868721009999945, 43.690963746000079 ], [ -95.801391599999988, 43.520725248000076 ], [ -95.810325623999972, 43.404048919000047 ], [ -95.847053526999957, 43.324424744000055 ], [ -95.831359864999968, 43.226688385000045 ], [ -95.722702025, 42.967998503000047 ], [ -95.618423462999942, 42.845218656000043 ], [ -95.467315674999952, 42.608154297000056 ], [ -95.264869688999966, 42.389339446000065 ], [ -95.040855406, 42.214591978000044 ], [ -94.848182679999979, 42.039989471000069 ], [ -94.59877776999997, 41.859115601000042 ], [ -94.15749359299997, 41.641170501000033 ], [ -93.953758240999946, 41.604015352000033 ], [ -93.781112672999939, 41.591365815000074 ], [ -93.558044434999942, 41.642551422000054 ], [ -93.362770079999962, 41.726188659000059 ], [ -93.228836059999935, 41.81630707000005 ], [ -93.176673889999961, 41.862583159000053 ], [ -93.091545103999977, 42.024520874000075 ], [ -93.074562072999981, 42.15991211000005 ], [ -93.082138061999956, 42.293491364000033 ], [ -93.120628355999941, 42.428611757000056 ], [ -93.211585998999965, 42.609184267000046 ], [ -93.302925110999979, 42.936859132000052 ], [ -93.32781982299997, 43.068820951000077 ], [ -93.315376280999942, 43.202781678000065 ], [ -93.27875518899998, 43.299182892000033 ], [ -92.918777464999948, 43.746055605000038 ], [ -92.884338378999985, 43.859996796000075 ], [ -92.934280393999984, 43.973735809000061 ], [ -92.969543457999976, 44.109321593000061 ], [ -93.03184509099998, 44.177062989000035 ], [ -93.055656433999957, 44.254646300000047 ], [ -92.998191832999964, 44.343826293000063 ], [ -93.020706175999976, 44.44057846000004 ], [ -92.998641968999948, 44.566150667000045 ], [ -92.744842526999946, 44.646114351000051 ], [ -92.531341550999969, 44.478588104000039 ], [ -92.435424805999958, 44.442844390000062 ], [ -92.210548400999983, 44.31373977800007 ], [ -92.124542236999957, 44.244560241000045 ], [ -92.062454223999964, 44.078769683000075 ], [ -92.113456725999981, 44.000991823000049 ], [ -92.124572754999974, 43.919898986000078 ], [ -92.043212890999939, 43.695701599000074 ], [ -91.917556761999947, 43.531894684000065 ], [ -91.726577758999952, 43.340991976000055 ], [ -91.637512208999965, 43.202533722000055 ], [ -91.248558043999935, 42.804759980000028 ], [ -91.131385804, 42.635730742000078 ], [ -90.973571776999961, 42.510864258000026 ], [ -90.884834288999969, 42.395851136000033 ], [ -90.455337522999969, 42.226787568000077 ], [ -90.22766876299994, 42.120498659000077 ], [ -90.239990234999937, 41.912200929000051 ], [ -90.277725219999979, 41.82006836000005 ], [ -90.385154722999971, 41.738315584000077 ], [ -90.771133422, 41.657405855000036 ], [ -91.04659270999997, 41.555168153000068 ], [ -91.220977783999956, 41.424865720000071 ], [ -91.298698423999952, 41.318363189000024 ], [ -91.30423736399996, 41.230674743000066 ], [ -91.273735044999967, 41.141220092000026 ], [ -91.255325317999961, 40.767688751000037 ], [ -91.277809142999956, 40.70323181100008 ], [ -91.397888182999964, 40.532173155000066 ], [ -91.433944703999941, 40.402133942000034 ], [ -91.429794312999945, 40.325168610000048 ], [ -91.551544189999959, 40.196582792000072 ], [ -91.566032407999955, 40.120483398000033 ], [ -91.302345274999936, 39.716079713000056 ], [ -91.267097473999968, 39.63919067300003 ], [ -90.82746124099998, 39.295425414000078 ], [ -90.708885192999958, 38.954952238000033 ], [ -90.647888183999953, 38.922885893000057 ], [ -90.404335020999952, 38.949455263000061 ], [ -90.294883729, 38.908092500000066 ], [ -90.235000610999975, 38.866291047000061 ], [ -90.256996154999968, 38.699703217000035 ], [ -90.291076661999966, 38.59934234800005 ], [ -90.376281737999989, 38.49864578200004 ], [ -90.444236757999988, 38.445701599000074 ], [ -90.565490722999982, 38.649810789000071 ], [ -90.627067564999948, 38.718711852000069 ], [ -90.879684449999957, 38.719314576000045 ], [ -91.559158323999952, 38.85660553200006 ], [ -92.025108337999939, 38.781242371000076 ], [ -92.144676206999975, 38.775028229000043 ], [ -92.370971677999989, 38.832130430000063 ], [ -92.655158994999965, 38.990142820000074 ], [ -92.773330686999941, 38.976848602000075 ], [ -92.961456298999963, 38.999446871000032 ], [ -93.163436890999947, 39.110214233000079 ], [ -93.352592467999955, 39.161029814000074 ], [ -93.50682067799994, 39.172107698000048 ], [ -93.657775877999939, 39.143562318000079 ], [ -94.510688780999942, 39.085521697000047 ], [ -94.962913511999943, 38.98051834000006 ], [ -95.146438600999943, 38.964309692000029 ], [ -95.259361265999985, 38.972423553000056 ], [ -95.707649231999937, 39.090183259000071 ], [ -95.833030698999949, 39.107475280000074 ], [ -95.967094421999946, 39.099090577000027 ], [ -96.255355835999978, 39.117221830000062 ], [ -96.391174317999969, 39.138782502000026 ], [ -96.491912839999941, 39.176052094000056 ], [ -96.633514405999961, 39.30941772400007 ], [ -96.804649351999956, 39.436248778000049 ], [ -96.972282410999981, 39.521217345000025 ], [ -97.15611266999997, 39.797054292000041 ], [ -97.103324890999943, 39.870109558000024 ], [ -96.996994016999963, 40.255958555000063 ], [ -97.097908020999967, 40.539192200000059 ], [ -97.072959897999965, 40.856128692000027 ], [ -97.083641052999951, 40.971347809000065 ], [ -97.217788696999946, 41.404216765000058 ], [ -97.389579773999969, 41.886016844000039 ], [ -97.675949096999943, 42.372638701000028 ], [ -97.97106933699996, 42.792686460000027 ] ] ] } },
{ "type": "Feature", "properties": { "PROVINCE": "CENTRAL LOWLAND" }, "geometry": { "type": "Polygon", "coordinates": [ [ [ -86.111183165999989, 45.000747680000075 ], [ -86.156394957999964, 45.013301849000072 ], [ -86.122154235999972, 45.052188873000034 ], [ -86.077850341999977, 45.034160614000029 ], [ -86.099365234999937, 45.030143738000049 ], [ -86.091102599999942, 45.014858246000074 ], [ -86.111183165999989, 45.000747680000075 ] ] ] } },
{ "type": "Feature", "properties": { "PROVINCE": "ST. LAWRENCE VALLEY" }, "geometry": { "type": "Polygon", "coordinates": [ [ [ -72.713958739999953, 45.006477356000062 ], [ -72.779403685999966, 44.891006470000036 ], [ -72.826065063999977, 44.748825073000035 ], [ -72.996452331999933, 44.397472382000046 ], [ -73.057456969999976, 44.315841674000069 ], [ -73.087768554999968, 44.19116211000005 ], [ -73.066474913999969, 44.039978027000075 ], [ -72.973541259999934, 43.888420106000069 ], [ -72.902488708999954, 43.816333771000075 ], [ -72.947227478999935, 43.787315369000055 ], [ -73.008895873999961, 43.827148437000062 ], [ -73.123458862999939, 43.845916748000036 ], [ -73.152854919999982, 43.781784057000039 ], [ -73.148994445999961, 43.725196837000055 ], [ -73.166389464999952, 43.666893006000066 ], [ -73.454338074999953, 43.755508422000048 ], [ -73.44107818599997, 43.998390199000028 ], [ -73.491653441999972, 44.187355041000046 ], [ -73.428161620999958, 44.260700225000051 ], [ -73.388511656999981, 44.359634400000061 ], [ -73.573318481999934, 44.496109010000055 ], [ -73.603324888999964, 44.585239409000053 ], [ -73.564689635999969, 44.692516327000078 ], [ -73.560775755999941, 44.800437927000075 ], [ -73.632408141999974, 44.869258880000075 ], [ -73.765853880999941, 44.881679534000057 ], [ -73.964164733999951, 44.857299806000071 ], [ -74.127311706999933, 44.809654236000029 ], [ -74.407501219999972, 44.698352814000032 ], [ -74.846237181999982, 44.647193908000077 ], [ -75.091445922999981, 44.555927276000034 ], [ -75.195564268999988, 44.547264099000074 ], [ -75.379058837999935, 44.493770600000062 ], [ -75.544326781999985, 44.49254989700006 ], [ -75.751068115999942, 44.357631683000079 ], [ -75.777839659999984, 44.430503845000032 ], [ -75.61881256099997, 44.576633454000046 ], [ -75.620773315999941, 44.615085601000033 ], [ -75.490394591999973, 44.706966401000045 ], [ -75.35640716599994, 44.777252198000042 ], [ -75.288757324999949, 44.837696076000043 ], [ -75.096817015999989, 44.908317566000051 ], [ -75.022842405999938, 44.916202545000033 ], [ -74.966087340999934, 44.957706452000025 ], [ -74.953079222999975, 44.949581146000071 ], [ -74.853492736999954, 44.976730346000068 ], [ -74.865211485999964, 44.985328674000073 ], [ -74.788612365999938, 44.999500275000059 ], [ -74.694892882999966, 44.982666016000053 ], [ -74.667922972999975, 44.994670868000071 ], [ -74.313087463999977, 44.98363876500008 ], [ -72.713958739999953, 45.006477356000062 ] ] ] } },
{ "type": "Feature", "properties": { "PROVINCE": "NEW ENGLAND" }, "geometry": { "type": "Polygon", "coordinates": [ [ [ -72.340431212999988, 45.006343842000035 ], [ -72.516120909999984, 44.631153107000046 ], [ -72.641998290999936, 44.448295593000068 ], [ -72.67831420899995, 44.323352813000042 ], [ -72.585189819999982, 44.035717011000031 ], [ -72.59930419899996, 43.912651061000076 ], [ -72.638824462999935, 43.767864227000075 ], [ -72.602394103999984, 43.648674011000026 ], [ -72.596954344999972, 43.564689635000036 ], [ -72.633277893999946, 43.409816741000043 ], [ -72.685226439999951, 43.309192658000029 ], [ -72.701591491999977, 43.183673859000066 ], [ -72.798187255999949, 42.848999023000033 ], [ -72.857208251999964, 42.772167206000063 ], [ -72.885345457999961, 42.676250457000037 ], [ -72.884063719999972, 42.596530915000073 ], [ -72.925628661999951, 42.511356353000053 ], [ -73.077400206999982, 42.437610626000037 ], [ -73.156150817999958, 42.331378937000068 ], [ -73.213157653999986, 42.318939209000064 ], [ -73.150367736999954, 42.463607788000047 ], [ -73.116485595999961, 42.664836883000078 ], [ -73.161056517999953, 42.727973939000037 ], [ -73.249992370999962, 42.793766021000067 ], [ -73.232414244999973, 42.842662812000071 ], [ -73.174629210999967, 42.856346130000077 ], [ -73.114982604999966, 42.90779113800005 ], [ -73.123886107999965, 42.985958100000062 ], [ -73.112068176999969, 43.05353546200007 ], [ -73.053192137999986, 43.135360718000072 ], [ -72.868240355999944, 43.587696076000043 ], [ -72.881401061999952, 43.746608735000052 ], [ -72.930747984999982, 43.798007965000068 ], [ -72.902488707999964, 43.816333771000075 ], [ -72.973541258999944, 43.888420104000033 ], [ -73.066474914999958, 44.039978026000028 ], [ -73.087768554999968, 44.19116211000005 ], [ -73.057456969999976, 44.315841675000058 ], [ -72.996452331999933, 44.397472382000046 ], [ -72.826065063999977, 44.748825074000081 ], [ -72.779403685999966, 44.891006470000036 ], [ -72.713958739999953, 45.006477355000072 ], [ -72.340431212999988, 45.006343842000035 ] ] ] } },
{ "type": "Feature", "properties": { "PROVINCE": "ST. LAWRENCE VALLEY" }, "geometry": { "type": "Polygon", "coordinates": [ [ [ -74.900077819999979, 44.987838745000033 ], [ -74.892227172999981, 44.979671478000057 ], [ -74.93719482399996, 44.966587066000045 ], [ -74.900077819999979, 44.987838745000033 ] ] ] } },
{ "type": "Feature", "properties": { "PROVINCE": "NEW ENGLAND" }, "geometry": { "type": "Polygon", "coordinates": [ [ [ -67.024024962999988, 44.91230392500006 ], [ -67.048912048999966, 44.92778396600005 ], [ -67.043533324999942, 44.94855880700004 ], [ -66.987449645999959, 44.90993499800004 ], [ -67.000480651999965, 44.89643096900005 ], [ -67.024024962999988, 44.91230392500006 ] ] ] } },
{ "type": "Feature", "properties": { "PROVINCE": "GREAT PLAINS" }, "geometry": { "type": "Polygon", "coordinates": [ [ [ -104.538803100999985, 44.814846039000031 ], [ -104.42478942799994, 44.878307343000074 ], [ -104.322463988999971, 44.892932892000033 ], [ -104.213714598999957, 44.856689453000058 ], [ -103.905342101999963, 44.643901825000057 ], [ -103.68222045899995, 44.644424439000034 ], [ -103.640640258999952, 44.576480866000054 ], [ -103.334075927999947, 44.406837463000045 ], [ -103.216163634999987, 44.247016906000056 ], [ -103.187469481999983, 44.101440430000025 ], [ -103.227424620999955, 43.950538635000044 ], [ -103.283485412999937, 43.827514648000033 ], [ -103.328979491999974, 43.479545593000068 ], [ -103.382354736999957, 43.315032959000064 ], [ -103.428176878999977, 43.27280044500003 ], [ -103.544548035, 43.286651612000071 ], [ -103.624511718999941, 43.272438049000073 ], [ -103.748825073999967, 43.420269013000052 ], [ -103.861724853999988, 43.44231033300008 ], [ -103.93755340599995, 43.602439881000066 ], [ -104.024360656999988, 43.681884765000063 ], [ -104.169326781999985, 43.855155944000046 ], [ -104.298866271999941, 43.93169021600005 ], [ -104.365936278999982, 44.023326874000077 ], [ -104.411445617999959, 44.119529724000074 ], [ -104.490257263999979, 44.159152985000048 ], [ -104.709838866999974, 44.400386811000033 ], [ -104.800590514999953, 44.474174500000061 ], [ -104.796768187999987, 44.546394348000035 ], [ -104.645416258999944, 44.748561859000063 ], [ -104.538803100999985, 44.814846039000031 ] ] ] } },
{ "type": "Feature", "properties": { "PROVINCE": "ADIRONDACK" }, "geometry": { "type": "Polygon", "coordinates": [ [ [ -75.691154479999966, 44.034996032000038 ], [ -75.69996643099995, 44.284858703000054 ], [ -75.751068114999953, 44.357631683000079 ], [ -75.544326781999985, 44.49254989700006 ], [ -75.379058838999981, 44.493770600000062 ], [ -75.195564269999977, 44.547264099000074 ], [ -75.091445922999981, 44.555927276000034 ], [ -74.846237182999971, 44.647193908000077 ], [ -74.407501220999961, 44.698352814000032 ], [ -74.127311705999944, 44.809654236000029 ], [ -73.964164733999951, 44.857299805000025 ], [ -73.765853880999941, 44.881679535000046 ], [ -73.632408140999985, 44.869258880000075 ], [ -73.560775756999988, 44.800437927000075 ], [ -73.564689635999969, 44.692516326000032 ], [ -73.603324889999953, 44.585239410000042 ], [ -73.573318480999944, 44.496109009000065 ], [ -73.38851165799997, 44.359634400000061 ], [ -73.428161620999958, 44.26070022600004 ], [ -73.491653441999972, 44.187355041000046 ], [ -73.44107818599997, 43.998390197000049 ], [ -73.443641661999948, 43.876079559000061 ], [ -73.456115721999936, 43.735103608000031 ], [ -73.526504515999989, 43.497501373000034 ], [ -73.610374450999984, 43.404453278000062 ], [ -73.710624693999989, 43.230228424000074 ], [ -73.768241881999984, 43.200332641000045 ], [ -73.836883544999978, 43.268127442000036 ], [ -73.951690673999963, 43.145992279000041 ], [ -74.023071288999972, 43.126644135000049 ], [ -74.196022032999963, 43.184490204000042 ], [ -74.399688719999972, 43.07608795200008 ], [ -74.494392394999977, 43.107154846000071 ], [ -74.601356505999945, 43.201023102000079 ], [ -74.926849364999953, 43.253623962000063 ], [ -75.044471739999949, 43.309326171000066 ], [ -75.195838927999944, 43.39675903300008 ], [ -75.325569152999947, 43.706401825000057 ], [ -75.387039184999935, 43.780067444000053 ], [ -75.691154479999966, 44.034996032000038 ] ] ] } },
{ "type": "Feature", "properties": { "PROVINCE": "NEW ENGLAND" }, "geometry": { "type": "Polygon", "coordinates": [ [ [ -68.829017638999971, 44.478221893000068 ], [ -68.805023192999954, 44.515190124000071 ], [ -68.807891845999961, 44.56965255700004 ], [ -68.860603331999982, 44.610977173000038 ], [ -68.823043822999978, 44.665252685000041 ], [ -68.842002868999941, 44.610713959000066 ], [ -68.762443541999971, 44.551433564000035 ], [ -68.73795318599997, 44.552753448000033 ], [ -68.765739440999937, 44.487922668000067 ], [ -68.829017638999971, 44.478221893000068 ] ], [ [ -68.777023314999951, 44.512271881000061 ], [ -68.760330199999942, 44.528968811000027 ], [ -68.782180785999969, 44.561798095000029 ], [ -68.787414550999983, 44.52729034400005 ], [ -68.777023314999951, 44.512271881000061 ] ] ] } },
{ "type": "Feature", "properties": { "PROVINCE": "NEW ENGLAND" }, "geometry": { "type": "Polygon", "coordinates": [ [ [ -71.293312072999981, 41.721603393000066 ], [ -71.309616089999963, 41.704322814000079 ], [ -71.363403319999975, 41.743904113000042 ], [ -71.38957977299998, 41.803615569000044 ], [ -71.379692076999959, 41.853836059000059 ], [ -71.406135558999949, 41.805767058000072 ], [ -71.395294188999969, 41.732883454000046 ], [ -71.364562987999989, 41.715454102000081 ], [ -71.393447875999982, 41.666534424000076 ], [ -71.412872313999969, 41.690086364000081 ], [ -71.446319578999976, 41.683490753000058 ], [ -71.419303892999949, 41.652214050000055 ], [ -71.417907713999966, 41.586654663000047 ], [ -71.451057434999939, 41.570056916000055 ], [ -71.427513121999937, 41.475143434000074 ], [ -71.482994079999969, 41.368469239000035 ], [ -71.519355774999951, 41.374343872000054 ], [ -71.502403259999937, 41.386268615000063 ], [ -71.514099120999958, 41.419189453000058 ], [ -71.535934447999978, 41.37284851000004 ], [ -71.671302795999964, 41.343830109000066 ], [ -71.57637023999996, 41.639072418000069 ], [ -71.496101379999971, 41.813320160000046 ], [ -71.480056761999947, 41.961921693000079 ], [ -71.482154844999968, 42.09391021700003 ], [ -71.525596618999941, 42.339599609000061 ], [ -71.55705261199995, 42.408214569000052 ], [ -71.541023254999971, 42.487335205000079 ], [ -71.597183227999949, 42.520141601000034 ], [ -71.646369933999949, 42.600620270000036 ], [ -71.632583616999966, 42.669097901000043 ], [ -71.533035278999989, 42.803192139000032 ], [ -71.507751463999966, 42.964557648000039 ], [ -71.463478087999988, 43.043949128000065 ], [ -71.38322448699995, 43.04390335100004 ], [ -71.278144835999967, 42.955703736000032 ], [ -71.180015563999973, 42.954788208000025 ], [ -71.029548645999967, 43.277694702000076 ], [ -70.949127196999939, 43.372791291000055 ], [ -70.761802673999966, 43.54263687200006 ], [ -70.723548888999971, 43.629585266000049 ], [ -70.730384826999966, 43.838241578000066 ], [ -70.674613951999959, 43.961181641000053 ], [ -70.456802368999945, 43.946952819000046 ], [ -70.369827270999963, 43.952659606000054 ], [ -70.295600890999935, 43.980354309000063 ], [ -70.265075682999964, 44.043533325000055 ], [ -70.273834228999988, 44.102958680000029 ], [ -70.24614715499996, 44.159976958000072 ], [ -70.162193298999966, 44.192222595000032 ], [ -70.119834899999944, 44.158535003000054 ], [ -69.975418090999938, 44.107654572000058 ], [ -69.903594970999961, 44.12929153500005 ], [ -69.909126281999988, 44.19918823200004 ], [ -69.963943480999944, 44.331600188000039 ], [ -69.94679260199996, 44.404258729000048 ], [ -69.902656554999965, 44.473880769000061 ], [ -69.720298767999964, 44.652923584000064 ], [ -69.64348602299998, 44.621059417000026 ], [ -69.61845397899998, 44.567249297000046 ], [ -69.52648925799997, 44.481716157000051 ], [ -69.588058471999943, 44.411556244000053 ], [ -69.570236205999947, 44.348285675000056 ], [ -69.308830260999969, 44.229133607000051 ], [ -69.191261290999932, 44.213973999000075 ], [ -69.131645202999948, 44.238071442000034 ], [ -69.052787781999939, 44.391632080000079 ], [ -68.98921966599994, 44.42376708900008 ], [ -68.98461913999995, 44.394218445000035 ], [ -68.948249815999986, 44.366821289000029 ], [ -68.948814390999985, 44.333518982000044 ], [ -68.970649717999947, 44.297828675000062 ], [ -68.996994017999953, 44.296081543000071 ], [ -69.086425780999946, 44.138328552000075 ], [ -69.071281432999967, 44.127273560000049 ], [ -69.096168517999956, 44.10948944200004 ], [ -69.09770965499996, 44.088104248000036 ], [ -69.039596557999971, 44.08092498700006 ], [ -69.075660705999951, 44.058090210000046 ], [ -69.070899962999988, 44.044681550000064 ], [ -69.103118896999945, 44.039489746000072 ], [ -69.133460996999986, 44.069343566000043 ], [ -69.112899779999964, 44.027530670000033 ], [ -69.121017455999947, 44.003200531000061 ], [ -69.195304870999962, 43.996791840000071 ], [ -69.210685729999966, 43.95903396600005 ], [ -69.194099426999969, 43.959804534000057 ], [ -69.257194519999985, 43.92148590100004 ], [ -69.27718353299997, 43.954128265000065 ], [ -69.204216002999942, 44.005779266000047 ], [ -69.165588378999985, 44.074626923000039 ], [ -69.214866637999933, 44.02623748700006 ], [ -69.245391845999961, 44.017753600000049 ], [ -69.261802672999977, 43.98322296200007 ], [ -69.28306579499997, 43.988540649000072 ], [ -69.284317016999978, 43.961219787000061 ], [ -69.311775206999982, 43.941219330000081 ], [ -69.292869568999947, 43.993907929000045 ], [ -69.361114501999964, 43.973052978000055 ], [ -69.346443176999969, 44.015975952000076 ], [ -69.37040710399998, 44.023548126000037 ], [ -69.342483519999973, 44.040809632000048 ], [ -69.345703123999954, 44.068290710000042 ], [ -69.382423400999983, 44.080978394000056 ], [ -69.371231079999973, 44.039539337000065 ], [ -69.383979796999938, 44.029949188000046 ], [ -69.382522582999968, 44.05133438200005 ], [ -69.403938293999943, 44.03611373800004 ], [ -69.401977538999972, 43.999103547000061 ], [ -69.415779113999974, 43.983165740000061 ], [ -69.42704772999997, 43.995410918000061 ], [ -69.462913512999933, 43.944202423000036 ], [ -69.491264343999944, 43.852153778000059 ], [ -69.513099670999964, 43.838764191000053 ], [ -69.523979186999952, 43.876060487000075 ], [ -69.505813598999964, 43.88182830900007 ], [ -69.512641906999988, 43.893913269000052 ], [ -69.535667418999935, 43.881927491000056 ], [ -69.541458128999977, 43.90993499700005 ], [ -69.550102232999961, 43.835910797000054 ], [ -69.577095031999988, 43.893272401000047 ], [ -69.589759825999977, 43.811706543000071 ], [ -69.603088378999985, 43.81169509800003 ], [ -69.592193603999988, 43.862392425000053 ], [ -69.617919920999952, 43.827686310000047 ], [ -69.665618896999945, 43.866188049000073 ], [ -69.686614989999953, 43.865505218000067 ], [ -69.661407469999972, 43.882461549000027 ], [ -69.653121948999967, 43.922767640000075 ], [ -69.622085571999946, 43.911258697000051 ], [ -69.619583129999967, 43.930324555000027 ], [ -69.663467406999985, 43.939975738000044 ], [ -69.652366637999933, 43.994327545000033 ], [ -69.612930297999981, 44.033618926000031 ], [ -69.658569335999971, 44.016872406000061 ], [ -69.736145019999981, 43.906314849000069 ], [ -69.764945983999951, 43.89265060300005 ], [ -69.73319244399994, 43.851970673000039 ], [ -69.747863768999935, 43.810050964000027 ], [ -69.717834472999982, 43.843727112000067 ], [ -69.702682493999987, 43.832290649000072 ], [ -69.742782592999959, 43.759292602000073 ], [ -69.769966125999986, 43.76062011700003 ], [ -69.763923644999977, 43.827430724000067 ], [ -69.781204222999975, 43.814762115000065 ], [ -69.813995360999968, 43.994060517000037 ], [ -69.799980162999987, 44.026866913000049 ], [ -69.766754150999986, 44.047733308000034 ], [ -69.777275084999985, 44.074150086000031 ], [ -69.884033202999944, 43.972087861000034 ], [ -69.882064819999982, 43.951969146000067 ], [ -69.828048705999947, 43.982646942000031 ], [ -69.815406798999959, 43.877845765000075 ], [ -69.79692840599995, 43.86859512400008 ], [ -69.801612854999973, 43.782138825000061 ], [ -69.783851622999975, 43.772003174000076 ], [ -69.804756164999958, 43.751705169000047 ], [ -69.775039672999981, 43.750301360000037 ], [ -69.806663513999979, 43.741283417000034 ], [ -69.832809448999967, 43.707473754000034 ], [ -69.853645323999956, 43.708583832000045 ], [ -69.839447021999945, 43.754623413000047 ], [ -69.861122131999934, 43.752571106000062 ], [ -69.868911742999956, 43.791553497000052 ], [ -69.866737365999938, 43.806526184000063 ], [ -69.844429015999935, 43.808109283000078 ], [ -69.846153257999958, 43.842350005000071 ], [ -69.863700866999977, 43.83560562100007 ], [ -69.859619140999939, 43.871486664000031 ], [ -69.904785155999946, 43.870155335000049 ], [ -69.887756347999982, 43.857776642000033 ], [ -69.890075683999953, 43.798137666000059 ], [ -69.910011290999932, 43.793743134000067 ], [ -69.907554625999978, 43.834690094000052 ], [ -69.931243896999945, 43.777988434000065 ], [ -69.949546812999984, 43.779464722000057 ], [ -69.993896483999947, 43.726127625000061 ], [ -69.950004576999959, 43.814571380000075 ], [ -69.933937072999981, 43.828666687000066 ], [ -69.926322936999952, 43.817951202000074 ], [ -69.923950194999975, 43.847045899000079 ], [ -69.935890198999971, 43.859722138000052 ], [ -69.991615293999985, 43.754310608000026 ], [ -70.017379760999972, 43.736408234000066 ], [ -70.010391234999986, 43.747589112000071 ], [ -70.031906126999957, 43.748233796000079 ], [ -69.948379516999978, 43.863296509000065 ], [ -69.990196227999945, 43.85408401400008 ], [ -70.01705932699997, 43.828914642000029 ], [ -69.988647460999971, 43.869537354000045 ], [ -70.017044066999972, 43.861732482000036 ], [ -70.059425352999938, 43.820613861000027 ], [ -70.065177916999971, 43.830810547000056 ], [ -70.095764160999977, 43.817588805000071 ], [ -70.08720397999997, 43.845138550000058 ], [ -70.107658386999958, 43.809276581000063 ], [ -70.184127807999971, 43.769123078000064 ], [ -70.212882994999973, 43.707981109000059 ], [ -70.240051268999935, 43.709209443000077 ], [ -70.238883972999986, 43.661338805000071 ], [ -70.282073974999946, 43.647071838000045 ], [ -70.252967834999936, 43.635314942000036 ], [ -70.226799010999969, 43.650970459000064 ], [ -70.19800567599998, 43.622352600000056 ], [ -70.192199707999976, 43.567520141000045 ], [ -70.257347106999987, 43.555259705000026 ], [ -70.26548767099996, 43.568248749000077 ], [ -70.304794311999956, 43.531093597000051 ], [ -70.324775695999961, 43.558982850000064 ], [ -70.372917175999987, 43.509304047000057 ], [ -70.368675232999976, 43.446331024000074 ], [ -70.327934264999953, 43.452949525000065 ], [ -70.418563841999969, 43.397151947000054 ], [ -70.456970215999945, 43.349472046000074 ], [ -70.538940429999968, 43.335720062000064 ], [ -70.588012694999975, 43.260974883000074 ], [ -70.591842650999979, 43.170944213000041 ], [ -70.615295408999941, 43.166999817000033 ], [ -70.62554931699998, 43.137226105000025 ], [ -70.649497985999972, 43.135566711000081 ], [ -70.646003721999989, 43.104072571000074 ], [ -70.673316955999951, 43.071548462000067 ], [ -70.697303771999941, 43.068511963000049 ], [ -70.730659484999933, 43.10621261600005 ], [ -70.743919372999983, 43.077873229000033 ], [ -70.827392577999944, 43.132251740000072 ], [ -70.884742736999954, 43.127712249000069 ], [ -70.874633787999983, 43.10153198200004 ], [ -70.905448913999976, 43.083992005000027 ], [ -70.918014525999979, 43.043857573000025 ], [ -70.881462097999986, 43.06164932300004 ], [ -70.84876251299994, 43.049488068000073 ], [ -70.852371215999938, 43.107822418000069 ], [ -70.813301085999967, 43.11097335900007 ], [ -70.746734618999938, 43.071571351000046 ], [ -70.761062620999951, 43.046897888000046 ], [ -70.714118957999972, 43.044818877000068 ], [ -70.804817198999956, 42.901466369000048 ], [ -70.827590941999972, 42.909751892000031 ], [ -70.815567016999978, 42.817573547000052 ], [ -70.892196654999964, 42.823509217000037 ], [ -70.849159240999938, 42.793819428000063 ], [ -70.812263489999964, 42.807937622000054 ], [ -70.772743224999942, 42.703720094000062 ], [ -70.78430175799997, 42.696727753000062 ], [ -70.812011717999951, 42.745620728000063 ], [ -70.824722289999954, 42.699989319000053 ], [ -70.739784240999938, 42.674701691000053 ], [ -70.733741760999976, 42.657264710000049 ], [ -70.773727417999964, 42.669181825000067 ], [ -70.762062072999981, 42.63842010500008 ], [ -70.73723602299998, 42.635978700000067 ], [ -70.713203430999954, 42.656295777000025 ], [ -70.68631744399994, 42.644699098000046 ], [ -70.700004577999948, 42.632316590000073 ], [ -70.675865173999966, 42.62851715100004 ], [ -70.678916930999947, 42.655883789000029 ], [ -70.622322081999982, 42.678077698000038 ], [ -70.620292662999987, 42.655738831000065 ], [ -70.591857909999987, 42.650447846000077 ], [ -70.593490600999985, 42.630027771000073 ], [ -70.612213134999934, 42.629608154000039 ], [ -70.655128479999973, 42.580238343000076 ], [ -70.662010192999958, 42.605426788000045 ], [ -70.708648681999989, 42.56840896600005 ], [ -70.818702696999935, 42.545684814000026 ], [ -70.921501160999981, 42.544521331000055 ], [ -70.868019104999973, 42.529148102000079 ], [ -70.889106749999939, 42.489189148000037 ], [ -70.856300353999984, 42.512950898000042 ], [ -70.841270446999943, 42.487579346000075 ], [ -70.891357422999988, 42.45287323000008 ], [ -70.929107665999936, 42.456951140000058 ], [ -70.930717468999944, 42.420619964000025 ], [ -70.910751341999969, 42.408325196000078 ], [ -70.942848204999962, 42.413177490000066 ], [ -70.950752257999966, 42.44564056300004 ], [ -70.988220214999956, 42.398780822000049 ], [ -70.956504821999943, 42.342586517000029 ], [ -70.979438781999988, 42.343574524000076 ], [ -71.000320433999946, 42.377696990000061 ], [ -71.020019529999956, 42.367240906000063 ], [ -70.993156433999957, 42.342075349000027 ], [ -71.052322386999947, 42.352523803000054 ], [ -71.014579771999934, 42.334842681000055 ], [ -71.045547485999975, 42.321914673000038 ], [ -71.034034729999973, 42.286197662000063 ], [ -70.995681761999947, 42.298042298000041 ], [ -71.021697996999933, 42.28455352800006 ], [ -71.002632140999935, 42.266387939000026 ], [ -70.955184936999956, 42.27346420300006 ], [ -70.972892760999969, 42.237064362000069 ], [ -70.960243224999942, 42.228588105000028 ], [ -70.938697814999955, 42.253532409000059 ], [ -70.923202514999957, 42.234516144000054 ], [ -70.901847839999959, 42.259475707000036 ], [ -70.894500731999983, 42.24339294400005 ], [ -70.863105773999962, 42.252182006000055 ], [ -70.914222715999983, 42.30204391400008 ], [ -70.88748931799995, 42.303218842000035 ], [ -70.859855652999954, 42.269374848000041 ], [ -70.786415099999942, 42.234394073000033 ], [ -70.774597168999946, 42.248645783000029 ], [ -70.718513487999985, 42.201786042000037 ], [ -70.734306335999975, 42.155822754000042 ], [ -70.708366393999938, 42.141078949000075 ], [ -70.704315185999974, 42.161426544000051 ], [ -70.600585937999938, 42.002410889000032 ], [ -70.638778686999956, 41.992046357000049 ], [ -70.643699645999959, 42.005352020000032 ], [ -70.621597289999954, 42.015232087000072 ], [ -70.66142272899998, 42.061256409000066 ], [ -70.670745849999946, 42.008323670000038 ], [ -70.706611632999966, 42.007881164000025 ], [ -70.701766967999959, 41.99276352000004 ], [ -70.644531249999943, 41.949485778000053 ], [ -70.646812438999973, 41.979080200000055 ], [ -70.622657776999972, 41.942096710000044 ], [ -70.541229247999979, 41.928127288000042 ], [ -70.537704466999969, 41.805763245000037 ], [ -70.457695007999973, 41.762248992000025 ], [ -70.643249510999965, 41.657142638000039 ], [ -70.657836912999983, 41.658161164000035 ], [ -70.618949889999953, 41.673950196000078 ], [ -70.631744384999934, 41.689277649000076 ], [ -70.658638, 41.679988862000073 ], [ -70.621192930999939, 41.703990937000071 ], [ -70.634017944999982, 41.718864440000061 ], [ -70.618209838999974, 41.737659455000028 ], [ -70.654861449999942, 41.733489990000066 ], [ -70.646087647999934, 41.711002349000069 ], [ -70.667144775999986, 41.695194245000039 ], [ -70.65396881099997, 41.713478089000034 ], [ -70.694236755999952, 41.720878601000038 ], [ -70.706649779999964, 41.744815826000035 ], [ -70.735290526999961, 41.724651337000068 ], [ -70.71806335499997, 41.671974182000042 ], [ -70.751670837999939, 41.70326232900004 ], [ -70.744430540999986, 41.67355346800008 ], [ -70.757949828999983, 41.673896790000072 ], [ -70.770225524999944, 41.634231567000029 ], [ -70.779914855999948, 41.650825500000053 ], [ -70.814834595999969, 41.653514863000055 ], [ -70.799331665999944, 41.629508973000043 ], [ -70.867614746999948, 41.628009797000061 ], [ -70.865325926999958, 41.582992554000043 ], [ -70.913116455999955, 41.66953277500005 ], [ -70.924789428999986, 41.641654969000058 ], [ -70.908508300999983, 41.592666626000039 ], [ -70.927452086999949, 41.609016419000056 ], [ -70.937995910999973, 41.578384400000061 ], [ -70.956764219999968, 41.598812102000068 ], [ -70.965194702999952, 41.588565826000035 ], [ -70.931976316999965, 41.541053773000044 ], [ -70.989692687999934, 41.532829285000048 ], [ -70.98905181799995, 41.519733430000031 ], [ -71.051094054999965, 41.496509552000077 ], [ -71.082885742999963, 41.505466461000026 ], [ -71.045097350999981, 41.514133454000046 ], [ -71.069168090999938, 41.599155427000028 ], [ -71.066001891999974, 41.527782440000067 ], [ -71.081054687999938, 41.519954681000058 ], [ -71.11209869399994, 41.541088105000028 ], [ -71.096870420999949, 41.508502960000044 ], [ -71.131378172999973, 41.489753723000035 ], [ -71.134147644999985, 41.512065888000052 ], [ -71.146560668999939, 41.478286743000069 ], [ -71.199523925999983, 41.451236725000058 ], [ -71.204475402999947, 41.533145904000037 ], [ -71.219802856999934, 41.53347778300008 ], [ -71.223327636999954, 41.553077697000049 ], [ -71.194419859999982, 41.600585938000052 ], [ -71.213172912999937, 41.623249054000041 ], [ -71.198806761999947, 41.678504944000053 ], [ -71.143310546999942, 41.737812043000076 ], [ -71.193946836999942, 41.70457839900007 ], [ -71.22290038999995, 41.719284057000039 ], [ -71.23976135199996, 41.697395325000059 ], [ -71.256378173999963, 41.712734223000041 ], [ -71.244247435999966, 41.67705154500004 ], [ -71.258811951999974, 41.650569916000052 ], [ -71.285079955999947, 41.670654296000066 ], [ -71.303627013999971, 41.651969911000037 ], [ -71.293312072999981, 41.721603393000066 ] ], [ [ -71.306938170999956, 41.742687226000044 ], [ -71.293312072999981, 41.721603393000066 ], [ -71.288665771999945, 41.752933502000076 ], [ -71.306938170999956, 41.742687226000044 ] ], [ [ -69.577095031999988, 43.893272401000047 ], [ -69.562416075999977, 43.910186767000027 ], [ -69.57157897899998, 43.945144652000067 ], [ -69.526969909999934, 44.004749298000036 ], [ -69.529563903999986, 44.033115387000066 ], [ -69.595359801999962, 43.911739349000072 ], [ -69.573417663999976, 43.916938782000045 ], [ -69.577095031999988, 43.893272401000047 ] ], [ [ -71.143310546999942, 41.737812043000076 ], [ -71.106040954999969, 41.777580260000036 ], [ -71.117904661999944, 41.818725586000028 ], [ -71.143310546999942, 41.737812043000076 ] ] ] } },
{ "type": "Feature", "properties": { "PROVINCE": "CENTRAL LOWLAND" }, "geometry": { "type": "Polygon", "coordinates": [ [ [ -75.764701842999955, 44.44836044300007 ], [ -75.796272277999947, 44.462760925000055 ], [ -75.758651732999965, 44.517532348000032 ], [ -75.620773315999941, 44.615085602000079 ], [ -75.61881256099997, 44.576633453000056 ], [ -75.764701842999955, 44.44836044300007 ] ] ] } },
{ "type": "Feature", "properties": { "PROVINCE": "NEW ENGLAND" }, "geometry": { "type": "Polygon", "coordinates": [ [ [ -67.312271117999956, 44.612308502000076 ], [ -67.267669677999947, 44.614639282000041 ], [ -67.301788329999965, 44.601268768000068 ], [ -67.312271117999956, 44.612308502000076 ] ] ] } },
{ "type": "Feature", "properties": { "PROVINCE": "NEW ENGLAND" }, "geometry": { "type": "Polygon", "coordinates": [ [ [ -67.529197692999958, 44.589630127000078 ], [ -67.479721068999936, 44.589504242000032 ], [ -67.531204223999964, 44.568695068000068 ], [ -67.529197692999958, 44.589630127000078 ] ] ] } },
{ "type": "Feature", "properties": { "PROVINCE": "NEW ENGLAND" }, "geometry": { "type": "Polygon", "coordinates": [ [ [ -68.787414550999983, 44.52729034400005 ], [ -68.782180785999969, 44.561798095000029 ], [ -68.760330199999942, 44.528968811000027 ], [ -68.777023314999951, 44.512271881000061 ], [ -68.787414550999983, 44.52729034400005 ] ] ] } },
{ "type": "Feature", "properties": { "PROVINCE": "NEW ENGLAND" }, "geometry": { "type": "Polygon", "coordinates": [ [ [ -67.599121093999941, 44.496101380000027 ], [ -67.587043761999951, 44.515171051000038 ], [ -67.588439940999933, 44.493755341000053 ], [ -67.560821532999967, 44.473686218000068 ], [ -67.587928771999941, 44.451686860000052 ], [ -67.599121093999941, 44.496101380000027 ] ] ] } },
{ "type": "Feature", "properties": { "PROVINCE": "NEW ENGLAND" }, "geometry": { "type": "Polygon", "coordinates": [ [ [ -68.851455687999987, 44.470142364000026 ], [ -68.825042724999946, 44.475627899000074 ], [ -68.808868407999967, 44.465106964000029 ], [ -68.845367431999932, 44.448715210000046 ], [ -68.851455687999987, 44.470142364000026 ] ] ] } },
{ "type": "Feature", "properties": { "PROVINCE": "NEW ENGLAND" }, "geometry": { "type": "Polygon", "coordinates": [ [ [ -68.87167358399995, 44.467433929000038 ], [ -68.852447508999944, 44.473648071000071 ], [ -68.851455687999987, 44.470142364000026 ], [ -68.87167358399995, 44.467433929000038 ] ] ] } },
{ "type": "Feature", "properties": { "PROVINCE": "NEW ENGLAND" }, "geometry": { "type": "Polygon", "coordinates": [ [ [ -68.976417541999979, 44.430229187000066 ], [ -68.93700408899997, 44.450107575000061 ], [ -68.87167358399995, 44.467433929000038 ], [ -68.941001891999974, 44.429550171000074 ], [ -68.976417541999979, 44.430229187000066 ] ] ] } },
{ "type": "Feature", "properties": { "PROVINCE": "ST. LAWRENCE VALLEY" }, "geometry": { "type": "Polygon", "coordinates": [ [ [ -75.764701842999955, 44.44836044300007 ], [ -75.761291503999985, 44.446807861000025 ], [ -75.777839660999973, 44.430503845000032 ], [ -75.779479979999962, 44.435218811000027 ], [ -75.764701842999955, 44.44836044300007 ] ] ] } },
{ "type": "Feature", "properties": { "PROVINCE": "COLUMBIA PLATEAU" }, "geometry": { "type": "Polygon", "coordinates": [ [ [ -111.335838318999947, 44.421634673000028 ], [ -111.255615233999947, 44.390308379000032 ], [ -111.170783998, 44.276153564000026 ], [ -111.154762267999956, 44.201408387000072 ], [ -111.169982909999987, 44.087646483000071 ], [ -111.257667541999979, 43.864250182000035 ], [ -111.484222411999951, 43.596252441000047 ], [ -111.733421324999938, 43.36333084000006 ], [ -112.001502989999949, 43.256809234000059 ], [ -112.28589630099998, 43.094852446000061 ], [ -112.485824583999943, 42.954814910000039 ], [ -112.766448973999957, 42.795486449000066 ], [ -112.88110351499995, 42.674465180000027 ], [ -113.258377073999952, 42.470420838000052 ], [ -113.425033569, 42.359157561000075 ], [ -113.52960205, 42.272529602000077 ], [ -113.642265318999989, 42.135246277000078 ], [ -113.861122130999945, 41.921947479000039 ], [ -114.260772704999965, 41.853576661000034 ], [ -114.345207214999959, 41.802761077000071 ], [ -114.400894164999954, 41.735507966000057 ], [ -114.516021727999942, 41.654521943000077 ], [ -114.648208616999966, 41.596305846000064 ], [ -114.801292417999946, 41.558639526000036 ], [ -114.909416198999963, 41.562721254000053 ], [ -115.073257446999946, 41.609298705000072 ], [ -115.048202514999957, 41.915275574000077 ], [ -115.096038817999954, 42.244235992000029 ], [ -115.095214843999941, 42.412799835000044 ], [ -115.066535948999956, 42.681484223000041 ], [ -115.124389647999976, 42.895931244000053 ], [ -115.293304443999943, 43.177940368000066 ], [ -115.128379819999964, 43.188720703000058 ], [ -114.96308898999996, 43.220951080000077 ], [ -114.615562439999962, 43.335159303000069 ], [ -114.336471556999982, 43.387043 ], [ -114.181770324999945, 43.450111388000039 ], [ -114.048400877999939, 43.45555114800004 ], [ -113.946281432999967, 43.413150787000063 ], [ -113.824134825999977, 43.402317048000043 ], [ -113.628280638999968, 43.448326110000039 ], [ -113.295822143999942, 43.66736602800006 ], [ -113.205841064999959, 43.692207336000081 ], [ -113.032035828999938, 43.64150619600008 ], [ -112.941284180999958, 43.663707733000081 ], [ -112.866378784999938, 43.736347199000079 ], [ -112.844001769999977, 43.836864472000059 ], [ -112.849006652999947, 43.93841171300005 ], [ -112.755638123999972, 43.994392395000034 ], [ -112.581024170999967, 44.018207549000067 ], [ -112.448356627999942, 44.080875396000067 ], [ -112.135269165999944, 44.277591706000067 ], [ -112.035850523999954, 44.357799529000033 ], [ -111.917541503999985, 44.410011292000036 ], [ -111.774230957999976, 44.436557770000036 ], [ -111.469291686999952, 44.445068359000061 ], [ -111.335838318999947, 44.421634673000028 ] ] ] } },
{ "type": "Feature", "properties": { "PROVINCE": "NEW ENGLAND" }, "geometry": { "type": "Polygon", "coordinates": [ [ [ -68.387916564999955, 44.377254486000027 ], [ -68.350250243999938, 44.398952484000063 ], [ -68.355438232999973, 44.428855896000073 ], [ -68.250648498999965, 44.440364837000061 ], [ -68.244918822999978, 44.41727829000007 ], [ -68.18843841599994, 44.381023407000043 ], [ -68.163246153999978, 44.331508636000081 ], [ -68.258865356999934, 44.283157349000078 ], [ -68.285804747999975, 44.28979873600008 ], [ -68.297828673999959, 44.359722138000052 ], [ -68.316841125999986, 44.369667053000057 ], [ -68.305374144999973, 44.285160064000081 ], [ -68.320678710999971, 44.278049469000052 ], [ -68.28663635199996, 44.264717102000077 ], [ -68.285911559999988, 44.250534058000028 ], [ -68.330200194999975, 44.21773147600004 ], [ -68.345344542999953, 44.243034363000049 ], [ -68.358207702999948, 44.226684570000032 ], [ -68.381561278999982, 44.261001587000067 ], [ -68.402389525999979, 44.25640487700008 ], [ -68.418540954999969, 44.293151856000065 ], [ -68.424057006999988, 44.319412231000058 ], [ -68.387916564999955, 44.377254486000027 ] ] ] } },
{ "type": "Feature", "properties": { "PROVINCE": "NEW ENGLAND" }, "geometry": { "type": "Polygon", "coordinates": [ [ [ -68.989219664999951, 44.423767090000069 ], [ -68.990257262999933, 44.430496216000051 ], [ -68.976417541999979, 44.430229187000066 ], [ -68.981063842999959, 44.427883149000081 ], [ -68.989219664999951, 44.423767090000069 ] ] ] } },
{ "type": "Feature", "properties": { "PROVINCE": "NEW ENGLAND" }, "geometry": { "type": "Polygon", "coordinates": [ [ [ -68.871719359999986, 44.388549805000025 ], [ -68.858230590999938, 44.363834381000061 ], [ -68.885505676999969, 44.341598511000029 ], [ -68.87950897199994, 44.302566528000057 ], [ -68.914672851999967, 44.225864410000042 ], [ -68.915985106999983, 44.276576996000074 ], [ -68.932609557999967, 44.284973145000038 ], [ -68.90487670899995, 44.322257996000076 ], [ -68.903770446999943, 44.371063233000029 ], [ -68.871719359999986, 44.388549805000025 ] ] ] } },
{ "type": "Feature", "properties": { "PROVINCE": "NEW ENGLAND" }, "geometry": { "type": "Polygon", "coordinates": [ [ [ -68.512916564999955, 44.328128815000071 ], [ -68.537910460999967, 44.33554840100004 ], [ -68.509017943999936, 44.384132386000033 ], [ -68.474586486999954, 44.327453614000035 ], [ -68.48371887199994, 44.317329407000045 ], [ -68.512916564999955, 44.328128815000071 ] ] ] } },
{ "type": "Feature", "properties": { "PROVINCE": "NEW ENGLAND" }, "geometry": { "type": "Polygon", "coordinates": [ [ [ -68.450851439999951, 44.343818664000025 ], [ -68.425117492999959, 44.37653350800008 ], [ -68.427474974999939, 44.33233642600004 ], [ -68.442886352999949, 44.323848724000072 ], [ -68.450851439999951, 44.343818664000025 ] ] ] } },
{ "type": "Feature", "properties": { "PROVINCE": "CENTRAL LOWLAND" }, "geometry": { "type": "Polygon", "coordinates": [ [ [ -75.936737059999984, 44.359615326000039 ], [ -75.91835784899996, 44.366199493000067 ], [ -75.958549499999947, 44.31956481900005 ], [ -76.024002074999942, 44.286666870000033 ], [ -76.046554565999941, 44.293617249000079 ], [ -76.03125, 44.31527710000006 ], [ -76.053215026999965, 44.323608399000079 ], [ -75.986892699999942, 44.349231720000034 ], [ -76.004074096999943, 44.325263977000077 ], [ -75.936737059999984, 44.359615326000039 ] ] ] } },
{ "type": "Feature", "properties": { "PROVINCE": "NEW ENGLAND" }, "geometry": { "type": "Polygon", "coordinates": [ [ [ -68.741127014999961, 44.297622681000064 ], [ -68.731246947999978, 44.309558869000057 ], [ -68.687515258999952, 44.279972076000035 ], [ -68.741127014999961, 44.297622681000064 ] ] ] } },
{ "type": "Feature", "properties": { "PROVINCE": "CENTRAL LOWLAND" }, "geometry": { "type": "Polygon", "coordinates": [ [ [ -76.157173156999988, 44.278190613000049 ], [ -76.098739623999961, 44.287788391000049 ], [ -76.079475402999947, 44.30496215800008 ], [ -76.09503936699997, 44.271434784000064 ], [ -76.137634276999961, 44.24568176300005 ], [ -76.132385253999985, 44.261268616000052 ], [ -76.162338256999988, 44.259868622000056 ], [ -76.157173156999988, 44.278190613000049 ] ] ] } },
{ "type": "Feature", "properties": { "PROVINCE": "NEW ENGLAND" }, "geometry": { "type": "Polygon", "coordinates": [ [ [ -68.671157836999953, 44.276580811000031 ], [ -68.617805480999948, 44.256168365000065 ], [ -68.602592467999955, 44.230445862000067 ], [ -68.621093749999943, 44.230739594000056 ], [ -68.598350524999944, 44.211559296000075 ], [ -68.663528441999972, 44.21921539300007 ], [ -68.618164062999938, 44.20323181200007 ], [ -68.646286010999972, 44.202999115000068 ], [ -68.649909972999978, 44.189456940000071 ], [ -68.621253966999973, 44.172321320000037 ], [ -68.668075560999966, 44.153213501000039 ], [ -68.714790343999937, 44.167861939000034 ], [ -68.701278686999956, 44.193794251000043 ], [ -68.727455138999971, 44.218570710000051 ], [ -68.676963805999947, 44.227054596000073 ], [ -68.693191527999943, 44.248241424000071 ], [ -68.671157836999953, 44.276580811000031 ] ] ] } },
{ "type": "Feature", "properties": { "PROVINCE": "NEW ENGLAND" }, "geometry": { "type": "Polygon", "coordinates": [ [ [ -68.949501037999937, 44.264163971000073 ], [ -68.937492370999962, 44.271011353000063 ], [ -68.92848205599995, 44.254688263000048 ], [ -68.949150085999975, 44.243156433000081 ], [ -68.949501037999937, 44.264163971000073 ] ] ] } },
{ "type": "Feature", "properties": { "PROVINCE": "NEW ENGLAND" }, "geometry": { "type": "Polygon", "coordinates": [ [ [ -68.483795165999936, 44.167137146000073 ], [ -68.45230102499994, 44.185455322000053 ], [ -68.445327758999952, 44.169185638000044 ], [ -68.412216185999966, 44.176013947000058 ], [ -68.414573668999935, 44.193912506000061 ], [ -68.384529113999974, 44.155673981000064 ], [ -68.392433165999932, 44.137290954000036 ], [ -68.418945311999948, 44.132934570000032 ], [ -68.434249877999946, 44.156398773000035 ], [ -68.448310851999963, 44.140552521000075 ], [ -68.457038878999981, 44.158718109000063 ], [ -68.488075255999945, 44.145862579000038 ], [ -68.483795165999936, 44.167137146000073 ] ] ] } },
{ "type": "Feature", "properties": { "PROVINCE": "NEW ENGLAND" }, "geometry": { "type": "Polygon", "coordinates": [ [ [ -68.811988830999951, 44.182189941000047 ], [ -68.814239501999964, 44.152614594000056 ], [ -68.854103087999988, 44.148685456000067 ], [ -68.874061583999946, 44.129383087000065 ], [ -68.873802184999988, 44.141235351000034 ], [ -68.90237426799996, 44.134578705000081 ], [ -68.94002532899998, 44.108642578000058 ], [ -68.908843993999938, 44.150344849000078 ], [ -68.873443602999942, 44.15445709200003 ], [ -68.873580932999971, 44.169521332000045 ], [ -68.841224670999964, 44.183784485000047 ], [ -68.811988830999951, 44.182189941000047 ] ] ] } },
{ "type": "Feature", "properties": { "PROVINCE": "CENTRAL LOWLAND" }, "geometry": { "type": "Polygon", "coordinates": [ [ [ -76.31784057699997, 44.178386688000046 ], [ -76.271438598999964, 44.182376862000069 ], [ -76.317390441999976, 44.165180206000059 ], [ -76.31784057699997, 44.178386688000046 ] ] ] } },
{ "type": "Feature", "properties": { "PROVINCE": "NEW ENGLAND" }, "geometry": { "type": "Polygon", "coordinates": [ [ [ -68.838005064999948, 44.117034912000065 ], [ -68.845336913999972, 44.129642487000069 ], [ -68.799995421999938, 44.11372375500008 ], [ -68.825263976999963, 44.100112915000068 ], [ -68.838005064999948, 44.117034912000065 ] ] ] } },
{ "type": "Feature", "properties": { "PROVINCE": "NEW ENGLAND" }, "geometry": { "type": "Polygon", "coordinates": [ [ [ -68.363868712999988, 44.120101929000043 ], [ -68.335098266999978, 44.128467560000047 ], [ -68.325477599999942, 44.106143952000025 ], [ -68.363395690999937, 44.102741242000036 ], [ -68.363868712999988, 44.120101929000043 ] ] ] } },
{ "type": "Feature", "properties": { "PROVINCE": "COLUMBIA PLATEAU" }, "geometry": { "type": "Polygon", "coordinates": [ [ [ -119.362190245999955, 44.121452332000047 ], [ -119.240943908999952, 44.094909668000071 ], [ -118.967582701999959, 44.127971649000074 ], [ -118.66821288999995, 44.008056641000053 ], [ -118.686752317999947, 43.943103790000066 ], [ -118.686279296999942, 43.778835296000068 ], [ -118.507377623999957, 43.392780304000041 ], [ -118.480003355999941, 43.244846344000052 ], [ -118.407974242999956, 43.116348266000045 ], [ -118.360183716999984, 42.984970093000072 ], [ -118.192070007999973, 42.71726989800004 ], [ -118.38394164999994, 42.832508088000054 ], [ -118.738578796999946, 42.951374053000052 ], [ -119.098312377999946, 43.012474061000034 ], [ -119.532585142999949, 43.034175873000038 ], [ -120.190254211999957, 43.032245637000074 ], [ -120.613273620999962, 43.060199738000051 ], [ -120.809486389999961, 43.09982681200006 ], [ -121.385856627999942, 43.134956360000047 ], [ -121.855796814999962, 43.115077973000041 ], [ -121.817230224999946, 43.380558013000041 ], [ -121.390731810999966, 43.680252076000045 ], [ -121.235031127999946, 43.77500152600004 ], [ -121.10552215599995, 43.82905960100004 ], [ -120.552116392999949, 43.848575593000078 ], [ -119.909500122999987, 43.902336120000029 ], [ -119.565940856999987, 43.988914489000081 ], [ -119.362190245999955, 44.121452332000047 ] ] ] } },
{ "type": "Feature", "properties": { "PROVINCE": "NEW ENGLAND" }, "geometry": { "type": "Polygon", "coordinates": [ [ [ -68.875862120999955, 44.080173492000029 ], [ -68.89953613299997, 44.104354858000079 ], [ -68.868850707999968, 44.122337341000048 ], [ -68.820220946999939, 44.08257675200008 ], [ -68.777580260999969, 44.090026856000065 ], [ -68.771453856999983, 44.061954498000034 ], [ -68.821525573999963, 44.031978607000042 ], [ -68.818664549999937, 44.052856446000078 ], [ -68.860298155999942, 44.049915314000032 ], [ -68.850990295999964, 44.07191085900007 ], [ -68.875862120999955, 44.080173492000029 ] ] ] } },
{ "type": "Feature", "properties": { "PROVINCE": "NEW ENGLAND" }, "geometry": { "type": "Polygon", "coordinates": [ [ [ -68.693717956999933, 44.037418365000065 ], [ -68.683868407999967, 44.049343109000063 ], [ -68.698577880999949, 44.05677795400004 ], [ -68.642677306999985, 44.086933136000027 ], [ -68.652671813999973, 44.016609192000033 ], [ -68.696304321999946, 44.012428284000066 ], [ -68.693717956999933, 44.037418365000065 ] ] ] } },
{ "type": "Feature", "properties": { "PROVINCE": "CENTRAL LOWLAND" }, "geometry": { "type": "Polygon", "coordinates": [ [ [ -76.379013060999966, 44.050148011000033 ], [ -76.349632263, 44.047023773000035 ], [ -76.379692077999948, 44.033275604000039 ], [ -76.379013060999966, 44.050148011000033 ] ] ] } },
{ "type": "Feature", "properties": { "PROVINCE": "APPALACHIAN PLATEAUS" }, "geometry": { "type": "Polygon", "coordinates": [ [ [ -75.627243041999975, 43.11454391500007 ], [ -75.492996215999938, 43.141399383000078 ], [ -75.48030853299997, 43.225078583000027 ], [ -75.568672179999965, 43.317871094000054 ], [ -75.811203003999935, 43.443634032000034 ], [ -75.903076172999988, 43.516151428000057 ], [ -75.982002257999966, 43.630935670000042 ], [ -75.981513976999963, 43.701015472000051 ], [ -75.956649779999964, 43.793819428000063 ], [ -75.882743834999985, 43.882495880000079 ], [ -75.694412230999944, 44.006046295000033 ], [ -75.691154479999966, 44.034996033000027 ], [ -75.467468261999954, 43.852443695000034 ], [ -75.325569152999947, 43.706401825000057 ], [ -75.195838927999944, 43.39675903300008 ], [ -74.926849364999953, 43.253623963000052 ], [ -74.601356506999934, 43.201023102000079 ], [ -74.494392394999977, 43.107154846000071 ], [ -74.399688720999961, 43.07608795200008 ], [ -74.196022032999963, 43.184490204000042 ], [ -74.099456786999951, 43.146446228000059 ], [ -74.001274108999951, 43.13256073000008 ], [ -73.994300841999973, 43.084365845000036 ], [ -73.915176391999978, 42.997108460000049 ], [ -73.950775146999945, 42.889591218000078 ], [ -73.930938720999961, 42.836349487000064 ], [ -73.954170226999963, 42.741859436000027 ], [ -74.377197265999939, 42.858467102000077 ], [ -74.619346618999941, 42.952919007000048 ], [ -74.953247069999975, 43.027709961000028 ], [ -75.128799438999977, 43.060794831000067 ], [ -75.627243041999975, 43.11454391500007 ] ] ] } },
{ "type": "Feature", "properties": { "PROVINCE": "NEW ENGLAND" }, "geometry": { "type": "Polygon", "coordinates": [ [ [ -69.577095031999988, 43.893272400000058 ], [ -69.573417663999976, 43.916938782000045 ], [ -69.595359801999962, 43.911739349000072 ], [ -69.529563903999986, 44.033115387000066 ], [ -69.526969909999934, 44.004749298000036 ], [ -69.57157897899998, 43.945144653000057 ], [ -69.562416075999977, 43.910186768000074 ], [ -69.577095031999988, 43.893272400000058 ] ] ] } },
{ "type": "Feature", "properties": { "PROVINCE": "CENTRAL LOWLAND" }, "geometry": { "type": "Polygon", "coordinates": [ [ [ -76.279342650999979, 44.000404358000026 ], [ -76.290344237999989, 44.006141663000051 ], [ -76.266616821999946, 44.019302368000069 ], [ -76.203926085999967, 44.027652740000065 ], [ -76.251037597999982, 43.971271515000069 ], [ -76.287605285999973, 43.962444305000076 ], [ -76.279342650999979, 44.000404358000026 ] ] ] } },
{ "type": "Feature", "properties": { "PROVINCE": "NEW ENGLAND" }, "geometry": { "type": "Polygon", "coordinates": [ [ [ -69.654869079999969, 43.982128143000068 ], [ -69.706260680999947, 43.866142273000037 ], [ -69.720977782999967, 43.904914856000062 ], [ -69.654869079999969, 43.982128143000068 ] ] ] } },
{ "type": "Feature", "properties": { "PROVINCE": "CENTRAL LOWLAND" }, "geometry": { "type": "Polygon", "coordinates": [ [ [ -76.413780211999949, 43.918293 ], [ -76.381462097999986, 43.920242310000049 ], [ -76.448966979999966, 43.88985443100006 ], [ -76.413780211999949, 43.918293 ] ] ] } },
{ "type": "Feature", "properties": { "PROVINCE": "CENTRAL LOWLAND" }, "geometry": { "type": "Polygon", "coordinates": [ [ [ -76.354774474999942, 43.883361816000047 ], [ -76.343460082999968, 43.904972076000035 ], [ -76.305801391999978, 43.91793823200004 ], [ -76.326927184999988, 43.885677337000061 ], [ -76.354774474999942, 43.883361816000047 ] ] ] } },
{ "type": "Feature", "properties": { "PROVINCE": "CENTRAL LOWLAND" }, "geometry": { "type": "Polygon", "coordinates": [ [ [ -83.425979613999971, 43.821544647000053 ], [ -83.464508056999989, 43.816913604000035 ], [ -83.434097289999954, 43.837425232000044 ], [ -83.443595885999969, 43.859306335000042 ], [ -83.405349730999944, 43.831993103000059 ], [ -83.425979613999971, 43.821544647000053 ] ] ] } },
{ "type": "Feature", "properties": { "PROVINCE": "NEW ENGLAND" }, "geometry": { "type": "Polygon", "coordinates": [ [ [ -72.930747985999972, 43.798007965000068 ], [ -72.881401060999963, 43.746608735000052 ], [ -72.868240355999944, 43.587696076000043 ], [ -73.053192138999975, 43.135360718000072 ], [ -73.112068176999969, 43.053535461000081 ], [ -73.123886107999965, 42.985958098000026 ], [ -73.114982604999966, 42.90779113800005 ], [ -73.174629210999967, 42.856346131000066 ], [ -73.232414244999973, 42.842662812000071 ], [ -73.249992370999962, 42.793766021000067 ], [ -73.161056517999953, 42.727973938000048 ], [ -73.116485594999972, 42.664836883000078 ], [ -73.150367736999954, 42.463607788000047 ], [ -73.259422301999962, 42.179283142000031 ], [ -73.244606017999956, 42.052501678000056 ], [ -73.267585754999971, 41.903266907000045 ], [ -73.41799926799996, 41.782356262000064 ], [ -73.625534056999982, 41.69622421300005 ], [ -73.609603881999988, 41.785499573000038 ], [ -73.574073791999979, 41.837879180000073 ], [ -73.588325500999986, 41.927963257000044 ], [ -73.523780822999981, 42.105499268000074 ], [ -73.529495238999971, 42.165386199000068 ], [ -73.574287413999969, 42.274364472000059 ], [ -73.499099730999944, 42.48803711000005 ], [ -73.493949889999953, 42.552158355000074 ], [ -73.516052246999948, 42.593139648000033 ], [ -73.500465391999967, 42.706047058000081 ], [ -73.363204955999947, 42.912132263000046 ], [ -73.350799559999984, 42.987564087000067 ], [ -73.372810362999985, 43.213241577000076 ], [ -73.413345335999963, 43.393409729000041 ], [ -73.374038696999946, 43.433235168000067 ], [ -73.211692809999988, 43.432071685000039 ], [ -73.18095397999997, 43.478363037000065 ], [ -73.196159363999982, 43.535633088000054 ], [ -73.148994445999961, 43.725196838000045 ], [ -73.152854918999935, 43.781784057000039 ], [ -73.123458862999939, 43.845916748000036 ], [ -73.008895873999961, 43.827148438000052 ], [ -72.947227477999945, 43.787315369000055 ], [ -72.930747985999972, 43.798007965000068 ] ] ] } },
{ "type": "Feature", "properties": { "PROVINCE": "NEW ENGLAND" }, "geometry": { "type": "Polygon", "coordinates": [ [ [ -69.670120238999971, 43.83533477800006 ], [ -69.641670226999963, 43.833484650000059 ], [ -69.651596068999936, 43.787315369000055 ], [ -69.683509826999966, 43.824375153000062 ], [ -69.670120238999971, 43.83533477800006 ] ] ] } },
{ "type": "Feature", "properties": { "PROVINCE": "WYOMING BASIN" }, "geometry": { "type": "Polygon", "coordinates": [ [ [ -106.968597411999951, 43.343166353000072 ], [ -106.707443237999939, 42.919433594000054 ], [ -106.637252807999971, 42.850238800000056 ], [ -106.425552367999956, 42.743194580000079 ], [ -106.212341306999974, 42.531982421000066 ], [ -105.908752442999969, 42.376983643000074 ], [ -105.692260742999963, 42.149066925000056 ], [ -105.619247436999956, 42.058673858000077 ], [ -105.546775816999968, 41.857925415000068 ], [ -105.510803223999972, 41.571311951000041 ], [ -105.498924255999952, 41.268547057000035 ], [ -105.557312010999965, 41.192306519000056 ], [ -105.783180235999964, 41.045864104000032 ], [ -105.858932493999987, 41.070423127000026 ], [ -105.982109068999989, 41.377258299000061 ], [ -106.098876952999944, 41.537448882000035 ], [ -106.145179748999965, 41.59129714900007 ], [ -106.249679564999951, 41.645256043000074 ], [ -106.38603210499997, 41.562297822000062 ], [ -106.466201782999974, 41.581287384000063 ], [ -106.53607177799995, 41.573928834000071 ], [ -106.568695068999943, 41.504116058000079 ], [ -106.352890015999947, 41.095294952000074 ], [ -106.359527588999981, 41.037250519000054 ], [ -106.483619688999966, 41.025508880000075 ], [ -106.708724975999985, 41.206443786000079 ], [ -106.945755004999967, 41.329982757000039 ], [ -107.089149473999953, 41.328697204000036 ], [ -107.151214599999946, 41.232212066000045 ], [ -107.150947569999971, 41.161968232000049 ], [ -107.107910154999956, 41.06353759700005 ], [ -106.975814819, 40.854637146000073 ], [ -106.861724854999977, 40.717502594000052 ], [ -106.741981504999956, 40.508872985000039 ], [ -106.736930847999986, 40.32884597900005 ], [ -106.761116026999957, 40.262928008000074 ], [ -106.76563263099996, 40.192287445000034 ], [ -106.65992737, 40.027091982000059 ], [ -106.604064942999969, 39.85448455900007 ], [ -106.669326781999985, 39.812343598000041 ], [ -106.779624937999984, 39.822269439000024 ], [ -106.926925657999959, 39.913555145000032 ], [ -107.176979064999955, 40.126583098000026 ], [ -107.300636292999968, 40.150787353000055 ], [ -107.427131651999957, 40.110744476000036 ], [ -107.504539489999956, 40.039928435000036 ], [ -107.608634948999963, 39.979385377000028 ], [ -107.863273619999973, 39.863151549000065 ], [ -107.889465331999986, 40.026817321000067 ], [ -108.007209777999947, 40.195682526000041 ], [ -108.133926390999989, 40.297248839000076 ], [ -108.345046995999951, 40.370937346000062 ], [ -108.521522520999952, 40.412582397000051 ], [ -108.487792969999987, 40.474960327000076 ], [ -108.523223875999975, 40.581542968000065 ], [ -108.605758667999964, 40.616390228000057 ], [ -108.784317016999978, 40.652610779000042 ], [ -108.779335020999952, 40.696197510000047 ], [ -108.701828001999957, 40.810958863000053 ], [ -108.786155699999938, 40.936443328000053 ], [ -108.952575683999953, 41.005531310000038 ], [ -109.138542173999952, 41.016487121000068 ], [ -109.690330504999963, 40.981239320000043 ], [ -110.091094971999951, 41.057826997000063 ], [ -110.549911498999961, 40.933330534000049 ], [ -110.648689269999977, 40.934501649000026 ], [ -110.678359984999986, 41.004329681000058 ], [ -110.65523529099994, 41.118667603000063 ], [ -110.556915282999967, 41.284885406000058 ], [ -110.437294004999956, 41.443981171000075 ], [ -110.376762389999953, 41.752494811000076 ], [ -110.413238525999986, 41.863132477000079 ], [ -110.411582946999943, 41.957466126000043 ], [ -110.352951049999945, 42.233959197000047 ], [ -110.349761963999981, 42.686077117000025 ], [ -110.366905211999949, 42.815017699000066 ], [ -110.448616026999957, 43.005081175000043 ], [ -110.521820068999943, 43.114658355000074 ], [ -110.535949706999986, 43.207229614000028 ], [ -110.49028778099995, 43.290870666000046 ], [ -110.379196166999975, 43.32143783600003 ], [ -110.096603393999942, 43.147983550000049 ], [ -109.787193299999956, 43.037513734000072 ], [ -109.287536619999969, 42.764644624000027 ], [ -108.829093932999967, 42.416687011000079 ], [ -108.696891783999945, 42.364742279000041 ], [ -108.565856932999964, 42.341270446000067 ], [ -108.45882415899996, 42.34081268400007 ], [ -108.310150144999966, 42.43540573100006 ], [ -108.276748655999938, 42.504184724000027 ], [ -108.314147949999949, 42.601142882000033 ], [ -108.421249388999968, 42.694370270000036 ], [ -108.744926452999948, 42.848602296000081 ], [ -108.919181822999974, 42.985595704000048 ], [ -109.030799864999949, 43.125709535000055 ], [ -109.13355255, 43.218730927000081 ], [ -109.426223754999967, 43.433433532000038 ], [ -109.522994995999966, 43.49160766600005 ], [ -109.820686339999952, 43.621685029000048 ], [ -109.881217957, 43.674011231000065 ], [ -109.873275755999941, 43.74042892500006 ], [ -109.745460509999987, 43.791473388000043 ], [ -109.499893189999966, 43.784965515000067 ], [ -109.265419007, 43.701633453000056 ], [ -108.791793823999967, 43.465312958000027 ], [ -108.676422117999948, 43.421203613000046 ], [ -108.530357359999982, 43.389648437000062 ], [ -108.294021604999955, 43.384429932000046 ], [ -108.152175903999989, 43.361579894000045 ], [ -107.554763794999985, 43.381454468000072 ], [ -107.441841126999975, 43.356647492000036 ], [ -107.355758667999964, 43.306941985000037 ], [ -107.13903808699996, 43.281585692000078 ], [ -107.055587767999953, 43.298538209000071 ], [ -106.968597411999951, 43.343166353000072 ] ] ] } },
{ "type": "Feature", "properties": { "PROVINCE": "NEW ENGLAND" }, "geometry": { "type": "Polygon", "coordinates": [ [ [ -70.128112792999957, 43.728305817000034 ], [ -70.079444884999987, 43.759223938000048 ], [ -70.111885070999961, 43.712791443000071 ], [ -70.128112792999957, 43.728305817000034 ] ] ] } },
{ "type": "Feature", "properties": { "PROVINCE": "VALLEY AND RIDGE" }, "geometry": { "type": "Polygon", "coordinates": [ [ [ -73.454338072999974, 43.755508423000038 ], [ -73.166389464999952, 43.666893005000077 ], [ -73.196159362999936, 43.535633088000054 ], [ -73.18095397999997, 43.478363038000055 ], [ -73.211692808999942, 43.432071686000029 ], [ -73.374038696999946, 43.433235169000056 ], [ -73.413345336999953, 43.393409728000051 ], [ -73.372810363999974, 43.213241577000076 ], [ -73.350799559999984, 42.987564087000067 ], [ -73.363204955999947, 42.912132263000046 ], [ -73.500465391999967, 42.706047058000081 ], [ -73.516052245999958, 42.593139648000033 ], [ -73.493949889999953, 42.552158355000074 ], [ -73.499099730999944, 42.488037109000061 ], [ -73.574287414999958, 42.274364472000059 ], [ -73.529495238999971, 42.165386200000057 ], [ -73.523780822999981, 42.105499268000074 ], [ -73.588325500999986, 41.927963256000055 ], [ -73.574073790999989, 41.837879181000062 ], [ -73.609603881999988, 41.785499573000038 ], [ -73.625534056999982, 41.69622421300005 ], [ -73.769927977999942, 41.651557922000052 ], [ -73.868270873999961, 41.602771760000053 ], [ -73.949974059999988, 41.511997223000037 ], [ -73.921371459999989, 41.755931855000028 ], [ -73.935028075999981, 41.849033356000064 ], [ -74.004051207999964, 41.937168120000081 ], [ -74.123847961999957, 42.003242493000073 ], [ -74.081985472999975, 42.04923629700005 ], [ -73.987388610999972, 42.378505707000045 ], [ -73.914787291999971, 42.450008393000076 ], [ -73.865905761999954, 42.529342651000036 ], [ -73.963554381999984, 42.683750153000062 ], [ -73.930938719999972, 42.836349487000064 ], [ -73.950775146999945, 42.889591218000078 ], [ -73.915176391999978, 42.99710845900006 ], [ -73.994300842999962, 43.084365845000036 ], [ -74.00127410999994, 43.13256073000008 ], [ -73.951690673999963, 43.145992279000041 ], [ -73.836883543999988, 43.268127441000047 ], [ -73.768241881999984, 43.200332641000045 ], [ -73.710624693999989, 43.230228425000064 ], [ -73.610374450999984, 43.404453278000062 ], [ -73.526504516999978, 43.497501373000034 ], [ -73.454338072999974, 43.755508423000038 ] ] ] } },
{ "type": "Feature", "properties": { "PROVINCE": "PACIFIC BORDER" }, "geometry": { "type": "Polygon", "coordinates": [ [ [ -124.076629637999986, 43.700538635000044 ], [ -123.966316222999978, 43.698505401000034 ], [ -123.917968749999943, 43.672294616000045 ], [ -123.984832763999975, 43.693416596000077 ], [ -124.076629637999986, 43.700538635000044 ] ] ] } },
{ "type": "Feature", "properties": { "PROVINCE": "BASIN AND RANGE" }, "geometry": { "type": "Polygon", "coordinates": [ [ [ -118.192070007999973, 42.717269897000051 ], [ -117.977088929, 42.566028594000045 ], [ -117.697151185999985, 42.253417968000065 ], [ -117.442390441999976, 42.024894713000037 ], [ -117.163429261999966, 41.842975615000057 ], [ -116.903038026, 41.739902494000034 ], [ -116.80509948699995, 41.708889006000049 ], [ -116.35704803699997, 41.738113404000046 ], [ -116.185050962999981, 41.693428039000025 ], [ -115.941108705999966, 41.583881379000047 ], [ -115.868621825, 41.568611148000059 ], [ -115.655487062999953, 41.595016479000037 ], [ -115.373443600999963, 41.670124054000041 ], [ -115.271385193999947, 41.665523528000051 ], [ -114.909416197999974, 41.562721254000053 ], [ -114.801292419, 41.558639527000025 ], [ -114.648208615999977, 41.596305846000064 ], [ -114.516021727999942, 41.654521942000031 ], [ -114.400894165999944, 41.735507967000046 ], [ -114.345207214999959, 41.802761081000028 ], [ -114.260772704999965, 41.853576660000044 ], [ -113.861122132, 41.921947481000075 ], [ -113.642265318999989, 42.135246276000032 ], [ -113.529602048999948, 42.272529600000041 ], [ -113.425033567999947, 42.359157561000075 ], [ -113.258377073999952, 42.470420837000063 ], [ -112.88110351399996, 42.674465178000048 ], [ -112.766448974999946, 42.795486451000045 ], [ -112.485824585999978, 42.954814912000074 ], [ -112.2858963, 43.094852450000076 ], [ -112.001502989999949, 43.256809237000027 ], [ -111.728584287999979, 43.367031098000041 ], [ -111.718391416999964, 43.320541381000055 ], [ -111.64703369199998, 43.211490630000071 ], [ -111.379043578, 42.854164124000079 ], [ -111.353836058999946, 42.75674820200004 ], [ -111.391479489999938, 42.700977327000032 ], [ -111.676261902999954, 42.443233487000043 ], [ -111.734573362, 42.356021881000061 ], [ -111.706062316999976, 42.125175474000059 ], [ -111.71313476499995, 42.025394442000049 ], [ -111.693450925999969, 41.82059478900004 ], [ -111.755462644999966, 41.704280854000046 ], [ -111.886940004999985, 41.727287290000049 ], [ -111.929260253999985, 41.694732664000071 ], [ -111.962295532999974, 41.61396026400007 ], [ -111.889976503999947, 41.333209993000025 ], [ -111.831886290999989, 41.203601835000029 ], [ -111.819732663999957, 41.06653594900007 ], [ -111.759597775999964, 40.878246309000076 ], [ -111.748168946999954, 40.723587035000037 ], [ -111.67952728399996, 40.474258421000059 ], [ -111.496147152999981, 40.123020170000075 ], [ -111.480705261999958, 40.051689148000037 ], [ -111.505111696999961, 39.91971587900008 ], [ -111.827407833999985, 39.374927520000028 ], [ -111.973304749999954, 39.168766021000067 ], [ -112.350189207999961, 38.830966947000036 ], [ -112.403671263999968, 38.752494809000041 ], [ -112.561233522999942, 38.364978789000077 ], [ -112.689476010999954, 38.111553195000056 ], [ -112.968681335999975, 37.734905246000039 ], [ -113.068557737, 37.648551939000072 ], [ -113.190254210999967, 37.476776121000057 ], [ -113.254196166999975, 37.331806183000026 ], [ -113.266220092999959, 37.127357482000036 ], [ -113.302375793999943, 37.051174163000042 ], [ -113.675056459999951, 36.799057007000044 ], [ -113.839668272999972, 36.62906646700003 ], [ -113.89653777999996, 36.494586947000073 ], [ -113.951614376999942, 36.289222719000065 ], [ -113.978828429999965, 36.098541263000072 ], [ -114.117118835999975, 36.074779509000052 ], [ -114.191741945999979, 36.031093595000073 ], [ -114.345558165999989, 36.10726547400003 ], [ -114.460372922999966, 36.125625608000064 ], [ -114.592330933999961, 36.095600126000079 ], [ -114.601600646999941, 36.07706070100005 ], [ -115.22763824499998, 36.218559266000057 ], [ -115.373893738999982, 36.239212036000026 ], [ -115.608100892999971, 36.222640993000027 ], [ -115.692314147, 36.195590971000058 ], [ -115.676132201999962, 36.105052948000036 ], [ -115.569908143999953, 35.966724396000075 ], [ -115.566574096999943, 35.894721985000047 ], [ -115.618972778999989, 35.820583346000035 ], [ -115.732139589999974, 35.765544889000068 ], [ -115.911499022999976, 35.719169615000055 ], [ -116.225379945999975, 35.673667909000073 ], [ -116.396553042, 35.62794494700006 ], [ -116.998474121999948, 35.541301728000064 ], [ -117.416625978999946, 35.444736481000064 ], [ -117.568229672999962, 35.39612961000006 ], [ -117.912834167999961, 35.238212586000031 ], [ -118.019073489, 35.17173385500007 ], [ -118.107933045999971, 35.152450563000059 ], [ -118.072174072999985, 35.183132170000079 ], [ -118.016113282, 35.294475557000055 ], [ -118.061164855999948, 35.504745485000058 ], [ -117.919708249999985, 35.709098819000076 ], [ -117.869132995999962, 35.811813356000073 ], [ -117.875656126999957, 35.95354842900008 ], [ -117.926826475999974, 36.043769839000049 ], [ -117.971359250999967, 36.204196932000059 ], [ -118.108566282999959, 36.518363953000062 ], [ -118.148414613999989, 36.679599760000031 ], [ -118.198829650999983, 36.798160556000028 ], [ -118.21739959599995, 36.947410584000068 ], [ -118.257019045999982, 37.069423676000042 ], [ -118.329315184999984, 37.196716309000067 ], [ -118.642227172, 37.580131533000042 ], [ -118.745269772999961, 37.652908326000045 ], [ -118.907386780999957, 37.700740815000074 ], [ -119.138572693999947, 38.014137267000081 ], [ -119.181533810999952, 38.182502746000068 ], [ -119.123832700999969, 38.290737149000051 ], [ -119.143104554, 38.449398041000052 ], [ -119.183799746999966, 38.484413146000065 ], [ -119.272682192, 38.512062073000038 ], [ -119.390983578999965, 38.526275637000026 ], [ -119.415130617999978, 38.613121034000073 ], [ -119.474037172999942, 38.721813202000078 ], [ -119.588508608999973, 38.812145232000034 ], [ -119.670417786999963, 38.930595395000068 ], [ -119.762046813999973, 39.252098086000046 ], [ -119.720764161999966, 39.368797301000029 ], [ -119.743202210999982, 39.478103640000029 ], [ -119.954383846999974, 39.642688753000073 ], [ -120.085456845999943, 39.935997010000051 ], [ -120.163543698999945, 40.022006986000065 ], [ -120.270538331999944, 40.097396852000031 ], [ -120.399612428999944, 40.143074037000076 ], [ -120.487884520999955, 40.195098878000067 ], [ -120.586860656999988, 40.287586212000065 ], [ -120.72466277999996, 40.331161501000054 ], [ -120.872314454, 40.336242674000061 ], [ -120.945831300999942, 40.364051817000075 ], [ -121.050033567999947, 40.44403839000006 ], [ -121.176399228999969, 40.59840011600005 ], [ -121.228088376999949, 40.847015383000041 ], [ -121.232788088999939, 41.001033784000072 ], [ -121.273857115999988, 41.196685788000025 ], [ -121.474464415999989, 41.568389892000027 ], [ -121.508842464999987, 41.670543672000065 ], [ -121.589347837999981, 41.775741578000066 ], [ -121.728584292, 41.832096098000079 ], [ -121.801185606, 41.932495116000041 ], [ -121.787124631999973, 42.159088135000047 ], [ -121.970062257, 42.380504607000034 ], [ -121.972824095999954, 42.51010513500006 ], [ -121.927474974999939, 42.702465056000051 ], [ -121.863372804, 42.883022308000079 ], [ -121.855796813999973, 43.115077971000062 ], [ -121.773674010999969, 43.121597288000032 ], [ -121.385856628999989, 43.134956360000047 ], [ -120.809486387, 43.099826811000071 ], [ -120.613273619999973, 43.060199735000026 ], [ -120.190254209999978, 43.032245634000049 ], [ -119.532585143999938, 43.034175875000074 ], [ -119.098312376999957, 43.012474059000056 ], [ -118.738578795999956, 42.951374053000052 ], [ -118.383941650999986, 42.83250808400004 ], [ -118.192070007999973, 42.717269897000051 ] ] ] } },
{ "type": "Feature", "properties": { "PROVINCE": "PACIFIC BORDER" }, "geometry": { "type": "Polygon", "coordinates": [ [ [ -122.949340818999985, 43.297237396000071 ], [ -122.763870238999971, 42.982017517000031 ], [ -122.720314025, 42.853321076000043 ], [ -122.775070190999941, 42.672859192000033 ], [ -122.858627319, 42.511547089000032 ], [ -122.848442077999948, 42.405872345000034 ], [ -122.818504332999964, 42.32203674200008 ], [ -122.58934783899997, 42.169227601000046 ], [ -122.564369201999966, 42.095375061000027 ], [ -122.55509948699995, 41.973762513000054 ], [ -122.464256286999955, 41.812854766000044 ], [ -122.320960997999975, 41.341945649000024 ], [ -122.092391967999959, 41.272148132000041 ], [ -121.973510740999984, 41.208797455000081 ], [ -121.915832519999981, 41.148235320000026 ], [ -121.907455444, 40.835426330000075 ], [ -122.081642150999983, 40.622112275000063 ], [ -122.096481323999967, 40.653366089000031 ], [ -122.187713622999979, 40.678218842000035 ], [ -122.290946958999939, 40.656242371000076 ], [ -122.358978271999945, 40.606990815000074 ], [ -122.421661375999975, 40.513118744000053 ], [ -122.621887206999986, 40.44328308200005 ], [ -122.700447082999972, 40.38848495600007 ], [ -122.751274107999961, 40.303417207000052 ], [ -122.76637268099995, 40.216640471000062 ], [ -122.857109070999968, 39.96079635500007 ], [ -122.938667295999949, 39.952548981000064 ], [ -123.124336242999959, 40.082057952000071 ], [ -123.293869017999953, 40.280986786000028 ], [ -123.793144225999981, 40.982917785000041 ], [ -123.866546630999949, 41.059417726000049 ], [ -124.105278015999943, 41.234184265000067 ], [ -124.07160186699997, 41.313835145000041 ], [ -124.057952880999949, 41.458164216000057 ], [ -124.077293395999959, 41.535160065000071 ], [ -124.044212341, 41.536525726000036 ], [ -124.084487914999954, 41.55160522500006 ], [ -124.144210814999951, 41.72719574000007 ], [ -124.243103026999961, 41.776756286000079 ], [ -124.207313536999948, 41.848888397000053 ], [ -124.195526122999979, 41.932426453000062 ], [ -124.183418274999951, 41.92900467000004 ], [ -124.204071044999978, 41.995658875000061 ], [ -124.299850463999974, 42.04887771600005 ], [ -124.351966856999979, 42.099224092000043 ], [ -124.374328612999989, 42.196903229000043 ], [ -124.41506195, 42.245899200000053 ], [ -124.405998229999966, 42.283321380000075 ], [ -124.435455321999939, 42.320381164000025 ], [ -124.426818847999982, 42.40836334100004 ], [ -124.380645751999964, 42.436977386000081 ], [ -124.437820433999946, 42.429607391000047 ], [ -124.391761780999957, 42.553024291000042 ], [ -124.401077269999973, 42.622699738000051 ], [ -124.414573669999982, 42.661136627000076 ], [ -124.449981689999959, 42.676441194000063 ], [ -124.478958130999956, 42.730419158000075 ], [ -124.507736205999947, 42.736068725000052 ], [ -124.520339964999948, 42.788719178000065 ], [ -124.559623718999944, 42.832462311000029 ], [ -124.468109129999959, 42.98578262400008 ], [ -124.259155273999966, 42.999271392000026 ], [ -124.127037047999977, 42.955768585000044 ], [ -123.997657775999983, 42.845348357000034 ], [ -123.916488647999984, 42.833839417000036 ], [ -123.803001403999986, 42.866203307000035 ], [ -123.443687438999973, 43.083019257000046 ], [ -123.188888551, 43.215133667000032 ], [ -122.949340818999985, 43.297237396000071 ] ] ] } },
{ "type": "Feature", "properties": { "PROVINCE": "GREAT PLAINS" }, "geometry": { "type": "Polygon", "coordinates": [ [ [ -97.770217895999963, 42.51004791400004 ], [ -97.389579772, 41.886016844000039 ], [ -97.217788696999946, 41.404216769000072 ], [ -97.083641053999941, 40.971347809000065 ], [ -97.07295990199998, 40.856128692000027 ], [ -97.090103146999979, 40.517318726000042 ], [ -97.454528805999985, 40.38298416300006 ], [ -97.870956422999939, 40.286052701000074 ], [ -98.540672303999941, 40.240478516000053 ], [ -99.124511716999962, 40.287090299000056 ], [ -99.466110232999938, 40.341033937000077 ], [ -99.821609493999972, 40.462440492000042 ], [ -99.961135862, 40.431697846000077 ], [ -100.059577943999955, 40.377906801000051 ], [ -100.120704652999962, 40.291439058000037 ], [ -100.485862731999987, 39.636028288000034 ], [ -100.808357235999949, 39.339382172000057 ], [ -101.043136598999979, 39.067378999000027 ], [ -101.023284912999941, 38.93526077100006 ], [ -100.904502866999962, 38.756893160000061 ], [ -100.767990112999939, 38.61898422400003 ], [ -100.546623230999955, 38.448314665000055 ], [ -100.360420226999963, 38.264984128000037 ], [ -100.230491638, 38.091003421000039 ], [ -100.185188291999964, 37.983402252000076 ], [ -100.165054319999967, 37.844692227000053 ], [ -100.183036802999936, 37.696941375000051 ], [ -100.438957215999949, 37.324733732000027 ], [ -100.568687437999984, 37.002326968000034 ], [ -100.579093936, 36.881954195000048 ], [ -100.487846372999968, 36.50050735800005 ], [ -100.433845518999988, 36.404438020000043 ], [ -100.389732362999951, 36.165580749000071 ], [ -100.336219786999948, 36.024608613000055 ], [ -100.188644407999959, 35.938579559000061 ], [ -100.157432554999957, 35.856586459000027 ], [ -100.048301695999953, 35.686511996000036 ], [ -100.023773189999986, 35.610279081000044 ], [ -100.020118712999988, 35.512699124000051 ], [ -100.107597350999981, 35.179000855000027 ], [ -100.157508847999964, 35.102436066000053 ], [ -100.257621766999989, 34.864383697000051 ], [ -100.316505430999939, 34.776309965000053 ], [ -100.662055971999962, 34.570983884000043 ], [ -100.79120636, 34.461349485000028 ], [ -100.853378297999939, 34.377742770000054 ], [ -100.838684082999976, 34.267745970000078 ], [ -100.747406006999938, 34.086482999000054 ], [ -100.625602722999986, 33.902835843000048 ], [ -100.629859926999984, 33.82104873600008 ], [ -100.70372772199994, 33.74678421200008 ], [ -100.926681516999963, 33.654983518000051 ], [ -101.137145996999948, 33.51199340900007 ], [ -101.215065003999939, 33.376483918000076 ], [ -101.260543823999967, 33.146869658000071 ], [ -101.439407349999954, 32.729957581000065 ], [ -101.433807374999958, 32.616508487000033 ], [ -101.267738342999962, 32.359767914000031 ], [ -101.264076233999958, 32.281452178000052 ], [ -101.33196258299995, 32.146011350000038 ], [ -101.62002563599998, 31.867105482000056 ], [ -101.911102295999967, 31.667291642000066 ], [ -102.34035492299995, 31.408382416000052 ], [ -102.722297667999953, 31.222133636000024 ], [ -102.939880372999937, 31.452251437000029 ], [ -103.223731996999959, 31.851190564000035 ], [ -103.311805723999953, 32.008300779000024 ], [ -103.33346557699997, 32.103134158000046 ], [ -103.348052979999977, 32.529224394000039 ], [ -103.400421144999939, 32.624069214000031 ], [ -103.513778683999988, 32.770080568000026 ], [ -103.621017457999983, 32.828372952000052 ], [ -103.766304017999971, 32.95801162500004 ], [ -103.799232482999969, 33.06328964000005 ], [ -103.811218261999954, 33.316719058000047 ], [ -103.781265255999983, 33.449401855000076 ], [ -103.740547179999965, 33.518745423000041 ], [ -103.709838865999984, 33.643474582000067 ], [ -103.729797364999968, 33.751060488000064 ], [ -103.794525143999977, 33.862571715000058 ], [ -103.942726137999955, 33.999706268000068 ], [ -103.974624634999941, 34.058612827000047 ], [ -104.005233767, 34.147953036000047 ], [ -103.953697206999948, 34.321865082000045 ], [ -103.97573089499997, 34.446842190000041 ], [ -104.062644955999986, 34.624000551000051 ], [ -104.055969239999968, 34.705883024000059 ], [ -104.015594484999951, 34.781719210000063 ], [ -103.635055540999986, 34.927780154000061 ], [ -103.457763671999942, 34.972965243000033 ], [ -103.370277403999978, 35.017131805000076 ], [ -102.980468750999989, 35.411216738000064 ], [ -102.954765317999943, 35.489246367000078 ], [ -103.020835874999989, 35.530731203000073 ], [ -103.335487366999985, 35.600894931000028 ], [ -103.397232058999975, 35.658374787000071 ], [ -103.445587155999988, 35.793270111000027 ], [ -103.359390258999952, 36.098438266000073 ], [ -103.301925657999959, 36.173435208000058 ], [ -103.239547728, 36.312610623000069 ], [ -103.20956420999994, 36.560413358000062 ], [ -103.082740783999952, 36.698097231000077 ], [ -102.979835512999955, 36.762500761000069 ], [ -102.682640075999984, 36.903175354000041 ], [ -102.599594116, 36.97780227800007 ], [ -102.596511840999938, 37.04512786600003 ], [ -102.629699707999976, 37.086734770000078 ], [ -102.929252625999936, 37.142444610000041 ], [ -103.043930054999976, 37.194202425000071 ], [ -103.114921572999947, 37.251308440000059 ], [ -103.10035705699994, 37.320869448000053 ], [ -102.985237119999965, 37.443458557000042 ], [ -102.777755734999971, 37.567451480000045 ], [ -102.731224059999988, 37.552051542000072 ], [ -102.584007264999968, 37.555938720000029 ], [ -102.461143495999977, 37.588909150000063 ], [ -102.32801055799996, 37.64940643500006 ], [ -102.186592104999988, 37.738925935000054 ], [ -102.086380005999956, 37.901687622000054 ], [ -102.106315609999967, 38.043201447000058 ], [ -102.090980531999946, 38.144657136000035 ], [ -102.143707275999986, 38.257526397000049 ], [ -102.342422486999965, 38.491737367000042 ], [ -102.469627377999984, 38.604206085000044 ], [ -102.637290954999969, 38.717823027000065 ], [ -102.760009761999981, 38.876483919000066 ], [ -102.876945496999952, 38.921813962000044 ], [ -102.978363036999951, 38.927837373000045 ], [ -103.107971189999944, 38.97387314000008 ], [ -103.63010406799998, 39.287425996000024 ], [ -103.620063784999957, 39.422298433000037 ], [ -103.479438780999942, 39.583736421000026 ], [ -103.384796143999949, 39.640151977000073 ], [ -103.320884701999944, 39.738002779000055 ], [ -103.328773502, 39.937454225000067 ], [ -103.24898529099994, 40.162467959000026 ], [ -103.18788909999995, 40.27449798300006 ], [ -103.003013609999982, 40.463401797000074 ], [ -102.646118165999951, 40.777336120000029 ], [ -102.585388184999942, 40.860282899000026 ], [ -102.57439422799996, 40.931186678000074 ], [ -102.642570493999983, 40.959842681000055 ], [ -102.749160767999967, 40.965751650000072 ], [ -103.353965757999958, 40.921092989000044 ], [ -103.507751462999977, 40.888504026000078 ], [ -104.10746765, 40.942546843000059 ], [ -104.425849912, 40.997570038000049 ], [ -104.598617553999986, 40.96550750800003 ], [ -105.118537904999982, 40.948757169000032 ], [ -105.104537966999942, 41.103622438000059 ], [ -105.208396911999955, 41.708400725000047 ], [ -105.190780638999968, 41.856716155000072 ], [ -105.195510863999971, 42.094551085000035 ], [ -105.371688841999969, 42.422710416000029 ], [ -105.318038940999941, 42.482151032000047 ], [ -105.170623778999982, 42.587089540000079 ], [ -105.083351134999987, 42.620475769000052 ], [ -104.919517515999985, 42.790199279000035 ], [ -104.824974058999942, 42.838287355000034 ], [ -104.602127076999977, 42.859718322000049 ], [ -104.321815492999974, 42.822067258000061 ], [ -104.044181819999949, 42.823532102000058 ], [ -103.603301998999939, 42.749137880000035 ], [ -103.209754945999975, 42.718593600000077 ], [ -102.801345821999973, 42.786331179000058 ], [ -102.630470276999972, 42.850170138000067 ], [ -102.469306943999982, 42.932312015000036 ], [ -102.375038147999987, 43.005565643000068 ], [ -102.227600097999982, 43.074806215000081 ], [ -101.736854552999944, 43.192264556000055 ], [ -101.55722045899995, 43.198005676000037 ], [ -100.791122435999966, 43.128578183000059 ], [ -100.584587098999975, 43.120891572000062 ], [ -100.298606872999983, 43.142360689000043 ], [ -100.05071258299995, 43.094905854000046 ], [ -99.555587765999974, 42.932788852000044 ], [ -98.713653563999969, 42.734325407000028 ], [ -98.426567077999948, 42.648746492000043 ], [ -97.770217895999963, 42.51004791400004 ] ] ] } },
{ "type": "Feature", "properties": { "PROVINCE": "APPALACHIAN PLATEAUS" }, "geometry": { "type": "Polygon", "coordinates": [ [ [ -73.954170225999974, 42.741859435000038 ], [ -73.963554383999963, 42.683750154000052 ], [ -73.865905761999954, 42.529342650000046 ], [ -73.914787292999961, 42.45000839000005 ], [ -73.987388609999982, 42.378505706000055 ], [ -74.001731871999937, 42.341262818000075 ], [ -74.154907224999988, 42.357299805000025 ], [ -74.368881225999985, 42.319438934000061 ], [ -74.492828370999973, 42.335395814000037 ], [ -74.622154236999961, 42.372932434000063 ], [ -74.730087278999974, 42.383998869000038 ], [ -74.818969725999978, 42.373886108000079 ], [ -74.957138060999966, 42.400020600000062 ], [ -75.422195432999956, 42.183200834000047 ], [ -75.457969663999961, 42.145298007000065 ], [ -75.218101503999947, 42.000782013000048 ], [ -75.034057618999952, 41.937824249000073 ], [ -74.529113767999945, 41.902420045000042 ], [ -74.336776734999944, 41.838920593000068 ], [ -74.406730652999954, 41.680561064000074 ], [ -74.498756408999952, 41.544361115000072 ], [ -74.559181210999952, 41.487712860000045 ], [ -74.814117429999953, 41.355323792000036 ], [ -74.951339719999964, 41.235256194000044 ], [ -75.015296937999949, 41.158111571000063 ], [ -75.368621825999981, 40.903717039000071 ], [ -75.572608946999935, 40.868091582000034 ], [ -75.66647338699994, 40.874027253000065 ], [ -75.727874755999949, 40.924751280000066 ], [ -75.749961850999966, 40.99532318100006 ], [ -75.751159666999968, 41.09543609900004 ], [ -75.795974733999969, 41.254219056000068 ], [ -75.752601621999986, 41.343158722000055 ], [ -75.702735899999936, 41.399188998000056 ], [ -75.596885681999936, 41.457698820000076 ], [ -75.507919309999977, 41.530319215000077 ], [ -75.452941893999935, 41.605937959000073 ], [ -75.532272340999953, 41.625244140000063 ], [ -75.615219116999981, 41.589603423000028 ], [ -75.800827025, 41.478843690000076 ], [ -76.049850461999938, 41.281887055000027 ], [ -76.255867003999981, 41.491954802000066 ], [ -76.663436888999968, 41.814765932000057 ], [ -76.79387664799998, 41.889537812000071 ], [ -76.934684754999978, 41.924926758000026 ], [ -77.254379272999984, 41.89196395700003 ], [ -77.623802182999952, 41.930011748000027 ], [ -77.751823424999941, 41.971866609000074 ], [ -78.014862060999974, 42.212329865000072 ], [ -78.136352536999937, 42.270282748000056 ], [ -78.322189331999937, 42.277965546000075 ], [ -78.587547300999972, 42.256561281000074 ], [ -79.099945068999943, 41.992576600000064 ], [ -79.439323423999952, 41.904148100000043 ], [ -79.599563598999964, 41.762626646000058 ], [ -79.84077453499998, 41.608959199000026 ], [ -79.862030029999971, 41.522953033000078 ], [ -79.990707395999948, 41.255313872000045 ], [ -80.087837218999937, 41.126216888000044 ], [ -80.247154236999961, 40.988475799000071 ], [ -80.442138673999978, 40.909656526000049 ], [ -80.753028867999944, 40.872123718000068 ], [ -81.241470333999985, 40.853054047000057 ], [ -82.121223449999945, 40.713653565000072 ], [ -82.294258117999959, 40.714862822000043 ], [ -82.569725036999955, 40.808132172000057 ], [ -82.255485535999981, 40.980739594000056 ], [ -82.219741821999946, 41.036602021000078 ], [ -81.98797607299997, 41.179183961000035 ], [ -81.889427184999988, 41.258846282000036 ], [ -81.782386777999989, 41.381912232000047 ], [ -81.736282347999975, 41.459220887000072 ], [ -81.674018861999969, 41.490375521000033 ], [ -81.486541747999979, 41.556350709000071 ], [ -81.11866760099997, 41.723384856000052 ], [ -80.917228697999974, 41.837512971000081 ], [ -80.720039369999938, 41.915214539000033 ], [ -80.276824949999934, 41.99250793200008 ], [ -80.094779969999934, 42.064949035000041 ], [ -79.800460812999972, 42.214527128000043 ], [ -79.601837157999967, 42.293289186000038 ], [ -79.291740417999961, 42.388236998000025 ], [ -78.915863038999987, 42.535861970000042 ], [ -78.619110108999962, 42.752182005000066 ], [ -78.500022888999979, 42.812950135000051 ], [ -78.165397643999938, 42.87547302400003 ], [ -78.016113279999956, 42.873477938000065 ], [ -77.675727842999947, 42.825309753000056 ], [ -77.38748168799998, 42.843933105000076 ], [ -76.826133725999966, 42.81956481900005 ], [ -76.523872376999975, 42.902133943000081 ], [ -76.323623657999974, 43.005271912000069 ], [ -76.15930175799997, 43.061965943000075 ], [ -75.627243040999986, 43.114543916000059 ], [ -75.128799437999987, 43.060794833000045 ], [ -74.953247071999954, 43.027709962000074 ], [ -74.619346618999941, 42.952919005000069 ], [ -74.377197265999939, 42.858467103000066 ], [ -73.954170225999974, 42.741859435000038 ] ] ] } },
{ "type": "Feature", "properties": { "PROVINCE": "CENTRAL LOWLAND" }, "geometry": { "type": "Polygon", "coordinates": [ [ [ -79.024124144999973, 43.022811890000071 ], [ -79.001396178999983, 43.055564880000077 ], [ -78.96134948699995, 43.066196442000034 ], [ -78.906036376999964, 43.04778671300005 ], [ -78.890747069999975, 43.026958466000053 ], [ -78.946510314999955, 42.99070739800004 ], [ -78.945510863999971, 42.959327698000038 ], [ -79.010475158999952, 42.981895447000056 ], [ -79.024124144999973, 43.022811890000071 ] ] ] } },
{ "type": "Feature", "properties": { "PROVINCE": "CENTRAL LOWLAND" }, "geometry": { "type": "Polygon", "coordinates": [ [ [ -90.227668759999972, 42.120498658000031 ], [ -90.110702516999936, 42.110809325000048 ], [ -89.976600648999977, 42.189075471000081 ], [ -89.803985595999961, 42.448627470000076 ], [ -89.588836667999942, 42.575698853000063 ], [ -89.513336179999953, 42.749885557000027 ], [ -89.505950927999947, 43.029159547000063 ], [ -89.475257872999975, 43.007999420000033 ], [ -89.423522951999985, 42.929466249000029 ], [ -89.325111388999971, 42.85740280300007 ], [ -88.990310669999985, 42.703521729000045 ], [ -88.65502166899995, 42.580635072000064 ], [ -88.615570067999954, 42.485073091000061 ], [ -88.599838255999941, 42.359256744000049 ], [ -88.56679534899996, 42.26573181100008 ], [ -88.487861632999966, 42.143272399000068 ], [ -88.385208127999988, 42.038173673000074 ], [ -88.332283017999941, 41.919147493000025 ], [ -88.30024719499994, 41.692447663000053 ], [ -88.249206543999946, 41.596477509000067 ], [ -88.131599426999969, 41.467685700000061 ], [ -88.056678769999962, 41.311740874000066 ], [ -87.612915035999947, 40.945987701000035 ], [ -87.477516175999938, 40.851917268000079 ], [ -87.236206054999968, 40.758434297000065 ], [ -87.095672608999962, 40.746555329000046 ], [ -86.859275818999947, 40.764499665000073 ], [ -86.464836118999983, 40.745418546000053 ], [ -86.013587953999945, 40.773921968000025 ], [ -85.483726498999943, 40.882282260000068 ], [ -85.399658204, 40.947334289000025 ], [ -85.172592163, 41.021797182000057 ], [ -84.916183470999954, 41.043296815000076 ], [ -84.334579467999959, 40.841098786000032 ], [ -84.075737000999936, 40.83720016400008 ], [ -83.94267272999997, 40.888717650000046 ], [ -83.664787289999936, 41.075668336000035 ], [ -83.470207212999981, 41.144088745000033 ], [ -83.335311889999957, 41.131511690000025 ], [ -83.228271484999937, 41.139625550000062 ], [ -82.916412355999967, 41.218669892000037 ], [ -82.721427917999961, 41.214042664000033 ], [ -82.550941468999952, 41.272689822000075 ], [ -82.247032166999986, 41.421012879000045 ], [ -81.820449830999962, 41.421936034000055 ], [ -81.736282348999964, 41.459220885000036 ], [ -81.782386779999968, 41.381912233000037 ], [ -81.889427183999942, 41.258846281000046 ], [ -81.987976071999981, 41.179183961000035 ], [ -82.219741819999967, 41.036602022000068 ], [ -82.25548553699997, 40.980739596000035 ], [ -82.485511778999978, 40.86463165400005 ], [ -82.58370208499997, 40.798736573000042 ], [ -82.635910035999984, 40.736679080000044 ], [ -82.63008117399994, 40.669464110000035 ], [ -82.493560792999972, 40.519992830000035 ], [ -82.46949768199994, 40.435791014000074 ], [ -82.45546722499995, 40.354427340000029 ], [ -82.500572204999969, 40.176826477000077 ], [ -82.447067261999962, 40.098262789000046 ], [ -82.410972594999976, 39.917491913000049 ], [ -82.451805113999967, 39.841323854000052 ], [ -82.512619016999963, 39.778881072000047 ], [ -82.577713013999983, 39.611824038000066 ], [ -82.757209775999968, 39.51751708900008 ], [ -82.80735778899998, 39.407405852000068 ], [ -82.859024045999945, 39.349960329000055 ], [ -83.063385008999944, 39.312244416000055 ], [ -83.261177060999955, 39.24314498800004 ], [ -83.316238403999989, 39.112674713000047 ], [ -83.624618528999974, 38.939498899000057 ], [ -83.863410948999956, 38.851676940000061 ], [ -83.952850342999966, 38.850444794000055 ], [ -84.053054806999967, 38.869411470000045 ], [ -84.14320373299995, 38.920673371000078 ], [ -84.34890747299994, 39.079872130000069 ], [ -84.412223813999958, 39.097801209000068 ], [ -84.638809206999952, 39.086734771000067 ], [ -84.690986633999955, 39.120876314000043 ], [ -84.80619048799997, 39.128074648000052 ], [ -84.928985592999936, 39.04352188200005 ], [ -84.923072812999976, 38.969608306000055 ], [ -84.877639772999942, 38.896438599000078 ], [ -84.860488892999967, 38.827751160000048 ], [ -84.978874204999954, 38.764972685000032 ], [ -85.186119078, 38.72533035500004 ], [ -85.427818297999977, 38.763610841000059 ], [ -85.499038697999936, 38.745063781000056 ], [ -85.506721496999944, 38.583232881000072 ], [ -85.554122926, 38.51928711100004 ], [ -85.625015260999987, 38.475116730000025 ], [ -85.648338317999958, 38.380126955000037 ], [ -85.67755127099997, 38.338298796000061 ], [ -85.75302887099997, 38.367805479000026 ], [ -85.835571290999951, 38.53663253600007 ], [ -85.885223389999965, 38.785247804000051 ], [ -85.856384275999972, 38.889354708000042 ], [ -85.931076046999976, 39.189823149000063 ], [ -85.98740387099997, 39.254123686000071 ], [ -86.127784729999973, 39.300682068000071 ], [ -86.284812925999972, 39.321491242000036 ], [ -86.464469908999945, 39.317005158000029 ], [ -86.594703675999938, 39.23926162600003 ], [ -86.809288026, 39.036266326000032 ], [ -86.833198549999963, 38.971321104000026 ], [ -86.951614378999977, 38.866596223000045 ], [ -87.020027160999973, 38.747940064000034 ], [ -87.081260679999957, 38.545661927000026 ], [ -87.370483399999955, 38.413188934000061 ], [ -87.613304136999943, 38.218833925000069 ], [ -87.748359680999954, 38.138488769000048 ], [ -87.890396120999981, 38.064888001000043 ], [ -88.137809753999989, 37.976676941000051 ], [ -88.242851255999938, 37.882293700000048 ], [ -88.337570190999941, 37.769493103000059 ], [ -88.47731018099995, 37.702953337000054 ], [ -88.645034788999965, 37.673332217000052 ], [ -88.969764708999946, 37.577510834000066 ], [ -89.426513670999952, 37.59848022400007 ], [ -89.54387664799998, 37.686782836000077 ], [ -89.763732909999987, 37.801048280000032 ], [ -90.116333006, 38.066577910000035 ], [ -90.250511169999982, 38.135044098000037 ], [ -90.403366089999963, 38.269962311000029 ], [ -90.436927795999964, 38.350158691000047 ], [ -90.449028014999953, 38.441959381000061 ], [ -90.376281737999989, 38.49864578200004 ], [ -90.291076658999941, 38.59934234800005 ], [ -90.256996155999957, 38.699703216000046 ], [ -90.23500060899994, 38.866291047000061 ], [ -90.294883729, 38.908092500000066 ], [ -90.404335024999966, 38.949455261000026 ], [ -90.647888181999974, 38.922885895000036 ], [ -90.708885193999947, 38.954952241000058 ], [ -90.827461244999938, 39.295425417000047 ], [ -91.267097471999989, 39.639190672000041 ], [ -91.302345275999983, 39.716079713000056 ], [ -91.56603241, 40.120483398000033 ], [ -91.551544188999969, 40.196582793000061 ], [ -91.429794312999945, 40.32516860800007 ], [ -91.433944699999984, 40.402133940000056 ], [ -91.397888183999953, 40.532173157000045 ], [ -91.277809145999981, 40.70323181100008 ], [ -91.255325318999951, 40.767688751000037 ], [ -91.273735045999956, 41.141220091000037 ], [ -91.30423736399996, 41.230674746000034 ], [ -91.298698425999987, 41.31836319100006 ], [ -91.220977784999945, 41.424865723000039 ], [ -91.046592713999985, 41.555168154000057 ], [ -90.771133422, 41.657405854000046 ], [ -90.38515472499995, 41.738315582000041 ], [ -90.277725220999969, 41.82006836100004 ], [ -90.239990235999983, 41.912200927000072 ], [ -90.227668759999972, 42.120498658000031 ] ] ] } },
{ "type": "Feature", "properties": { "PROVINCE": "SOUTHERN ROCKY MOUNTAINS" }, "geometry": { "type": "Polygon", "coordinates": [ [ [ -106.406959532999963, 42.727203369000051 ], [ -106.291870118999952, 42.771705629000053 ], [ -106.043403624999939, 42.825168609000059 ], [ -105.711196898999958, 42.723056793000069 ], [ -105.557159423999963, 42.637161254000034 ], [ -105.424758911999959, 42.514308931000073 ], [ -105.195510862999981, 42.09455108800006 ], [ -105.190780638999968, 41.856716157000051 ], [ -105.208396912999945, 41.708400726000036 ], [ -105.117691038999965, 41.209777834000079 ], [ -105.105079650999983, 41.004489899000077 ], [ -105.211311341999988, 40.643779756000072 ], [ -105.244590757999958, 40.347370148000039 ], [ -105.241989135999972, 40.205345155000032 ], [ -105.27094268899998, 40.064674377000074 ], [ -105.256629941999961, 39.94544219800008 ], [ -105.202331542999957, 39.771942140000078 ], [ -104.98211669899996, 39.330291746000057 ], [ -104.877288818999943, 39.006683351000049 ], [ -104.804199218999941, 38.886955260000036 ], [ -104.784584044999974, 38.801979066000058 ], [ -104.793106078999983, 38.710323334000066 ], [ -104.844436646999952, 38.615821838000045 ], [ -104.94036102299998, 38.591770171000064 ], [ -105.23728179799997, 38.566444395000076 ], [ -105.324317930999939, 38.537925720000032 ], [ -105.371330259999979, 38.501029969000058 ], [ -105.371353151999983, 38.448310853000066 ], [ -105.329841612999985, 38.390579225000067 ], [ -104.935867310999981, 38.008941652000033 ], [ -104.896972657, 37.912506105000034 ], [ -104.890342712999939, 37.850650787000063 ], [ -104.923370361999957, 37.779735565000067 ], [ -104.987693785999966, 37.773792266000044 ], [ -105.135391235999975, 37.861122131000059 ], [ -105.202957152999943, 37.883586885000057 ], [ -105.268005369999969, 37.847084046000077 ], [ -105.295700074999957, 37.786045073000025 ], [ -105.295043945999964, 37.707832335000035 ], [ -105.263175964999959, 37.622219087000076 ], [ -105.033073425999987, 37.216426848000026 ], [ -105.038948059999939, 37.120197294000036 ], [ -105.185371396999983, 36.610317229000032 ], [ -105.228332519, 35.959049226000047 ], [ -105.187309265999943, 35.773445130000027 ], [ -105.20422363299997, 35.553546906000065 ], [ -105.229377748, 35.491161346000069 ], [ -105.345451355999955, 35.432106019000059 ], [ -105.455574034999984, 35.411674500000061 ], [ -105.543403625999986, 35.459770204000051 ], [ -105.60282897999997, 35.517795565000029 ], [ -105.662673949999942, 35.54224395600005 ], [ -105.788528442999961, 35.520381928000063 ], [ -105.896270751999964, 35.549194336000028 ], [ -105.913635255999964, 35.634075166000059 ], [ -105.905548094999972, 35.73839569200004 ], [ -105.962615964999941, 35.770862580000028 ], [ -106.138061523999966, 35.713008880000075 ], [ -106.381454466999969, 35.679962157000034 ], [ -106.487609863999978, 35.641357422000056 ], [ -106.576080320999949, 35.702953340000079 ], [ -106.727050780999946, 35.643035890000078 ], [ -106.790481565999983, 35.67081070100005 ], [ -106.827445981999972, 35.878856660000054 ], [ -106.816467283999941, 35.965858460000049 ], [ -106.829383849999942, 36.164131166000061 ], [ -106.819229125999982, 36.257453920000046 ], [ -106.789299011999958, 36.320499421000079 ], [ -106.694305419999978, 36.358528136000075 ], [ -106.492904661999944, 36.392215727000064 ], [ -106.394302367999956, 36.435096743000031 ], [ -106.340301512999986, 36.48399734700007 ], [ -106.324035644999981, 36.63046264500008 ], [ -106.344398498999965, 36.699069978000068 ], [ -106.449600219, 36.885433195000076 ], [ -106.568367003999981, 37.062610628000073 ], [ -106.698143005999952, 37.147808073000078 ], [ -106.82563018999997, 37.32078552300004 ], [ -106.911354062999976, 37.372669220000034 ], [ -107.002769469999976, 37.390510558000074 ], [ -107.067657470999961, 37.466365816000064 ], [ -107.130401610999968, 37.510456084000054 ], [ -107.172821044999978, 37.479713438000033 ], [ -107.24541473499994, 37.46228790400005 ], [ -107.506576539999969, 37.531906129000049 ], [ -107.635398863999967, 37.482158661000028 ], [ -107.801376342999959, 37.47990036200008 ], [ -107.907081604999973, 37.522827147000044 ], [ -107.963157652999939, 37.517654419000053 ], [ -108.049461365999946, 37.538326264000034 ], [ -108.060508729, 37.612209322000069 ], [ -108.015151978999938, 37.716854096000077 ], [ -108.067138671999942, 37.81880188100007 ], [ -108.041145326, 37.862670898000033 ], [ -107.996871949999957, 38.024856569000065 ], [ -107.955139160999977, 38.077926636000029 ], [ -107.890663146999941, 38.125350954000055 ], [ -107.534004211999957, 38.275802613000053 ], [ -107.511993408999956, 38.363895417000037 ], [ -107.505462645999955, 38.795181273000026 ], [ -107.473609925999938, 38.939041137000061 ], [ -107.412147520999952, 39.058792115000074 ], [ -107.337409973999968, 39.156372072000067 ], [ -107.294662474999939, 39.260692598000048 ], [ -107.328247071999954, 39.402946472000053 ], [ -107.376625059, 39.48960876600006 ], [ -107.440841673999955, 39.555683135000038 ], [ -107.573081968999986, 39.628334043000052 ], [ -107.762008666999975, 39.673271177000061 ], [ -107.80119323699995, 39.709518433000028 ], [ -107.863273618999983, 39.863151549000065 ], [ -107.608634949999953, 39.979385377000028 ], [ -107.504539492, 40.039928437000071 ], [ -107.427131654, 40.110744475000047 ], [ -107.300636292999968, 40.150787355000034 ], [ -107.176979062999976, 40.126583098000026 ], [ -106.92692565699997, 39.913555147000068 ], [ -106.779624939999962, 39.82226944100006 ], [ -106.669326781999985, 39.812343598000041 ], [ -106.604064942999969, 39.854484557000035 ], [ -106.659927367999956, 40.027091981000069 ], [ -106.765632628999981, 40.192287445000034 ], [ -106.761116026999957, 40.262928009000063 ], [ -106.736930847999986, 40.328845977000071 ], [ -106.741981507999981, 40.508872987000075 ], [ -106.861724852999942, 40.717502594000052 ], [ -107.044403075, 40.955684663000056 ], [ -107.15094757199995, 41.161968232000049 ], [ -107.151214601, 41.232212068000081 ], [ -107.089149476999978, 41.328697205000026 ], [ -106.945755005999956, 41.329982756000049 ], [ -106.786231991999955, 41.252597809000065 ], [ -106.483619689999955, 41.025508880000075 ], [ -106.359527585999956, 41.037250519000054 ], [ -106.352890013999968, 41.095294954000053 ], [ -106.568695067999954, 41.504116057000033 ], [ -106.53607177799995, 41.573928834000071 ], [ -106.466201783999963, 41.581287385000053 ], [ -106.38603210399998, 41.562297820000026 ], [ -106.249679564999951, 41.645256044000064 ], [ -106.145179748999965, 41.591297151000049 ], [ -105.982109067999943, 41.377258299000061 ], [ -105.858932493999987, 41.070423126000037 ], [ -105.783180237999943, 41.045864105000078 ], [ -105.557312009999976, 41.192306521000035 ], [ -105.498924256999942, 41.268547058000024 ], [ -105.510803222, 41.571311951000041 ], [ -105.546775818999947, 41.857925415000068 ], [ -105.619247437999945, 42.058673859000066 ], [ -105.798728943999947, 42.275199891000057 ], [ -105.908752439999944, 42.376983643000074 ], [ -106.212341306999974, 42.531982421000066 ], [ -106.406959532999963, 42.727203369000051 ] ] ] } },
{ "type": "Feature", "properties": { "PROVINCE": "CENTRAL LOWLAND" }, "geometry": { "type": "Polygon", "coordinates": [ [ [ -82.547256469999979, 42.613647461000028 ], [ -82.525260924999941, 42.618965149000076 ], [ -82.587905883999952, 42.565856934000067 ], [ -82.641273498999965, 42.557250977000081 ], [ -82.608741759999987, 42.570133209000062 ], [ -82.639877318999936, 42.584945679000043 ], [ -82.630249023999966, 42.593555451000043 ], [ -82.547256469999979, 42.613647461000028 ] ] ] } },
{ "type": "Feature", "properties": { "PROVINCE": "CENTRAL LOWLAND" }, "geometry": { "type": "Polygon", "coordinates": [ [ [ -82.606079101999967, 42.501247406000061 ], [ -82.608535765999989, 42.525123596000071 ], [ -82.643196105999948, 42.54370498600008 ], [ -82.664230346999943, 42.533843994000051 ], [ -82.657417296999938, 42.545795441000053 ], [ -82.593635558999949, 42.547866821000071 ], [ -82.584060668999939, 42.522159576000035 ], [ -82.606079101999967, 42.501247406000061 ] ] ] } },
{ "type": "Feature", "properties": { "PROVINCE": "APPALACHIAN PLATEAUS" }, "geometry": { "type": "Polygon", "coordinates": [ [ [ -74.001731872999983, 42.341262817000029 ], [ -74.081985472999975, 42.04923629700005 ], [ -74.146949767999956, 41.977787018000072 ], [ -74.321289061999948, 41.875125885000045 ], [ -74.336776732999965, 41.838920594000058 ], [ -74.529113768999935, 41.902420044000053 ], [ -75.034057616999974, 41.937824250000062 ], [ -75.218101500999978, 42.000782013000048 ], [ -75.457969664999951, 42.145298005000029 ], [ -75.422195434999935, 42.183200836000026 ], [ -74.957138060999966, 42.400020600000062 ], [ -74.818969726999967, 42.373886109000068 ], [ -74.730087279999964, 42.383998871000074 ], [ -74.622154235999972, 42.372932433000074 ], [ -74.492828368999938, 42.335395813000048 ], [ -74.368881225999985, 42.319438934000061 ], [ -74.154907225999978, 42.357299805000025 ], [ -74.001731872999983, 42.341262817000029 ] ] ] } },
{ "type": "Feature", "properties": { "PROVINCE": "CASCADE-SIERRA MOUNTAINS" }, "geometry": { "type": "Polygon", "coordinates": [ [ [ -122.588394164999954, 42.166416168000069 ], [ -121.967201232999969, 42.377487183000028 ], [ -121.787124633999952, 42.159088135000047 ], [ -121.801185607999969, 41.932495118000077 ], [ -121.728584288999969, 41.832096100000058 ], [ -121.58934783899997, 41.775741578000066 ], [ -121.508842468999944, 41.670543671000075 ], [ -121.474464416999979, 41.568389892000027 ], [ -121.273857117999967, 41.196685792000039 ], [ -121.232788085999971, 41.001033783000025 ], [ -121.228088377999939, 40.847015381000062 ], [ -121.176399230999948, 40.59840011600005 ], [ -121.050033569, 40.444038391000049 ], [ -120.994499207, 40.401451110000039 ], [ -121.03304290799997, 40.335350037000069 ], [ -121.38356018099995, 40.077640534000068 ], [ -121.565216064999959, 39.922023773000035 ], [ -121.550865173999966, 39.855636598000046 ], [ -121.55581664999994, 39.76006317100007 ], [ -121.580955505999952, 39.700973511000029 ], [ -121.60883331399998, 39.745990753000058 ], [ -121.684638976999963, 39.809093475000054 ], [ -121.764625549999948, 39.842937470000038 ], [ -121.823783873999957, 39.912559509000062 ], [ -121.948921203999987, 40.16854477000004 ], [ -122.036491394, 40.303104401000041 ], [ -121.996643066, 40.357238769000048 ], [ -121.99133300799997, 40.42146301300005 ], [ -122.08164215, 40.622112274000074 ], [ -121.907455444999982, 40.835426330000075 ], [ -121.915832519999981, 41.148235321000072 ], [ -121.973510741999974, 41.208797455000081 ], [ -122.092391966999969, 41.272148132000041 ], [ -122.320960998999965, 41.341945648000035 ], [ -122.464256286999955, 41.812854767000033 ], [ -122.55509948699995, 41.973762512000064 ], [ -122.564369201999966, 42.095375061000027 ], [ -122.588394164999954, 42.166416168000069 ] ] ] } },
{ "type": "Feature", "properties": { "PROVINCE": "APPALACHIAN PLATEAUS" }, "geometry": { "type": "Polygon", "coordinates": [ [ [ -77.656677245999958, 41.940761568000028 ], [ -77.968299865999938, 41.655872345000034 ], [ -78.32055663999995, 41.246864317000075 ], [ -78.911186218999944, 40.737266539000075 ], [ -79.307373046999942, 40.303581239000039 ], [ -79.723846434999984, 39.896945954000046 ], [ -79.799697874999936, 39.792118071000061 ], [ -79.806159972999978, 39.670681 ], [ -79.719291685999963, 39.486705781000069 ], [ -79.72840118299996, 39.351577760000055 ], [ -79.753700257999981, 39.260055543000078 ], [ -79.929977416999975, 39.025386809000054 ], [ -79.968246460999978, 38.92142867900003 ], [ -79.980438231999983, 38.786766052000075 ], [ -79.963233948999971, 38.678058623000027 ], [ -79.831443787999945, 38.527557375000072 ], [ -80.147796629999959, 38.23976516700003 ], [ -80.335891721999985, 38.037872316000062 ], [ -80.348983764999957, 37.946166991000041 ], [ -80.335731504999956, 37.852409364000039 ], [ -80.396469114999945, 37.669094087000076 ], [ -80.354530333999946, 37.630310058000077 ], [ -80.420585631999984, 37.572608947000049 ], [ -80.545333863999986, 37.537460328000066 ], [ -80.823638916999982, 37.408821106000062 ], [ -80.960433959999989, 37.38116455100004 ], [ -81.289955137999982, 37.396121978000053 ], [ -81.444160459999978, 37.275028230000032 ], [ -82.309059143999946, 37.019489289000035 ], [ -82.351829528999986, 37.152511597000057 ], [ -82.348739622999972, 37.209281922000059 ], [ -82.317794800999934, 37.283302308000032 ], [ -82.330093383999952, 37.334007264000036 ], [ -82.434387208999965, 37.32130432200006 ], [ -83.231117249999954, 36.906879427000035 ], [ -83.460617065999941, 36.810535430000073 ], [ -83.74114227299998, 36.761444091000044 ], [ -84.10481262199994, 36.777339936000033 ], [ -84.073318479999955, 36.871467589000076 ], [ -83.887886046999938, 36.997695924000027 ], [ -83.744956969999976, 37.142597198000033 ], [ -83.600746153999978, 37.436611177000032 ], [ -83.318092344999968, 37.730545043000063 ], [ -83.336280822999981, 37.829608918000076 ], [ -83.569892881999976, 37.849773405000064 ], [ -83.644332885999972, 37.878810882000039 ], [ -83.743865965999987, 37.892883300000051 ], [ -83.751518247999968, 37.908264161000034 ], [ -83.744979859999944, 37.955265044000043 ], [ -83.670982360999972, 37.989955902000077 ], [ -83.663780212999939, 38.040050507000046 ], [ -83.507804869999973, 38.160873413000047 ], [ -83.505050657999959, 38.208274843000027 ], [ -83.560844419999967, 38.316410065000071 ], [ -83.505233764999957, 38.512165070000037 ], [ -83.372177124999951, 38.656051636000029 ], [ -83.25714874199997, 38.820957183000075 ], [ -83.271308899999951, 38.977840424000078 ], [ -83.314002990999938, 39.12104034500004 ], [ -83.300491333999958, 39.171321868000064 ], [ -83.261177062999934, 39.24314498800004 ], [ -83.06338501099998, 39.312244415000066 ], [ -82.859024045999945, 39.349960328000066 ], [ -82.807357786999944, 39.407405853000057 ], [ -82.757209777999947, 39.51751708900008 ], [ -82.577713013999983, 39.611824035000041 ], [ -82.512619017999953, 39.778881072000047 ], [ -82.451805113999967, 39.841323853000063 ], [ -82.410972596999954, 39.917491914000038 ], [ -82.447067261999962, 40.098262787000067 ], [ -82.500572205999958, 40.176826475000041 ], [ -82.455467222999971, 40.35442733900004 ], [ -82.493560790999936, 40.519992828000056 ], [ -82.630081177999955, 40.66946411300006 ], [ -82.635910033999949, 40.736679077000076 ], [ -82.583702087999939, 40.798736573000042 ], [ -82.569725036999955, 40.808132171000068 ], [ -82.29425811699997, 40.714862823000033 ], [ -82.121223448999956, 40.713653564000026 ], [ -81.241470335999963, 40.853054047000057 ], [ -80.75302886999998, 40.872123718000068 ], [ -80.442138670999952, 40.90965652400007 ], [ -80.247154235999972, 40.988475799000071 ], [ -80.087837218999937, 41.126216889000034 ], [ -79.990707396999937, 41.255313872000045 ], [ -79.862030028999982, 41.522953034000068 ], [ -79.840774535999969, 41.608959197000047 ], [ -79.599563599999954, 41.762626646000058 ], [ -79.439323424999941, 41.904148100000043 ], [ -79.099945067999954, 41.992576600000064 ], [ -78.587547301999962, 42.256561278000049 ], [ -78.322189331999937, 42.277965546000075 ], [ -78.136352539999962, 42.270282746000078 ], [ -78.014862059999984, 42.212329863000036 ], [ -77.751823424999941, 41.971866606000049 ], [ -77.656677245999958, 41.940761568000028 ] ] ] } },
{ "type": "Feature", "properties": { "PROVINCE": "CENTRAL LOWLAND" }, "geometry": { "type": "Polygon", "coordinates": [ [ [ -83.173637389999953, 42.099742890000073 ], [ -83.142936707, 42.191566468000076 ], [ -83.142349243999945, 42.123687744000051 ], [ -83.157722472999978, 42.097595215000069 ], [ -83.173637389999953, 42.099742890000073 ] ] ] } },
{ "type": "Feature", "properties": { "PROVINCE": "NEW ENGLAND" }, "geometry": { "type": "Polygon", "coordinates": [ [ [ -70.142211913999972, 42.040687561000027 ], [ -70.169731139999953, 42.049896240000066 ], [ -70.204872130999945, 42.029113769000048 ], [ -70.176918029999968, 42.031471252000074 ], [ -70.196235655999942, 42.017494201000034 ], [ -70.255142211999953, 42.060119629000042 ], [ -70.231857299999945, 42.078990936000025 ], [ -70.114799498999957, 42.064216614000031 ], [ -70.142211913999972, 42.040687561000027 ] ] ] } },
{ "type": "Feature", "properties": { "PROVINCE": "COASTAL PLAIN" }, "geometry": { "type": "Polygon", "coordinates": [ [ [ -70.142211913999972, 42.040687561000027 ], [ -70.114799498999957, 42.064216614000031 ], [ -70.050468444999979, 42.026306153000064 ], [ -69.964164733999951, 41.904098511000029 ], [ -69.932022094999979, 41.809467315000063 ], [ -69.952087401999961, 41.83554840100004 ], [ -69.980697631999988, 41.788276673000041 ], [ -69.931762694999975, 41.792648316000054 ], [ -69.925537109999937, 41.698387145000027 ], [ -69.943923949999942, 41.657169342000032 ], [ -69.937309264999953, 41.75010681100008 ], [ -69.945884704999969, 41.772190094000052 ], [ -69.96935272199994, 41.771106720000034 ], [ -69.969650268999942, 41.733856201000037 ], [ -69.999809264999953, 41.712532043000067 ], [ -69.951637267999956, 41.704662323000036 ], [ -69.960792540999932, 41.663146973000039 ], [ -70.186134337999988, 41.647766113000046 ], [ -70.266555786999959, 41.60379028300008 ], [ -70.269935607999969, 41.621147156000063 ], [ -70.24348449699994, 41.633098602000075 ], [ -70.348121642999956, 41.630664826000043 ], [ -70.391212463999977, 41.605529785000044 ], [ -70.406105041999979, 41.638656616000048 ], [ -70.472267150999983, 41.557811737000065 ], [ -70.523101806999989, 41.547847748000038 ], [ -70.522941589999959, 41.576000213000043 ], [ -70.537887572999978, 41.546878815000071 ], [ -70.582229613999971, 41.543983460000049 ], [ -70.581192016999978, 41.565303803000063 ], [ -70.595214843999941, 41.542057037000063 ], [ -70.684722900999986, 41.518508911000026 ], [ -70.645507812999938, 41.568813324000075 ], [ -70.65008544899996, 41.640247345000034 ], [ -70.626579284999934, 41.655982972000061 ], [ -70.643249511999954, 41.657142639000028 ], [ -70.457695006999984, 41.762248993000071 ], [ -70.423507690999941, 41.743629456000065 ], [ -70.27382659899996, 41.721664429000043 ], [ -70.351409911999951, 41.721160889000032 ], [ -70.34842681899994, 41.707447052000077 ], [ -70.263114928999983, 41.703182221000077 ], [ -70.207008361999954, 41.73925018400007 ], [ -70.046127318999936, 41.775302887000066 ], [ -70.006675719999976, 41.808170319000055 ], [ -70.007896423999966, 41.884101868000073 ], [ -70.029785155999946, 41.88977432300004 ], [ -70.004211425999983, 41.905349731000058 ], [ -70.036712645999955, 41.909076691000053 ], [ -70.042434691999972, 41.927883148000035 ], [ -70.064544677999947, 41.919013978000066 ], [ -70.073768615999938, 41.875671387000068 ], [ -70.089912413999969, 41.984325409000064 ], [ -70.117515563999973, 42.032428742000036 ], [ -70.142211913999972, 42.040687561000027 ] ] ] } },
{ "type": "Feature", "properties": { "PROVINCE": null }, "geometry": { "type": "Polygon", "coordinates": [ [ [ -70.457695006999984, 41.762248993000071 ], [ -70.391586303999986, 41.805442810000045 ], [ -70.142211913999972, 42.040687561000027 ], [ -70.117515563999973, 42.032428742000036 ], [ -70.089912413999969, 41.984325409000064 ], [ -70.073768615999938, 41.875671387000068 ], [ -70.064544676999958, 41.919013977000077 ], [ -70.042434692999961, 41.927883148000035 ], [ -70.036712645999955, 41.909076690000063 ], [ -70.004211425999983, 41.905349731000058 ], [ -70.029785155999946, 41.88977432300004 ], [ -70.007896422999977, 41.884101868000073 ], [ -70.006675719999976, 41.808170319000055 ], [ -70.046127318999936, 41.775302887000066 ], [ -70.207008361999954, 41.73925018400007 ], [ -70.263114928999983, 41.703182220000031 ], [ -70.34842681899994, 41.707447052000077 ], [ -70.351409912999941, 41.721160889000032 ], [ -70.27382659899996, 41.721664428000054 ], [ -70.423507690999941, 41.743629456000065 ], [ -70.457695006999984, 41.762248993000071 ] ] ] } },
{ "type": "Feature", "properties": { "PROVINCE": "VALLEY AND RIDGE" }, "geometry": { "type": "Polygon", "coordinates": [ [ [ -74.123847961999957, 42.003242493000073 ], [ -74.004051207999964, 41.93716812100007 ], [ -73.935028074999934, 41.849033355000074 ], [ -73.921371459999989, 41.755931856000075 ], [ -73.949974059999988, 41.511997223000037 ], [ -74.014854432999982, 41.453948976000049 ], [ -74.142135619999976, 41.402656557000057 ], [ -74.396896362999939, 41.345657348000032 ], [ -74.501434324999934, 41.294361116000061 ], [ -74.562416077999956, 41.118991852000079 ], [ -74.667022706999944, 40.942428591000066 ], [ -74.764762876999953, 40.91337204000007 ], [ -74.795852660999969, 40.974708557000042 ], [ -74.854064940999933, 40.99512100100003 ], [ -74.922058106999941, 40.957187653000062 ], [ -75.052337646999945, 40.802494048000028 ], [ -75.122039794999978, 40.75209045500003 ], [ -75.453338623999969, 40.673652648000029 ], [ -75.592239380999956, 40.583290102000035 ], [ -75.782363891999978, 40.506732942000042 ], [ -75.806579589999956, 40.439811707000047 ], [ -75.780166624999936, 40.388843535000035 ], [ -75.841903687999945, 40.371704101000034 ], [ -75.948829649999936, 40.374969483000029 ], [ -76.028656007999984, 40.401832582000054 ], [ -76.316886900999975, 40.351272582000036 ], [ -76.441085816999987, 40.353942872000061 ], [ -76.502212524999948, 40.378833771000075 ], [ -76.576797486999965, 40.347385405000068 ], [ -76.762145995999958, 40.333354951000047 ], [ -76.835121153999978, 40.275245667000036 ], [ -76.91999816799995, 40.233520510000062 ], [ -77.387092588999963, 40.101222993000079 ], [ -77.494369507999977, 40.042900086000031 ], [ -77.535385130999941, 39.991020201000026 ], [ -77.545425412999975, 39.913429260000044 ], [ -77.58025360299996, 39.874782562000064 ], [ -77.534866333999958, 39.75323867700007 ], [ -77.637237547999973, 39.348716735000039 ], [ -77.806686400999979, 39.198890687000073 ], [ -77.855735779999975, 39.137138367000034 ], [ -78.081008911999959, 38.978443146000075 ], [ -78.162666318999982, 38.864738464000027 ], [ -78.255317686999945, 38.801784514000076 ], [ -78.421524045999945, 38.572948457000052 ], [ -78.611206054999968, 38.391799925000043 ], [ -78.806663513999979, 38.151058196000065 ], [ -79.38394164999994, 37.735523225000065 ], [ -79.451232910999977, 37.653572083000029 ], [ -79.766685485999972, 37.415847777000067 ], [ -79.786895751999964, 37.330108641000038 ], [ -79.857856747999961, 37.227844239000035 ], [ -80.011276246999955, 37.235290528000064 ], [ -80.076591490999988, 37.261878969000065 ], [ -80.195991514999946, 37.150333403000047 ], [ -80.522628783999949, 37.019561769000063 ], [ -80.824127195999949, 36.867042541000046 ], [ -81.018692016999978, 36.829528808000077 ], [ -81.273742673999948, 36.821918487000062 ], [ -81.312828065999952, 37.001155854000046 ], [ -81.423782347999975, 37.288539888000059 ], [ -81.289955137999982, 37.396121979000043 ], [ -80.960433959999989, 37.38116455100004 ], [ -80.823638915999936, 37.408821106000062 ], [ -80.545333859999971, 37.537460329000055 ], [ -80.420585630999938, 37.572608946000059 ], [ -80.354530332999957, 37.630310057000031 ], [ -80.396469114999945, 37.66909408500004 ], [ -80.335731504999956, 37.852409363000049 ], [ -80.348983762999978, 37.946166994000066 ], [ -80.335891725999943, 38.037872314000026 ], [ -80.298622130999945, 38.091316222000046 ], [ -79.863624571999935, 38.48937606700008 ], [ -79.793258665999986, 38.572765352000033 ], [ -79.580940247999933, 38.889064788000042 ], [ -79.560173035999981, 38.979564666000044 ], [ -79.516899107999961, 39.050907136000035 ], [ -79.460441587999981, 39.058437347000051 ], [ -79.404006956999979, 38.92642212100003 ], [ -79.346656799999948, 38.913158415000055 ], [ -79.286872864999964, 38.950237273000027 ], [ -79.053245544999982, 39.354290010000057 ], [ -78.806800840999983, 39.603702543000054 ], [ -78.769035337999981, 39.680358886000079 ], [ -78.764457703999938, 39.782745362000071 ], [ -78.689689637999948, 39.977413178000063 ], [ -78.600944518999938, 40.150844574000075 ], [ -78.451118469999983, 40.386032105000027 ], [ -78.448966980999955, 40.484115600000052 ], [ -78.404838563999988, 40.605800629000044 ], [ -78.318916319999971, 40.719142915000077 ], [ -78.119110107999973, 40.87774276600004 ], [ -77.963073727999983, 40.951004028000057 ], [ -77.550422668999943, 41.200958250000042 ], [ -77.398483275999979, 41.255062103000057 ], [ -77.013862608999943, 41.325111388000039 ], [ -76.847747803999937, 41.331607818000066 ], [ -76.510879515999989, 41.170074462000059 ], [ -76.374023437999938, 41.147701262000055 ], [ -76.221847533999949, 41.16530990800004 ], [ -75.800827026999968, 41.478843691000066 ], [ -75.532272337999984, 41.625244139000074 ], [ -75.452941893999935, 41.605937959000073 ], [ -75.507919312999945, 41.530319215000077 ], [ -75.596885680999947, 41.457698821000065 ], [ -75.702735899999936, 41.399188994000042 ], [ -75.752601623999965, 41.343158722000055 ], [ -75.795974729999955, 41.254219055000078 ], [ -75.751159667999957, 41.095436095000025 ], [ -75.749961853999935, 40.99532318200005 ], [ -75.727874756999938, 40.924751283000035 ], [ -75.66647338699994, 40.874027254000055 ], [ -75.572608948999971, 40.86809158300008 ], [ -75.368621825999981, 40.90371704000006 ], [ -75.015296937999949, 41.158111572000053 ], [ -74.951339723, 41.235256195000034 ], [ -74.814117430999943, 41.355323792000036 ], [ -74.559181212999988, 41.487712860000045 ], [ -74.498756406999973, 41.544361116000061 ], [ -74.406730650999975, 41.680561066000053 ], [ -74.321289061999948, 41.875125884000056 ], [ -74.123847961999957, 42.003242493000073 ] ] ] } },
{ "type": "Feature", "properties": { "PROVINCE": "APPALACHIAN PLATEAUS" }, "geometry": { "type": "Polygon", "coordinates": [ [ [ -76.049850463999974, 41.281887055000027 ], [ -76.221847534999938, 41.165309907000051 ], [ -76.374023436999948, 41.147701262000055 ], [ -76.510879515999989, 41.170074463000049 ], [ -76.847747802999947, 41.331607818000066 ], [ -77.013862608999943, 41.325111389000028 ], [ -77.398483275999979, 41.255062103000057 ], [ -77.550422666999964, 41.200958252000078 ], [ -77.963073729999962, 40.951004029000046 ], [ -78.119110107999973, 40.87774276600004 ], [ -78.318916319999971, 40.719142913000042 ], [ -78.404838562999942, 40.605800628000054 ], [ -78.448966979999966, 40.484115601000042 ], [ -78.451118467999947, 40.386032103000048 ], [ -78.600944518999938, 40.150844573000029 ], [ -78.689689634999979, 39.977413178000063 ], [ -78.764457702999948, 39.782745362000071 ], [ -78.76903533899997, 39.680358886000079 ], [ -78.806800840999983, 39.603702546000079 ], [ -79.053245544999982, 39.354290010000057 ], [ -79.286872863999974, 38.950237274000074 ], [ -79.346656799999948, 38.91315841800008 ], [ -79.404006957999968, 38.926422119000051 ], [ -79.460441589999959, 39.058437348000041 ], [ -79.516899108999951, 39.050907135000045 ], [ -79.560173033999945, 38.979564666000044 ], [ -79.580940246999944, 38.889064790000077 ], [ -79.831443786999955, 38.527557373000036 ], [ -79.963233948999971, 38.678058625000062 ], [ -79.980438231999983, 38.786766052000075 ], [ -79.968246460999978, 38.921428681000066 ], [ -79.929977417999964, 39.025386810000043 ], [ -79.753700256999934, 39.260055541000042 ], [ -79.728401184999939, 39.351577759000065 ], [ -79.719291686999952, 39.486705780000079 ], [ -79.806159972999978, 39.670681 ], [ -79.799697875999982, 39.792118072000051 ], [ -79.723846434999984, 39.896945954000046 ], [ -79.307373045999952, 40.303581238000049 ], [ -78.911186217999955, 40.737266541000054 ], [ -78.320556640999939, 41.246864319000053 ], [ -77.968299865999938, 41.655872345000034 ], [ -77.656677246999948, 41.940761567000038 ], [ -77.254379272999984, 41.891963959000066 ], [ -76.934684753999989, 41.924926759000073 ], [ -76.793876646999934, 41.889537812000071 ], [ -76.663436888999968, 41.814765931000068 ], [ -76.255867003999981, 41.491954803000056 ], [ -76.049850463999974, 41.281887055000027 ] ] ] } },
{ "type": "Feature", "properties": { "PROVINCE": null }, "geometry": { "type": "Polygon", "coordinates": [ [ [ -71.303627013999971, 41.651969910000048 ], [ -71.285079955999947, 41.670654297000056 ], [ -71.258811950999984, 41.650569915000062 ], [ -71.244247436999956, 41.677051544000051 ], [ -71.256378173999963, 41.712734223000041 ], [ -71.23976135199996, 41.697395325000059 ], [ -71.22290038999995, 41.719284058000028 ], [ -71.193946837999988, 41.70457839900007 ], [ -71.143310546999942, 41.737812043000076 ], [ -71.198806762999936, 41.678504944000053 ], [ -71.213172912999937, 41.623249054000041 ], [ -71.194419860999972, 41.600585938000052 ], [ -71.223327636999954, 41.553077697000049 ], [ -71.219802855999944, 41.53347778300008 ], [ -71.204475402999947, 41.533145904000037 ], [ -71.199523925999983, 41.451236725000058 ], [ -71.482994079999969, 41.368469239000035 ], [ -71.427513121999937, 41.475143433000028 ], [ -71.451057433999949, 41.570056916000055 ], [ -71.417907713999966, 41.586654663000047 ], [ -71.419303893999938, 41.652214050000055 ], [ -71.446319579999965, 41.683490753000058 ], [ -71.412872313999969, 41.69008636500007 ], [ -71.393447875999982, 41.666534424000076 ], [ -71.364562987999989, 41.715454102000081 ], [ -71.395294189999959, 41.732883453000056 ], [ -71.406135558999949, 41.805767059000061 ], [ -71.379692076999959, 41.853836059000059 ], [ -71.38957977299998, 41.803615570000034 ], [ -71.363403320999964, 41.743904114000031 ], [ -71.309616088999974, 41.704322815000069 ], [ -71.293312072999981, 41.721603393000066 ], [ -71.303627013999971, 41.651969910000048 ] ], [ [ -71.381095886999958, 41.503265381000062 ], [ -71.400268554999968, 41.44916534500004 ], [ -71.380828856999983, 41.477378845000032 ], [ -71.361274718999937, 41.475612641000055 ], [ -71.362060546999942, 41.569168091000051 ], [ -71.385910033999949, 41.538776398000039 ], [ -71.381095886999958, 41.503265381000062 ] ], [ [ -71.226295470999958, 41.648960114000033 ], [ -71.269172668999943, 41.621269226000038 ], [ -71.324577331999933, 41.52162170400004 ], [ -71.323120116999974, 41.479362488000049 ], [ -71.356956481999987, 41.460086822000051 ], [ -71.349517821999939, 41.445861816000047 ], [ -71.301437377999946, 41.453029633000028 ], [ -71.288002013999971, 41.483623505000025 ], [ -71.258308410999973, 41.490257263000046 ], [ -71.23867034899996, 41.474853516000053 ], [ -71.226295470999958, 41.648960114000033 ] ], [ [ -71.352821349999942, 41.635284424000076 ], [ -71.333442687999934, 41.627613068000073 ], [ -71.327255248999961, 41.580257416000052 ], [ -71.298286437999934, 41.615074158000027 ], [ -71.337539672999981, 41.665390015000071 ], [ -71.352821349999942, 41.635284424000076 ] ] ] } },
{ "type": "Feature", "properties": { "PROVINCE": "NEW ENGLAND" }, "geometry": { "type": "Polygon", "coordinates": [ [ [ -71.143310546999942, 41.737812043000076 ], [ -71.117904662999933, 41.818725586000028 ], [ -71.106040954999969, 41.777580261000026 ], [ -71.143310546999942, 41.737812043000076 ] ] ] } },
{ "type": "Feature", "properties": { "PROVINCE": "NEW ENGLAND" }, "geometry": { "type": "Polygon", "coordinates": [ [ [ -71.293312071999935, 41.721603393000066 ], [ -71.306938170999956, 41.742687225000054 ], [ -71.288665771999945, 41.752933502000076 ], [ -71.293312071999935, 41.721603393000066 ] ] ] } },
{ "type": "Feature", "properties": { "PROVINCE": null }, "geometry": { "type": "Polygon", "coordinates": [ [ [ -70.931976317999954, 41.541053772000055 ], [ -70.965194701999962, 41.588565827000025 ], [ -70.956764220999958, 41.598812103000057 ], [ -70.937995910999973, 41.578384400000061 ], [ -70.927452086999949, 41.609016418000067 ], [ -70.908508300999983, 41.592666626000039 ], [ -70.92478942799994, 41.641654968000068 ], [ -70.913116454999965, 41.66953277600004 ], [ -70.865325926999958, 41.582992554000043 ], [ -70.867614745999958, 41.628009796000072 ], [ -70.799331664999954, 41.629508972000053 ], [ -70.814834594999979, 41.653514862000065 ], [ -70.779914855999948, 41.650825501000043 ], [ -70.770225524999944, 41.634231567000029 ], [ -70.757949828999983, 41.673896790000072 ], [ -70.744430541999975, 41.673553467000033 ], [ -70.751670837999939, 41.70326232900004 ], [ -70.71806335399998, 41.671974182000042 ], [ -70.735290526999961, 41.724651337000068 ], [ -70.706649779999964, 41.744815827000025 ], [ -70.694236755999952, 41.720878601000038 ], [ -70.65396881099997, 41.713478089000034 ], [ -70.66714477499994, 41.695194245000039 ], [ -70.646087646999945, 41.711002350000058 ], [ -70.654861449999942, 41.733489990000066 ], [ -70.618209838999974, 41.737659455000028 ], [ -70.634017944999982, 41.718864441000051 ], [ -70.621192931999985, 41.703990936000025 ], [ -70.658638000999986, 41.679988861000027 ], [ -70.631744384999934, 41.689277649000076 ], [ -70.618949889999953, 41.673950195000032 ], [ -70.657836913999972, 41.658161164000035 ], [ -70.643249510999965, 41.657142639000028 ], [ -70.931976317999954, 41.541053772000055 ] ] ] } },
{ "type": "Feature", "properties": { "PROVINCE": "CENTRAL LOWLAND" }, "geometry": { "type": "Polygon", "coordinates": [ [ [ -82.776809691999972, 41.699943543000074 ], [ -82.807525635, 41.674583435000045 ], [ -82.824241638, 41.683895111000027 ], [ -82.776809691999972, 41.699943543000074 ] ] ] } },
{ "type": "Feature", "properties": { "PROVINCE": "CENTRAL LOWLAND" }, "geometry": { "type": "Polygon", "coordinates": [ [ [ -82.81736755299994, 41.657047272000057 ], [ -82.841209411999955, 41.631809235000048 ], [ -82.829071044999978, 41.666416168000069 ], [ -82.81736755299994, 41.657047272000057 ] ] ] } },
{ "type": "Feature", "properties": { "PROVINCE": "NEW ENGLAND" }, "geometry": { "type": "Polygon", "coordinates": [ [ [ -71.333442687999934, 41.627613068000073 ], [ -71.352821349999942, 41.635284424000076 ], [ -71.337539672999981, 41.665390015000071 ], [ -71.298286437999934, 41.615074158000027 ], [ -71.327255248999961, 41.580257416000052 ], [ -71.333442687999934, 41.627613068000073 ] ] ] } },
{ "type": "Feature", "properties": { "PROVINCE": "NEW ENGLAND" }, "geometry": { "type": "Polygon", "coordinates": [ [ [ -71.269172668999943, 41.621269226000038 ], [ -71.226295470999958, 41.648960114000033 ], [ -71.219444274999944, 41.635643006000066 ], [ -71.23867034899996, 41.474853516000053 ], [ -71.258308410999973, 41.490257263000046 ], [ -71.288002014999961, 41.483623505000025 ], [ -71.301437377999946, 41.453029633000028 ], [ -71.349517821999939, 41.445861816000047 ], [ -71.356956481999987, 41.460086822000051 ], [ -71.323120116999974, 41.479362488000049 ], [ -71.324577331999933, 41.52162170400004 ], [ -71.269172668999943, 41.621269226000038 ] ] ] } },
{ "type": "Feature", "properties": { "PROVINCE": "COASTAL PLAIN" }, "geometry": { "type": "Polygon", "coordinates": [ [ [ -69.995567321999943, 41.571098328000062 ], [ -69.998184203999983, 41.600708008000026 ], [ -69.968566893999935, 41.645675659000062 ], [ -69.990829467999959, 41.557323456000063 ], [ -70.010406494999984, 41.537029267000037 ], [ -70.019721984999933, 41.545951844000058 ], [ -69.995567321999943, 41.571098328000062 ] ] ] } },
{ "type": "Feature", "properties": { "PROVINCE": "CENTRAL LOWLAND" }, "geometry": { "type": "Polygon", "coordinates": [ [ [ -82.672035216999973, 41.623725891000049 ], [ -82.692794799999945, 41.588336945000037 ], [ -82.731201171999942, 41.600418091000051 ], [ -82.721069335999971, 41.62128830000006 ], [ -82.672035216999973, 41.623725891000049 ] ] ] } },
{ "type": "Feature", "properties": { "PROVINCE": "NEW ENGLAND" }, "geometry": { "type": "Polygon", "coordinates": [ [ [ -71.199523925999983, 41.451236725000058 ], [ -71.146560668999939, 41.478286743000069 ], [ -71.134147643999938, 41.512065887000063 ], [ -71.131378172999973, 41.489753723000035 ], [ -71.096870421999938, 41.508502960000044 ], [ -71.11209869399994, 41.541088104000039 ], [ -71.081054686999948, 41.519954682000048 ], [ -71.066001891999974, 41.527782440000067 ], [ -71.069168090999938, 41.599155426000038 ], [ -71.045097350999981, 41.514133454000046 ], [ -71.082885741999974, 41.505466462000072 ], [ -71.051094054999965, 41.496509552000077 ], [ -71.199523925999983, 41.451236725000058 ] ] ] } },
{ "type": "Feature", "properties": { "PROVINCE": "NEW ENGLAND" }, "geometry": { "type": "Polygon", "coordinates": [ [ [ -71.381095886999958, 41.503265381000062 ], [ -71.385910033999949, 41.538776398000039 ], [ -71.362060546999942, 41.569168091000051 ], [ -71.361274718999937, 41.475612641000055 ], [ -71.380828856999983, 41.477378845000032 ], [ -71.400268554999968, 41.44916534500004 ], [ -71.381095886999958, 41.503265381000062 ] ] ] } },
{ "type": "Feature", "properties": { "PROVINCE": "COASTAL PLAIN" }, "geometry": { "type": "Polygon", "coordinates": [ [ [ -70.948181151999961, 41.535003662000065 ], [ -70.931976317999954, 41.541053772000055 ], [ -70.929351806999989, 41.537303924000071 ], [ -70.948181151999961, 41.535003662000065 ] ] ] } },
{ "type": "Feature", "properties": { "PROVINCE": "NEW ENGLAND" }, "geometry": { "type": "Polygon", "coordinates": [ [ [ -70.98905181899994, 41.519733429000041 ], [ -70.989692687999934, 41.532829284000059 ], [ -70.967964171999938, 41.538677216000053 ], [ -70.963157653999986, 41.529407502000026 ], [ -70.98905181899994, 41.519733429000041 ] ] ] } },
{ "type": "Feature", "properties": { "PROVINCE": "COASTAL PLAIN" }, "geometry": { "type": "Polygon", "coordinates": [ [ [ -70.963157653999986, 41.529407502000026 ], [ -70.948181151999961, 41.535003662000065 ], [ -70.954360961999953, 41.512466431000064 ], [ -70.963157653999986, 41.529407502000026 ] ] ] } },
{ "type": "Feature", "properties": { "PROVINCE": "COASTAL PLAIN" }, "geometry": { "type": "Polygon", "coordinates": [ [ [ -71.051094054999965, 41.496509552000077 ], [ -71.014091491999977, 41.510372162000067 ], [ -70.98905181899994, 41.519733429000041 ], [ -70.988388061999956, 41.506004333000078 ], [ -71.037246703999983, 41.496700287000067 ], [ -71.041778563999969, 41.476367951000043 ], [ -71.051094054999965, 41.496509552000077 ] ] ] } },
{ "type": "Feature", "properties": { "PROVINCE": "COASTAL PLAIN" }, "geometry": { "type": "Polygon", "coordinates": [ [ [ -70.776405333999946, 41.486328125000057 ], [ -70.714164733999951, 41.50563812200005 ], [ -70.71737670899995, 41.489372254000045 ], [ -70.805740355999944, 41.448005676000037 ], [ -70.807449339999948, 41.464397430000076 ], [ -70.776405333999946, 41.486328125000057 ] ] ] } },
{ "type": "Feature", "properties": { "PROVINCE": "COASTAL PLAIN" }, "geometry": { "type": "Polygon", "coordinates": [ [ [ -70.604324340999938, 41.429668427000081 ], [ -70.567687987999989, 41.464569092000033 ], [ -70.552833556999985, 41.417392731000064 ], [ -70.56465148999996, 41.426338196000074 ], [ -70.575851439999951, 41.410289764000026 ], [ -70.515151977999949, 41.398662567000031 ], [ -70.512207031999935, 41.359077454000044 ], [ -70.486145019999981, 41.341560364000031 ], [ -70.738677978999988, 41.334159851000038 ], [ -70.769706725999981, 41.29816818200004 ], [ -70.843910216999973, 41.348598481000067 ], [ -70.782524108999951, 41.352523804000043 ], [ -70.788192748999961, 41.335411072000056 ], [ -70.770927429999972, 41.32498550400004 ], [ -70.751770018999935, 41.382167816000049 ], [ -70.667480468999941, 41.454933166000046 ], [ -70.632629393999935, 41.453117370000029 ], [ -70.605834960999971, 41.474666595000031 ], [ -70.604324340999938, 41.429668427000081 ] ] ] } },
{ "type": "Feature", "properties": { "PROVINCE": "COASTAL PLAIN" }, "geometry": { "type": "Polygon", "coordinates": [ [ [ -70.907539367999959, 41.433246612000062 ], [ -70.868896483999947, 41.447742462000065 ], [ -70.855461120999962, 41.432888031000061 ], [ -70.906219481999983, 41.42140579200003 ], [ -70.907539367999959, 41.433246612000062 ] ] ] } },
{ "type": "Feature", "properties": { "PROVINCE": null }, "geometry": { "type": "Polygon", "coordinates": [ [ [ -71.671302794999974, 41.343830109000066 ], [ -71.535934447999978, 41.372848511000029 ], [ -71.514099120999958, 41.419189453000058 ], [ -71.502403258999948, 41.386268616000052 ], [ -71.519355773999962, 41.374343872000054 ], [ -71.500198363999971, 41.363742828000056 ], [ -71.678291319999971, 41.321899414000029 ], [ -71.671302794999974, 41.343830109000066 ] ] ] } },
{ "type": "Feature", "properties": { "PROVINCE": "COASTAL PLAIN" }, "geometry": { "type": "Polygon", "coordinates": [ [ [ -70.504203796999946, 41.384742737000067 ], [ -70.454757689999951, 41.417900085000042 ], [ -70.452064514999961, 41.349704743000075 ], [ -70.503173827999944, 41.368366241000047 ], [ -70.504203796999946, 41.384742737000067 ] ] ] } },
{ "type": "Feature", "properties": { "PROVINCE": null }, "geometry": { "type": "Polygon", "coordinates": [ [ [ -71.678291319999971, 41.321899414000029 ], [ -71.989692686999945, 41.282718658000078 ], [ -72.175994872999979, 41.236503601000038 ], [ -72.454010009999934, 41.197544098000037 ], [ -73.516166686999952, 40.996173859000066 ], [ -73.675628660999962, 40.880588531000058 ], [ -73.718223571999943, 40.871238708000078 ], [ -73.786888121999937, 40.820713043000069 ], [ -73.807579039999951, 40.862331391000055 ], [ -73.785087585999975, 40.866382599000076 ], [ -73.75695800699998, 40.915775299000074 ], [ -73.718009947999974, 40.925674439000034 ], [ -73.712432861999957, 40.950614930000029 ], [ -73.672897338999974, 40.947795868000071 ], [ -73.653144836999957, 40.99837493900003 ], [ -73.592147826999962, 41.025596618000066 ], [ -73.566001891999974, 41.01870346100003 ], [ -73.579475402999947, 41.005592346000071 ], [ -73.559997558999953, 41.005981445000032 ], [ -73.535461424999937, 41.033569337000074 ], [ -73.516029357999969, 41.02487564200004 ], [ -73.495727538999972, 41.053379059000065 ], [ -73.467788696999946, 41.041469574000075 ], [ -73.36242675699998, 41.106781006000062 ], [ -73.275627136999958, 41.128097535000052 ], [ -73.256233215999941, 41.116638183000077 ], [ -73.176895141999978, 41.173786163000045 ], [ -73.151885985999968, 41.172714233000079 ], [ -73.149139403999982, 41.147281647000057 ], [ -73.099052429999972, 41.15193176300005 ], [ -73.072334288999969, 41.188949585000046 ], [ -73.047912597999982, 41.189220429000045 ], [ -73.046417234999979, 41.209632874000079 ], [ -73.008018493999941, 41.204349519000061 ], [ -72.916229247999979, 41.297088623000036 ], [ -72.888572692999958, 41.305931092000037 ], [ -72.897354125999982, 41.252910614000029 ], [ -72.869422911999948, 41.241775512000061 ], [ -72.817741393999938, 41.263542175000055 ], [ -72.807563780999942, 41.251194001000044 ], [ -72.750465392999956, 41.266536712000061 ], [ -72.684852599999942, 41.245906830000081 ], [ -72.661231993999934, 41.266994476000036 ], [ -72.568305968999937, 41.268257142000039 ], [ -72.533866882999973, 41.249259948000031 ], [ -72.527229308999949, 41.263828277000073 ], [ -72.502540587999988, 41.25706481900005 ], [ -72.440292358999955, 41.28083038300008 ], [ -72.401191710999967, 41.279895783000029 ], [ -72.389404295999952, 41.260688782000045 ], [ -72.347679138999979, 41.267868042000032 ], [ -72.36952972399996, 41.274501800000053 ], [ -72.345504759999983, 41.282363892000035 ], [ -72.366699218999941, 41.291259765000063 ], [ -72.356193541999971, 41.332794190000072 ], [ -72.322914122999975, 41.281162262000066 ], [ -72.226348876999964, 41.304370881000068 ], [ -72.213302612999939, 41.288303375000055 ], [ -72.186775206999982, 41.32151794400005 ], [ -72.176162719999979, 41.305934906000061 ], [ -72.107650756999988, 41.306755065000061 ], [ -72.097969054999965, 41.393764496000074 ], [ -72.083068847999982, 41.333625794000056 ], [ -72.046562195999968, 41.326267242000029 ], [ -72.047576903999982, 41.311756133000074 ], [ -72.022766113999978, 41.32408523600003 ], [ -72.014007567999954, 41.309425354000041 ], [ -71.970130919999974, 41.346412659000066 ], [ -71.917335510999976, 41.331493378000062 ], [ -71.893211364999956, 41.340179444000057 ], [ -71.866188048999959, 41.32339096100003 ], [ -71.893409728999984, 41.312946320000037 ], [ -71.858734130999949, 41.306926728000064 ], [ -71.671302795999964, 41.343830109000066 ], [ -71.678291319999971, 41.321899414000029 ] ] ] } },
{ "type": "Feature", "properties": { "PROVINCE": "COASTAL PLAIN" }, "geometry": { "type": "Polygon", "coordinates": [ [ [ -70.031707763999975, 41.311935425000058 ], [ -70.006507872999975, 41.324775696000074 ], [ -70.026618957999972, 41.337207794000051 ], [ -70.087631225999985, 41.296852111000078 ], [ -70.034484862999989, 41.34971618700007 ], [ -70.049263, 41.391963959000066 ], [ -70.022933959999989, 41.380702973000041 ], [ -69.965980529999968, 41.29489135700004 ], [ -69.96844482399996, 41.251823425000055 ], [ -70.012779235999972, 41.23550033500004 ], [ -70.103103637999936, 41.238281250000057 ], [ -70.213272094999979, 41.270202637000068 ], [ -70.196189879999963, 41.280597687000068 ], [ -70.20708465599995, 41.294090271000073 ], [ -70.115089415999932, 41.298145294000051 ], [ -70.097869872999979, 41.277637482000046 ], [ -70.028099059999988, 41.300014496000074 ], [ -70.031707763999975, 41.311935425000058 ] ] ] } },
{ "type": "Feature", "properties": { "PROVINCE": "COASTAL PLAIN" }, "geometry": { "type": "Polygon", "coordinates": [ [ [ -71.500198363999971, 41.363742828000056 ], [ -71.482994079999969, 41.368469239000035 ], [ -71.488731383999948, 41.357402801000035 ], [ -71.500198363999971, 41.363742828000056 ] ] ] } },
{ "type": "Feature", "properties": { "PROVINCE": "NEW ENGLAND" }, "geometry": { "type": "Polygon", "coordinates": [ [ [ -72.356193542999961, 41.332794190000072 ], [ -72.396270751999964, 41.36198425200007 ], [ -72.37662506099997, 41.36446380700005 ], [ -72.356193542999961, 41.332794190000072 ] ] ] } },
{ "type": "Feature", "properties": { "PROVINCE": "COASTAL PLAIN" }, "geometry": { "type": "Polygon", "coordinates": [ [ [ -70.289619444999971, 41.306953430000078 ], [ -70.254112242999952, 41.307285309000065 ], [ -70.244544982999969, 41.291564941000047 ], [ -70.289619444999971, 41.306953430000078 ] ] ] } },
{ "type": "Feature", "properties": { "PROVINCE": null }, "geometry": { "type": "Polygon", "coordinates": [ [ [ -72.011077880999949, 41.271991729000035 ], [ -71.989692687999934, 41.282718658000078 ], [ -71.923339842999951, 41.290752411000028 ], [ -71.990829466999969, 41.276332855000078 ], [ -72.011077880999949, 41.271991729000035 ] ] ] } },
{ "type": "Feature", "properties": { "PROVINCE": "COASTAL PLAIN" }, "geometry": { "type": "Polygon", "coordinates": [ [ [ -72.011077880999949, 41.271991729000035 ], [ -71.990829467999959, 41.276332855000078 ], [ -71.923339842999951, 41.290752411000028 ], [ -71.995391845999961, 41.25421142600004 ], [ -72.036193847999982, 41.259384155000077 ], [ -72.011077880999949, 41.271991729000035 ] ] ] } },
{ "type": "Feature", "properties": { "PROVINCE": "PACIFIC BORDER" }, "geometry": { "type": "Polygon", "coordinates": [ [ [ -122.421661376999964, 40.513118744000053 ], [ -122.395797730999959, 40.316776276000041 ], [ -122.215675353999984, 39.888614654000037 ], [ -122.199363707999964, 39.668510438000055 ], [ -122.136871336999945, 39.343429565000065 ], [ -122.085144041999968, 39.230064392000031 ], [ -121.910110472999975, 38.986755371000072 ], [ -121.814903258999948, 38.781810761000031 ], [ -121.857368469, 38.735374451000041 ], [ -121.917396544999974, 38.748100280000074 ], [ -121.985702514999957, 38.734771729000045 ], [ -121.986167906999981, 38.669506074000026 ], [ -121.923583983999947, 38.56318664500003 ], [ -121.89332580599995, 38.451755524000077 ], [ -122.022071838999977, 38.288776398000039 ], [ -122.01441955599995, 38.204151154000044 ], [ -121.920799254999963, 38.081577302000028 ], [ -121.963417051999954, 38.078182220000031 ], [ -122.00200653099995, 38.094768524000074 ], [ -121.972343444999979, 38.115036011000029 ], [ -121.984550475999981, 38.139503479000041 ], [ -122.050727844, 38.139064788000042 ], [ -122.064346312999987, 38.098560332000034 ], [ -122.123115538999969, 38.042560577000074 ], [ -122.232238769, 38.071083068000064 ], [ -122.27319336, 38.17690658600003 ], [ -122.315750122999987, 38.205936431000055 ], [ -122.338905335999982, 38.193584443000077 ], [ -122.289367675, 38.173484803000065 ], [ -122.246604919, 38.067287445000034 ], [ -122.272773742999959, 38.097484589000032 ], [ -122.398857116999977, 38.161518097000055 ], [ -122.403213501999971, 38.134929656000054 ], [ -122.429199217999951, 38.113807678000057 ], [ -122.488929747999975, 38.113414765000073 ], [ -122.529258727999945, 38.151100159000066 ], [ -122.474548339999956, 38.085460664000038 ], [ -122.489189148999969, 38.022605896000073 ], [ -122.506446836999942, 38.018653870000037 ], [ -122.454299926999965, 38.001918793000073 ], [ -122.441787719999979, 37.982955932000039 ], [ -122.485389708999946, 37.963760375000049 ], [ -122.469451903999982, 37.938140869000051 ], [ -122.490020751999964, 37.931770326000048 ], [ -122.428184508999948, 37.877784728000051 ], [ -122.450157164999951, 37.866817474000072 ], [ -122.474563598999964, 37.888881684000069 ], [ -122.494667052999944, 37.88434600800008 ], [ -122.458251951999955, 37.834224702000029 ], [ -122.489341735999972, 37.819896698000036 ], [ -122.522354125, 37.82498550400004 ], [ -122.654396056999985, 37.902938843000072 ], [ -122.67052459699994, 37.93034362800006 ], [ -122.669059752999942, 37.903621674000078 ], [ -122.707450865999988, 37.901378631000057 ], [ -122.822196960999975, 38.00767135600006 ], [ -122.905982970999958, 38.023635864000028 ], [ -122.919647216999977, 38.055221558000028 ], [ -122.906188965999945, 38.069946289000029 ], [ -122.921539306999989, 38.06420898500005 ], [ -122.922561644999973, 38.076873780000028 ], [ -122.947532653999986, 38.052509309000072 ], [ -122.921180725999989, 38.030624389000025 ], [ -122.938499450999984, 38.034782409000059 ], [ -122.968299866, 38.012443543000074 ], [ -122.956596373999957, 37.990760803000057 ], [ -123.01072692799994, 37.99446868900003 ], [ -122.939270019999981, 38.153266906000056 ], [ -122.97659301799996, 38.237281799000073 ], [ -122.87220001299994, 38.121078492000038 ], [ -122.808746338, 38.074607849000074 ], [ -122.918601990999946, 38.216930389000026 ], [ -122.957809448999967, 38.230018616000052 ], [ -122.994651794, 38.297229767000033 ], [ -123.038970946999939, 38.303256988000044 ], [ -123.045082091999973, 38.327480316000049 ], [ -123.048797606999983, 38.294147491000047 ], [ -123.074691772999984, 38.37279510500008 ], [ -123.121536254999967, 38.433601379000038 ], [ -123.109436034999987, 38.443740845000036 ], [ -123.329254150999986, 38.561630249000075 ], [ -123.43950653099995, 38.70174026400008 ], [ -123.721900939999955, 38.924774170000035 ], [ -123.72909545899995, 38.951194762000057 ], [ -123.697616577999952, 38.976524353000059 ], [ -123.683448792999968, 39.04180526600004 ], [ -123.710540771999945, 39.135761261000027 ], [ -123.760307311999952, 39.197586060000049 ], [ -123.813713073999963, 39.34781646700003 ], [ -123.79302215599995, 39.483001708000074 ], [ -123.75465393099995, 39.551883697000051 ], [ -123.77616119299995, 39.596164703000056 ], [ -123.78352356, 39.68711090100004 ], [ -123.817054748999965, 39.718463898000039 ], [ -123.83811187799995, 39.826396942000031 ], [ -123.889366149999944, 39.85995102000004 ], [ -123.914207458999954, 39.90586090100004 ], [ -124.030120848999957, 40.021251679000045 ], [ -124.060104368999987, 40.020027160000041 ], [ -124.068588256999988, 40.075469970000029 ], [ -124.094558716999984, 40.100379944000053 ], [ -124.345306395999955, 40.252433777000078 ], [ -124.336105344999964, 40.327556611000034 ], [ -124.392639159999987, 40.43523788400006 ], [ -124.354461668999988, 40.546638489000031 ], [ -124.310180662999983, 40.629261017000033 ], [ -124.278915404999964, 40.632427216000053 ], [ -124.301124572, 40.641609191000043 ], [ -124.247825622999983, 40.726551056000062 ], [ -124.218498230999955, 40.749149322000051 ], [ -124.249931335999975, 40.705505371000072 ], [ -124.211410522, 40.685417176000044 ], [ -124.197906494999984, 40.702106475000051 ], [ -124.207206726999971, 40.739784241000052 ], [ -124.169281005999949, 40.797885895000036 ], [ -124.079460144999985, 40.831130981000058 ], [ -124.081672668999943, 40.853298187000064 ], [ -124.137016295999956, 40.858386993000067 ], [ -124.184158325999988, 40.78248977700008 ], [ -124.215270994999969, 40.765258789000029 ], [ -124.109451293999939, 40.978214263000041 ], [ -124.107574463999981, 41.032459259000063 ], [ -124.146957397, 41.053459168000074 ], [ -124.149696349999942, 41.128833771000075 ], [ -124.105278014999953, 41.234184265000067 ], [ -123.866546630999949, 41.05941772400007 ], [ -123.793144225999981, 40.982917785000041 ], [ -123.293869018999942, 40.280986785000039 ], [ -123.124336242999959, 40.08205795300006 ], [ -122.938667297, 39.952548981000064 ], [ -122.857109069999979, 39.96079635600006 ], [ -122.766372679999961, 40.216640472000051 ], [ -122.751274107999961, 40.303417206000063 ], [ -122.700447082999972, 40.388484955000081 ], [ -122.621887207999976, 40.44328308200005 ], [ -122.421661376999964, 40.513118744000053 ] ] ] } },
{ "type": "Feature", "properties": { "PROVINCE": "PIEDMONT" }, "geometry": { "type": "Polygon", "coordinates": [ [ [ -74.17976379299995, 40.608791352000026 ], [ -74.157569884999987, 40.646919250000053 ], [ -74.188491821999946, 40.604530335000049 ], [ -74.319137573999967, 40.564338685000052 ], [ -74.627410887999986, 40.398372650000056 ], [ -74.872756957999968, 40.221664429000043 ], [ -75.035972594999976, 40.198024750000059 ], [ -75.52327728299997, 40.192424775000063 ], [ -75.780166625999982, 40.388843536000024 ], [ -75.675422668999943, 40.417797089000032 ], [ -75.529380797999977, 40.369213104000039 ], [ -75.440490723999972, 40.395786285000042 ], [ -75.370628355999941, 40.468509674000074 ], [ -75.263267516999974, 40.523227692000034 ], [ -75.021423339999956, 40.614643097000055 ], [ -74.588462829999969, 40.72012329100005 ], [ -74.427757263, 40.72435760500008 ], [ -74.336242675999983, 40.760654450000061 ], [ -74.215339660999973, 40.938423157000045 ], [ -74.141838072999974, 41.122150421000072 ], [ -74.091567992999956, 41.193176269000048 ], [ -73.989234923999959, 41.231857300000058 ], [ -73.907920836999949, 41.201702118000071 ], [ -73.877326965999941, 41.118106842000032 ], [ -73.870773315999941, 41.040824890000067 ], [ -73.896377563999977, 40.947692871000072 ], [ -73.946517943999936, 40.876770020000038 ], [ -74.033355712999935, 40.689601899000024 ], [ -74.17976379299995, 40.608791352000026 ] ], [ [ -74.157569884999987, 40.646919250000053 ], [ -74.118499754999959, 40.646755219000056 ], [ -74.08811187699996, 40.707405090000066 ], [ -74.114318847999982, 40.700279236000029 ], [ -74.157569884999987, 40.646919250000053 ] ] ] } },
{ "type": "Feature", "properties": { "PROVINCE": "COASTAL PLAIN" }, "geometry": { "type": "Polygon", "coordinates": [ [ [ -71.604774474999942, 41.184860230000027 ], [ -71.576660155999946, 41.185691834000068 ], [ -71.57939147899998, 41.230678558000079 ], [ -71.560760497999979, 41.221706390000065 ], [ -71.546417236999957, 41.159698486000025 ], [ -71.611038207999968, 41.144130707000045 ], [ -71.604774474999942, 41.184860230000027 ] ] ] } },
{ "type": "Feature", "properties": { "PROVINCE": "COASTAL PLAIN" }, "geometry": { "type": "Polygon", "coordinates": [ [ [ -72.202842711999949, 41.171062469000049 ], [ -72.190216064999959, 41.187221527000077 ], [ -72.163940428999979, 41.188209533000077 ], [ -72.195190429999968, 41.160060883000028 ], [ -72.202842711999949, 41.171062469000049 ] ] ] } },
{ "type": "Feature", "properties": { "PROVINCE": "COASTAL PLAIN" }, "geometry": { "type": "Polygon", "coordinates": [ [ [ -73.725845336999953, 40.853595734000066 ], [ -73.676345824999942, 40.859798431000058 ], [ -73.645576475999974, 40.816165925000064 ], [ -73.651313780999942, 40.884231567000029 ], [ -73.612899779999964, 40.906799316000047 ], [ -73.519203184999981, 40.916007996000076 ], [ -73.523025512999936, 40.890163423000047 ], [ -73.527786254999967, 40.905601501000035 ], [ -73.551483152999936, 40.907505035000042 ], [ -73.566818237999939, 40.886238099000025 ], [ -73.547309874999939, 40.895240783000077 ], [ -73.509147643999938, 40.875591278000059 ], [ -73.495033263999971, 40.894592285000044 ], [ -73.478080749999947, 40.879737854000041 ], [ -73.466453551999962, 40.895835876000035 ], [ -73.486106871999937, 40.95171737700008 ], [ -73.429656981999983, 40.935142516000042 ], [ -73.441444396999941, 40.906162262000066 ], [ -73.420936583999946, 40.886112213000047 ], [ -73.422599791999971, 40.905624390000071 ], [ -73.39334869399994, 40.913200379000045 ], [ -73.349693297999977, 40.899375915000064 ], [ -73.364608763999968, 40.931659698000033 ], [ -73.401779173999955, 40.923675537000065 ], [ -73.392944335999971, 40.960380554000039 ], [ -73.344001769999977, 40.923847198000033 ], [ -73.297714233999955, 40.930404663000047 ], [ -73.196098326999959, 40.880809783000075 ], [ -73.221908568999936, 40.910907745000031 ], [ -73.160247802999947, 40.931385040000066 ], [ -73.180557250999982, 40.910648346000073 ], [ -73.166061400999979, 40.90283966100003 ], [ -73.144966124999939, 40.937183380000079 ], [ -73.161048887999982, 40.966323853000063 ], [ -73.109214781999981, 40.974594116000048 ], [ -73.123397827999952, 40.960174560000041 ], [ -73.107566833999954, 40.960971832000041 ], [ -73.109535216999973, 40.949192047000054 ], [ -73.069313048999959, 40.954799652000077 ], [ -73.091072081999982, 40.965847015000065 ], [ -73.027313231999983, 40.955848694000053 ], [ -73.027717589999952, 40.970821380000075 ], [ -72.792335509999987, 40.962913514000036 ], [ -72.624610901999972, 40.982086182000046 ], [ -72.455589294999982, 41.084518432000039 ], [ -72.272651672999984, 41.16158676200007 ], [ -72.238555908999956, 41.15839767500006 ], [ -72.293334960999971, 41.113761901000032 ], [ -72.264083862999939, 41.137870788000043 ], [ -72.328308104999962, 41.131015777000073 ], [ -72.419540405999953, 41.06093216000005 ], [ -72.390083311999945, 41.043323518000079 ], [ -72.449623107999969, 41.023185729000033 ], [ -72.436904906999985, 40.992176056000062 ], [ -72.466247557999964, 41.014766694000059 ], [ -72.472831725999981, 40.991703034000068 ], [ -72.529739379999967, 40.977851867000027 ], [ -72.572502135999969, 40.940223693000064 ], [ -72.611663818999943, 40.928405762000068 ], [ -72.616889953999987, 40.909862518000068 ], [ -72.445228576999966, 40.918319702000076 ], [ -72.444549560999974, 40.94916534500004 ], [ -72.407173155999942, 40.960498811000036 ], [ -72.371276854999962, 41.013134002000072 ], [ -72.360656738999978, 40.998477936000029 ], [ -72.328277586999945, 41.00304794300007 ], [ -72.333099364999953, 41.031246185000043 ], [ -72.316520690999937, 41.03647232000003 ], [ -72.301124572999981, 41.018115998000042 ], [ -72.312454223999964, 41.002838135000047 ], [ -72.248710631999984, 41.019676209000068 ], [ -72.248085021999941, 41.045078277000073 ], [ -72.203262328999983, 41.034469605000027 ], [ -72.184638976999963, 41.00063324000007 ], [ -72.184890747999987, 41.038299560000041 ], [ -72.161979674999941, 41.052494049000074 ], [ -72.145072936999952, 41.023204804000045 ], [ -72.096984862999989, 40.999351502000025 ], [ -72.067947387999936, 41.014801025000054 ], [ -72.054817198999956, 41.005069733000028 ], [ -71.998161314999948, 41.048667908000027 ], [ -71.962089538999976, 41.053089142000033 ], [ -71.954162597999982, 41.074287415000072 ], [ -71.930900572999974, 41.056671143000074 ], [ -71.91373443599997, 41.06002426200007 ], [ -71.92350006099997, 41.080600738000044 ], [ -71.86085510199996, 41.075485229000037 ], [ -71.882438659999934, 41.046802521000075 ], [ -72.286315917999957, 40.900402069000052 ], [ -72.461990355999944, 40.846382141000049 ], [ -72.43183898999996, 40.864849091000053 ], [ -72.439414978999935, 40.878318787000069 ], [ -72.492263793999939, 40.879863739000029 ], [ -72.486526488999971, 40.83533477800006 ], [ -72.74224090599995, 40.768253326000035 ], [ -72.633003234999933, 40.799793244000057 ], [ -72.652076720999958, 40.818592071000069 ], [ -72.692474364999953, 40.801322936000076 ], [ -72.718322752999939, 40.815650940000069 ], [ -72.743698120999966, 40.788681031000067 ], [ -72.82127380299994, 40.796230317000038 ], [ -72.799858092999955, 40.770172119000051 ], [ -72.839599609999937, 40.75239563000008 ], [ -72.869995116999974, 40.748588562000066 ], [ -72.882408142999964, 40.769107819000055 ], [ -72.930114745999958, 40.744571686000029 ], [ -73.00767516999997, 40.750640869000051 ], [ -73.089950560999966, 40.721771240000066 ], [ -73.146736144999977, 40.740314483000077 ], [ -73.131790160999969, 40.722522735000041 ], [ -73.141700743999934, 40.705348968000067 ], [ -73.223350524999944, 40.723567962000061 ], [ -73.263687132999962, 40.693416595000031 ], [ -73.560417174999941, 40.643989563000048 ], [ -73.642364501999964, 40.610233307000044 ], [ -73.65256500199996, 40.628860474000078 ], [ -73.700447082999972, 40.61899948100006 ], [ -73.680526732999965, 40.605346679000036 ], [ -73.724739074999945, 40.600009919000058 ], [ -73.711456297999973, 40.593139649000079 ], [ -73.927589416999979, 40.557651519000046 ], [ -73.761344909999934, 40.618236541000044 ], [ -73.764900206999982, 40.636940003000063 ], [ -73.845703124999943, 40.652370454000049 ], [ -73.915397643999938, 40.631118775000061 ], [ -73.882705688999977, 40.622474670000031 ], [ -73.89422607399996, 40.613410950000059 ], [ -73.879737853999984, 40.590267181000058 ], [ -73.909980773999962, 40.607532501000037 ], [ -73.933616638, 40.581237793000071 ], [ -74.003822326999966, 40.581256867000036 ], [ -73.988082885999972, 40.594409943000073 ], [ -74.023803710999971, 40.608467102000077 ], [ -74.026840209999989, 40.63930511500007 ], [ -74.009887694999975, 40.684211730000072 ], [ -73.816947936999952, 40.804492949000064 ], [ -73.753845214999956, 40.788772583000025 ], [ -73.746414183999946, 40.842521667000028 ], [ -73.705123900999979, 40.807247162000067 ], [ -73.695274352999945, 40.837619782000047 ], [ -73.725845336999953, 40.853595734000066 ] ] ] } },
{ "type": "Feature", "properties": { "PROVINCE": "COASTAL PLAIN" }, "geometry": { "type": "Polygon", "coordinates": [ [ [ -72.129844664999951, 41.092414856000062 ], [ -72.125465392999956, 41.119575501000043 ], [ -72.080932616999974, 41.097583771000075 ], [ -72.088058471999943, 41.059574128000065 ], [ -72.101654052999947, 41.05251312300004 ], [ -72.109756468999933, 41.091209412000069 ], [ -72.129844664999951, 41.092414856000062 ] ] ] } },
{ "type": "Feature", "properties": { "PROVINCE": "COASTAL PLAIN" }, "geometry": { "type": "Polygon", "coordinates": [ [ [ -72.371940612999936, 41.063964844000054 ], [ -72.320983886999954, 41.105506897000055 ], [ -72.272277831999986, 41.077175141000055 ], [ -72.307571410999969, 41.07991409300007 ], [ -72.311569213999974, 41.065448761000027 ], [ -72.275054931999989, 41.063144684000065 ], [ -72.26427459699994, 41.030780793000076 ], [ -72.305152892999956, 41.053565979000041 ], [ -72.352890014999957, 41.044658661000028 ], [ -72.371940612999936, 41.063964844000054 ] ] ] } },
{ "type": "Feature", "properties": { "PROVINCE": "GREAT PLAINS" }, "geometry": { "type": "Polygon", "coordinates": [ [ [ -105.118537902999947, 40.948757171000068 ], [ -104.598617553999986, 40.965507507000041 ], [ -104.425849914999958, 40.997570038000049 ], [ -104.107467651999968, 40.942546844000049 ], [ -103.507751463999966, 40.888504029000046 ], [ -103.353965759999937, 40.921092987000065 ], [ -102.749160765999989, 40.965751647000047 ], [ -102.642570494999973, 40.959842682000044 ], [ -102.574394226999971, 40.931186675000049 ], [ -102.585388183999953, 40.860282899000026 ], [ -102.646118163999972, 40.777336122000065 ], [ -103.003013610999972, 40.463401794000049 ], [ -103.18788909899996, 40.274497985000039 ], [ -103.24898529099994, 40.162467956000057 ], [ -103.328773498999965, 39.937454225000067 ], [ -103.32088470399998, 39.738002777000077 ], [ -103.38479614299996, 39.640151978000063 ], [ -103.479438780999942, 39.583736420000037 ], [ -103.620063782999978, 39.422298432000048 ], [ -103.630104064999955, 39.287425995000035 ], [ -103.107971191, 38.973873138000044 ], [ -102.978363035999962, 38.927837371000066 ], [ -102.876945495999962, 38.92181396400008 ], [ -102.76000976499995, 38.87648391700003 ], [ -102.637290954999969, 38.717823030000034 ], [ -102.469627380999952, 38.604206085000044 ], [ -102.342422484999986, 38.491737366000052 ], [ -102.143707273999951, 38.257526398000039 ], [ -102.090980529999968, 38.144657134000056 ], [ -102.106315613, 38.043201447000058 ], [ -102.086380003999977, 37.901687623000043 ], [ -102.186592101999963, 37.738925934000065 ], [ -102.328010559999939, 37.649406433000024 ], [ -102.461143493999941, 37.588909150000063 ], [ -102.584007263, 37.555938721000075 ], [ -102.731224058999942, 37.552051544000051 ], [ -103.154609679999965, 37.711360932000048 ], [ -103.286773680999943, 37.74113845800008 ], [ -103.716796875999989, 37.789291382000044 ], [ -104.058326721999947, 37.796459198000036 ], [ -104.196304320999957, 37.824123382000039 ], [ -104.571243286999959, 38.047386170000038 ], [ -104.827384948999963, 38.080123901000036 ], [ -105.017356871999937, 38.139198303000057 ], [ -105.05028533899997, 38.128147125000055 ], [ -105.329841613999974, 38.390579225000067 ], [ -105.371353149999948, 38.448310852000077 ], [ -105.371330259999979, 38.501029969000058 ], [ -105.324317931999985, 38.537925721000079 ], [ -105.237281798999959, 38.566444397000055 ], [ -104.940361023999969, 38.591770171000064 ], [ -104.844436643999984, 38.615821840000081 ], [ -104.793106078999983, 38.710323335000055 ], [ -104.784584044999974, 38.801979064000079 ], [ -104.804199218999941, 38.886955261000026 ], [ -104.877288818999943, 39.00668335000006 ], [ -104.98211669899996, 39.330291748000036 ], [ -105.202331542999957, 39.771942138000043 ], [ -105.25662994399994, 39.945442200000059 ], [ -105.270942688, 40.064674378000063 ], [ -105.241989135999972, 40.205345154000042 ], [ -105.244590758999948, 40.347370148000039 ], [ -105.211311339999952, 40.643779755000025 ], [ -105.118537902999947, 40.948757171000068 ] ] ] } },
{ "type": "Feature", "properties": { "PROVINCE": "NEW ENGLAND" }, "geometry": { "type": "Polygon", "coordinates": [ [ [ -73.725845336999953, 40.853595734000066 ], [ -73.718223571999943, 40.871238708000078 ], [ -73.701515197999981, 40.866676330000075 ], [ -73.725845336999953, 40.853595734000066 ] ] ] } },
{ "type": "Feature", "properties": { "PROVINCE": "COASTAL PLAIN" }, "geometry": { "type": "Polygon", "coordinates": [ [ [ -73.746414183999946, 40.842521667000028 ], [ -73.725845336999953, 40.853595734000066 ], [ -73.695274352999945, 40.837619782000047 ], [ -73.705123900999979, 40.807247162000067 ], [ -73.746414183999946, 40.842521667000028 ] ] ] } },
{ "type": "Feature", "properties": { "PROVINCE": "NEW ENGLAND" }, "geometry": { "type": "Polygon", "coordinates": [ [ [ -73.749649047999981, 40.840785980000078 ], [ -73.749305724999942, 40.844993591000048 ], [ -73.746414183999946, 40.842521667000028 ], [ -73.749649047999981, 40.840785980000078 ] ] ] } },
{ "type": "Feature", "properties": { "PROVINCE": "COASTAL PLAIN" }, "geometry": { "type": "Polygon", "coordinates": [ [ [ -73.786888122999983, 40.820713043000069 ], [ -73.749649047999981, 40.840785980000078 ], [ -73.753845214999956, 40.788772583000025 ], [ -73.816947936999952, 40.804492950000053 ], [ -73.786888122999983, 40.820713043000069 ] ] ] } },
{ "type": "Feature", "properties": { "PROVINCE": "NEW ENGLAND" }, "geometry": { "type": "Polygon", "coordinates": [ [ [ -73.816947936999952, 40.804492950000053 ], [ -73.842338561999952, 40.805221558000028 ], [ -73.859077452999941, 40.781730652000078 ], [ -73.915214538999976, 40.792137146000073 ], [ -73.961387633999948, 40.723438263000048 ], [ -74.037101744999973, 40.679683685000043 ], [ -73.973739623999961, 40.72279357900004 ], [ -73.919776915999989, 40.802547455000081 ], [ -73.866592406999985, 40.821128845000032 ], [ -73.792442320999953, 40.817718505000073 ], [ -73.816947936999952, 40.804492950000053 ] ] ] } },
{ "type": "Feature", "properties": { "PROVINCE": "COASTAL PLAIN" }, "geometry": { "type": "Polygon", "coordinates": [ [ [ -73.792442320999953, 40.817718506000062 ], [ -73.786888122999983, 40.820713043000069 ], [ -73.785232543999939, 40.817386627000076 ], [ -73.792442320999953, 40.817718506000062 ] ] ] } },
{ "type": "Feature", "properties": { "PROVINCE": "NEW ENGLAND" }, "geometry": { "type": "Polygon", "coordinates": [ [ [ -73.85106658899997, 40.78606033300008 ], [ -73.842338561999952, 40.805221558000028 ], [ -73.816947936999952, 40.804492950000053 ], [ -73.85106658899997, 40.78606033300008 ] ] ] } },
{ "type": "Feature", "properties": { "PROVINCE": "NEW ENGLAND" }, "geometry": { "type": "Polygon", "coordinates": [ [ [ -73.961387633999948, 40.723438263000048 ], [ -73.915214538999976, 40.792137146000073 ], [ -73.864830016999974, 40.792095184000061 ], [ -73.859077452999941, 40.781730652000078 ], [ -73.961387633999948, 40.723438263000048 ] ] ] } },
{ "type": "Feature", "properties": { "PROVINCE": "COASTAL PLAIN" }, "geometry": { "type": "Polygon", "coordinates": [ [ [ -73.859077452999941, 40.781730652000078 ], [ -73.85106658899997, 40.78606033300008 ], [ -73.855758666999975, 40.775756836000028 ], [ -73.859077452999941, 40.781730652000078 ] ] ] } },
{ "type": "Feature", "properties": { "PROVINCE": "COASTAL PLAIN" }, "geometry": { "type": "Polygon", "coordinates": [ [ [ -72.978675841999973, 40.700061798000036 ], [ -72.753143310999974, 40.769268036000028 ], [ -73.032424926999965, 40.670997620000037 ], [ -73.293441771999937, 40.626911164000035 ], [ -72.978675841999973, 40.700061798000036 ] ] ] } },
{ "type": "Feature", "properties": { "PROVINCE": "PIEDMONT" }, "geometry": { "type": "Polygon", "coordinates": [ [ [ -74.157569884999987, 40.646919251000043 ], [ -74.114318847999982, 40.700279236000029 ], [ -74.08811187699996, 40.707405090000066 ], [ -74.118499755999949, 40.646755219000056 ], [ -74.157569884999987, 40.646919251000043 ] ] ] } },
{ "type": "Feature", "properties": { "PROVINCE": "PIEDMONT" }, "geometry": { "type": "Polygon", "coordinates": [ [ [ -74.033355712999935, 40.689601898000035 ], [ -74.065025329999969, 40.664710998000032 ], [ -74.073654174999945, 40.670711517000029 ], [ -74.033355712999935, 40.689601898000035 ] ] ] } },
{ "type": "Feature", "properties": { "PROVINCE": "PACIFIC BORDER" }, "geometry": { "type": "Polygon", "coordinates": [ [ [ -121.563140869999984, 38.099189760000058 ], [ -121.659576416, 38.096469880000029 ], [ -121.692733763999968, 38.047100068000077 ], [ -121.760643005999952, 38.038581848000035 ], [ -121.777282715999945, 38.060623168000063 ], [ -121.702163695999957, 38.084857939000074 ], [ -121.664100645999952, 38.170806884000058 ], [ -121.73299407899998, 38.090934753000056 ], [ -121.782363889999942, 38.066780091000055 ], [ -121.873199463, 38.077266695000048 ], [ -121.864364622999972, 38.067630769000061 ], [ -121.89282226499995, 38.054042816000049 ], [ -121.905761717999951, 38.082775115000061 ], [ -121.961029052999947, 38.121124268000074 ], [ -122.014419553999971, 38.204151154000044 ], [ -122.022071839999967, 38.288776398000039 ], [ -121.89332580599995, 38.451755525000067 ], [ -121.923583985, 38.563186647000066 ], [ -121.98616790799997, 38.669506074000026 ], [ -121.985702515999947, 38.734771729000045 ], [ -121.917396543999985, 38.748100282000053 ], [ -121.857368467999947, 38.735374451000041 ], [ -121.81490326, 38.781810760000042 ], [ -121.910110472999975, 38.986755372000061 ], [ -122.085144043999946, 39.230064393000077 ], [ -122.136871338, 39.343429567000044 ], [ -122.199363708999954, 39.668510436000076 ], [ -122.215675353999984, 39.888614655000026 ], [ -122.39579772999997, 40.316776277000031 ], [ -122.419265745999951, 40.41898345900006 ], [ -122.421783447999985, 40.517818451000039 ], [ -122.358978270999955, 40.606990814000028 ], [ -122.290946958999939, 40.656242370000029 ], [ -122.187713622999979, 40.678218842000035 ], [ -122.096481321999988, 40.653366088000041 ], [ -121.991333008999959, 40.421463012000061 ], [ -121.996643064999944, 40.357238770000038 ], [ -122.036491394999985, 40.303104401000041 ], [ -121.948921203999987, 40.168544771000029 ], [ -121.823783873999957, 39.912559509000062 ], [ -121.764625551, 39.842937468000059 ], [ -121.684638977999953, 39.809093475000054 ], [ -121.60883331399998, 39.745990753000058 ], [ -121.553527832999976, 39.656570434000059 ], [ -121.284866331999979, 39.402835846000073 ], [ -121.230224607999958, 39.259647369000049 ], [ -121.151199339999948, 38.828849793000074 ], [ -121.114181516999963, 38.707382203000066 ], [ -121.026573179999957, 38.537899017000029 ], [ -120.911201476999963, 38.122665405000077 ], [ -120.861793516999967, 37.997440338000047 ], [ -120.734825133999948, 37.914100647000055 ], [ -120.4397583, 37.783168794000062 ], [ -120.304458618999945, 37.702510834000066 ], [ -120.203376770999967, 37.591606141000057 ], [ -120.130142210999963, 37.462772370000039 ], [ -119.877479554999979, 37.179489136000029 ], [ -119.455024717999947, 36.876728056000047 ], [ -119.320434569999975, 36.752349852000066 ], [ -118.99850463699994, 36.374534606000054 ], [ -118.935447693999947, 36.257221221000066 ], [ -118.905746459999989, 36.141799927000079 ], [ -118.927444457999968, 36.014133452000067 ], [ -119.011779784999987, 35.84405517600004 ], [ -119.018798827999944, 35.742588042000079 ], [ -118.978729248999969, 35.65262603900004 ], [ -118.920043945999964, 35.581604004000042 ], [ -118.72228241, 35.473861695000039 ], [ -118.695480345999954, 35.414352418000078 ], [ -118.742965696999988, 35.254241944000057 ], [ -118.65739441, 35.054744721000077 ], [ -118.704475402999947, 35.015296937000073 ], [ -118.806991576999962, 34.974014282000041 ], [ -118.894599913999969, 34.963325501000043 ], [ -118.950454709999974, 35.036499022000044 ], [ -119.09289550799997, 35.094284058000028 ], [ -119.307823182, 35.10303878700006 ], [ -119.493370055999947, 35.17606353900004 ], [ -119.593025207999972, 35.242446899000072 ], [ -119.717140198999971, 35.41833114700006 ], [ -119.959465027999954, 35.702007293000065 ], [ -120.142288205999989, 36.107246399000076 ], [ -120.190757751999968, 36.243591308000077 ], [ -120.194671632, 36.34764861900004 ], [ -120.386924743999941, 36.477157592000026 ], [ -120.541778564999959, 36.685436249000077 ], [ -120.633323667999946, 36.75861358800006 ], [ -120.683441161999951, 36.824066161000076 ], [ -120.791854859999944, 36.884464262000051 ], [ -120.961975098999972, 37.111118318000024 ], [ -121.0697937, 37.191699980000067 ], [ -121.294509886999947, 37.588733674000025 ], [ -121.875816344999976, 38.036792755000079 ], [ -121.699584960999971, 38.007816314000024 ], [ -121.673042297999984, 38.013366699000073 ], [ -121.709869385, 38.022392274000026 ], [ -121.664413450999973, 38.052719116000048 ], [ -121.657745361999957, 38.086101531000054 ], [ -121.576873779999971, 38.094139100000064 ], [ -121.569709779, 38.063552856000058 ], [ -121.513465882999981, 38.033874511000079 ], [ -121.505989076, 38.045494080000026 ], [ -121.433753966999973, 37.992321014000026 ], [ -121.457244872, 38.032756805000076 ], [ -121.547462462999988, 38.063472747000048 ], [ -121.556060791999982, 38.079486849000034 ], [ -121.516578673999959, 38.084579468000072 ], [ -121.563140869999984, 38.099189760000058 ] ], [ [ -121.581710815999941, 38.115283968000028 ], [ -121.563140869999984, 38.099189760000058 ], [ -121.572830198999952, 38.113803862000054 ], [ -121.554367064999951, 38.137176512000053 ], [ -121.581710815999941, 38.115283968000028 ] ] ] } },
{ "type": "Feature", "properties": { "PROVINCE": "COASTAL PLAIN" }, "geometry": { "type": "Polygon", "coordinates": [ [ [ -74.072708129999967, 40.660972595000032 ], [ -74.065025329999969, 40.664710998000032 ], [ -74.055969238999978, 40.658428192000031 ], [ -74.072708129999967, 40.660972595000032 ] ] ] } },
{ "type": "Feature", "properties": { "PROVINCE": "PIEDMONT" }, "geometry": { "type": "Polygon", "coordinates": [ [ [ -74.082229613999971, 40.656337738000047 ], [ -74.084884642999953, 40.662830353000061 ], [ -74.072708129999967, 40.660972595000032 ], [ -74.082229613999971, 40.656337738000047 ] ] ] } },
{ "type": "Feature", "properties": { "PROVINCE": "COASTAL PLAIN" }, "geometry": { "type": "Polygon", "coordinates": [ [ [ -73.418304443999943, 40.622787475000052 ], [ -73.262825011999951, 40.659843445000035 ], [ -73.234390258999952, 40.655593872000054 ], [ -73.415290832999972, 40.610843658000078 ], [ -73.554656981999983, 40.596347809000065 ], [ -73.418304443999943, 40.622787475000052 ] ] ] } },
{ "type": "Feature", "properties": { "PROVINCE": "COASTAL PLAIN" }, "geometry": { "type": "Polygon", "coordinates": [ [ [ -74.179763793999939, 40.608791351000036 ], [ -74.082229613999971, 40.656337738000047 ], [ -74.052253722999978, 40.600746155000024 ], [ -74.125999450999984, 40.541282654000042 ], [ -74.12965393099995, 40.555339814000035 ], [ -74.197296141999971, 40.513526916000046 ], [ -74.236587523999958, 40.508014679000041 ], [ -74.231277465999938, 40.549751282000045 ], [ -74.179763793999939, 40.608791351000036 ] ] ] } },
{ "type": "Feature", "properties": { "PROVINCE": "PIEDMONT" }, "geometry": { "type": "Polygon", "coordinates": [ [ [ -74.157569884999987, 40.646919251000043 ], [ -74.179763793999939, 40.608791351000036 ], [ -74.188491820999957, 40.604530335000049 ], [ -74.157569884999987, 40.646919251000043 ] ] ] } },
{ "type": "Feature", "properties": { "PROVINCE": "COASTAL PLAIN" }, "geometry": { "type": "Polygon", "coordinates": [ [ [ -73.831245422999984, 40.619693756000061 ], [ -73.828163146999941, 40.64010238700007 ], [ -73.808250426999962, 40.614219666000054 ], [ -73.830070494999973, 40.602458954000042 ], [ -73.831245422999984, 40.619693756000061 ] ] ] } },
{ "type": "Feature", "properties": { "PROVINCE": "COASTAL PLAIN" }, "geometry": { "type": "Polygon", "coordinates": [ [ [ -74.188491820999957, 40.604530335000049 ], [ -74.179763793999939, 40.608791351000036 ], [ -74.201110839999956, 40.572078705000081 ], [ -74.200767516999974, 40.587684632000048 ], [ -74.188491820999957, 40.604530335000049 ] ] ] } },
{ "type": "Feature", "properties": { "PROVINCE": "COASTAL PLAIN" }, "geometry": { "type": "Polygon", "coordinates": [ [ [ -76.301841735999972, 38.753814698000042 ], [ -76.27506256199996, 38.786518097000055 ], [ -76.300048827999944, 38.790966034000064 ], [ -76.296813965999945, 38.772350312000071 ], [ -76.319900511999947, 38.768039703000056 ], [ -76.320648192999954, 38.685100555000076 ], [ -76.334091185999966, 38.69247818000008 ], [ -76.341537474999939, 38.66898345900006 ], [ -76.335121154999968, 38.775890349000065 ], [ -76.304809569999975, 38.824550628000054 ], [ -76.249778746999937, 38.864803314000028 ], [ -76.261611937999987, 38.829566956000065 ], [ -76.216415404999964, 38.812789916000042 ], [ -76.201156615999935, 38.774101256000051 ], [ -76.160690307999971, 38.760074615000065 ], [ -76.104598998999961, 38.79208755500008 ], [ -76.11116790799997, 38.81890487700008 ], [ -76.157958984999937, 38.779987335000044 ], [ -76.168869017999953, 38.796875001000046 ], [ -76.17687988299997, 38.778377533000025 ], [ -76.191299437999987, 38.797115326000039 ], [ -76.17264556799995, 38.816410065000071 ], [ -76.198677061999945, 38.813964844000054 ], [ -76.177574156999981, 38.837764740000068 ], [ -76.195259093999937, 38.839763642000037 ], [ -76.192077636999954, 38.852874756000062 ], [ -76.154251098999964, 38.852924348000045 ], [ -76.141624449999938, 38.864570618000073 ], [ -76.155616759999987, 38.875148773000035 ], [ -76.123588561999952, 38.880691527000067 ], [ -76.110847472999978, 38.866950989000031 ], [ -76.114044188999969, 38.885570526000038 ], [ -76.075531004999959, 38.889667511000027 ], [ -76.102569579999965, 38.898132324000073 ], [ -76.095085143999938, 38.948814393000077 ], [ -76.115005493999945, 38.928188324000075 ], [ -76.114143370999955, 38.900650024000072 ], [ -76.154930113999967, 38.912311554000041 ], [ -76.145820617999959, 38.957088470000031 ], [ -76.163291930999947, 38.972236634000069 ], [ -76.172843933999957, 38.902984618000062 ], [ -76.204994201999966, 38.857543945000032 ], [ -76.181838988999971, 38.928920746000074 ], [ -76.204307555999947, 38.89606475800008 ], [ -76.204010009999934, 38.945922851000034 ], [ -76.223022460999971, 38.941589355000076 ], [ -76.23902130099998, 38.974384308000026 ], [ -76.201828002999946, 38.969017029000042 ], [ -76.143104552999944, 39.007369995000033 ], [ -76.147636412999987, 39.018753051000033 ], [ -76.159736632999966, 39.004833221000069 ], [ -76.150222777999943, 39.038726807000046 ], [ -76.169853209999985, 39.034404754000036 ], [ -76.179565428999979, 39.054454804000045 ], [ -76.164566038999965, 39.064266204000035 ], [ -76.134147643999938, 39.043083191000051 ], [ -76.154518125999971, 39.06279754500008 ], [ -76.136749266999971, 39.062149048000038 ], [ -76.151977538999972, 39.072288513000046 ], [ -76.141044616999977, 39.086219788000051 ], [ -76.076766967999959, 39.068729402000031 ], [ -76.092880249999951, 39.093391418000067 ], [ -76.134933471999943, 39.095672608000029 ], [ -76.112884521999945, 39.101776123000036 ], [ -76.110946655999953, 39.118705749000071 ], [ -76.127799987999936, 39.128231048000032 ], [ -76.166801451999959, 39.104179384000076 ], [ -76.119148253999981, 39.177547455000024 ], [ -76.150894164999954, 39.162483214000076 ], [ -76.157913207999968, 39.13581466800008 ], [ -76.174880980999944, 39.14868927100008 ], [ -76.16713714499997, 39.182605744000057 ], [ -76.192893980999941, 39.170181275000061 ], [ -76.173706053999979, 39.115585328000066 ], [ -76.190689086999953, 39.094913481000049 ], [ -76.222869872999979, 39.119274139000026 ], [ -76.200790405999953, 39.093662263000056 ], [ -76.204338073999963, 39.060607910000044 ], [ -76.21987914999994, 39.087059022000062 ], [ -76.218162535999966, 39.049873352000077 ], [ -76.190940856999987, 39.015136720000044 ], [ -76.240348815999937, 39.03468704200003 ], [ -76.227645873999961, 39.04951477000003 ], [ -76.241157531999988, 39.124900818000071 ], [ -76.257797239999945, 39.15770339900007 ], [ -76.269287108999947, 39.145126343000072 ], [ -76.275047300999972, 39.155155181000055 ], [ -76.208900450999977, 39.270984650000059 ], [ -76.187507629999971, 39.238124848000041 ], [ -76.175971985999979, 39.251602173000038 ], [ -76.197242737999943, 39.258171081000057 ], [ -76.198577880999949, 39.28311920200008 ], [ -76.175758361999954, 39.29602432300004 ], [ -76.168464660999973, 39.272373200000061 ], [ -76.154701233999958, 39.277214051000044 ], [ -76.180046081999933, 39.321907043000067 ], [ -76.14827728299997, 39.33516693200005 ], [ -76.145584106999934, 39.319725036000079 ], [ -76.127510070999961, 39.332221985000047 ], [ -76.080162047999977, 39.319904328000064 ], [ -76.130905150999979, 39.341327668000076 ], [ -76.112998962999939, 39.375583649000077 ], [ -76.025077818999989, 39.366867065000065 ], [ -76.032592774999955, 39.348823548000041 ], [ -76.004173279999975, 39.370700836000026 ], [ -75.973632812999938, 39.351291656000058 ], [ -75.982238768999935, 39.366355897000062 ], [ -75.961280822999981, 39.372444152000071 ], [ -75.947372435999966, 39.355045318000066 ], [ -75.928070067999954, 39.367042542000036 ], [ -75.914237976999971, 39.346466063000037 ], [ -75.919113158999949, 39.36828994800004 ], [ -75.850837707999972, 39.361061096000071 ], [ -75.856536864999953, 39.372016906000056 ], [ -75.83618163999995, 39.377185823000048 ], [ -75.93857574499998, 39.376697540000066 ], [ -75.920257567999954, 39.397773742000027 ], [ -75.987327575999984, 39.379566193000073 ], [ -76.039886474999946, 39.400135040000066 ], [ -75.992645262999986, 39.410003662000065 ], [ -75.998657225999978, 39.435916900000052 ], [ -75.970596312999987, 39.466857911000034 ], [ -75.948806762999936, 39.454799652000077 ], [ -75.958045959999936, 39.468517304000045 ], [ -75.94412994299995, 39.478317261000029 ], [ -75.831504822999989, 39.451023102000079 ], [ -75.870758055999943, 39.480556489000037 ], [ -75.928390502999946, 39.489456176000033 ], [ -75.862777709999989, 39.517177582000045 ], [ -75.878425597999978, 39.53732681300005 ], [ -75.851287842999966, 39.55012130700004 ], [ -75.846641539999951, 39.57091140700004 ], [ -75.830581663999965, 39.568431854000039 ], [ -75.841361998999957, 39.592605590000062 ], [ -75.902114867999956, 39.518592835000049 ], [ -75.942634582999972, 39.520008088000054 ], [ -75.934555053999986, 39.507667542000036 ], [ -76.004173279999975, 39.457290650000061 ], [ -75.955337523999958, 39.595424652000077 ], [ -75.847366331999979, 39.630619050000064 ], [ -75.644248962999939, 39.75714492700007 ], [ -75.432228087999988, 39.835845948000042 ], [ -75.223632812999938, 39.96407318100006 ], [ -74.627410888999975, 40.398372651000045 ], [ -74.319137572999978, 40.564338685000052 ], [ -74.188491821999946, 40.604530335000049 ], [ -74.201110838999966, 40.572078705000081 ], [ -74.238578795999956, 40.550659180000025 ], [ -74.263732908999941, 40.490489959000058 ], [ -74.303520202999948, 40.505126953000058 ], [ -74.351745605999952, 40.473667144000046 ], [ -74.286705016999974, 40.492443084000058 ], [ -74.224479675999987, 40.444076539000037 ], [ -74.189140319999979, 40.434524537000073 ], [ -74.176605223999957, 40.450531007000052 ], [ -74.148002623999957, 40.43978118800004 ], [ -74.132049560999974, 40.452976226000033 ], [ -73.987319944999967, 40.397712708000029 ], [ -73.981216429999961, 40.374847412000065 ], [ -74.006721496999944, 40.385540008000078 ], [ -74.06417083599996, 40.35535812300003 ], [ -73.982795713999963, 40.367183686000033 ], [ -74.002899169999978, 40.337341308000077 ], [ -74.020446776999961, 40.336463929000047 ], [ -74.015830992999952, 40.317741395000041 ], [ -73.978889464999952, 40.333499909000068 ], [ -73.967300414999954, 40.360523225000065 ], [ -73.998291015999939, 40.207469940000067 ], [ -74.012840270999959, 40.182453156000065 ], [ -74.059638976999963, 40.186004639000032 ], [ -74.013298033999945, 40.173389435000047 ], [ -74.026390075999984, 40.104766847000064 ], [ -74.070800780999946, 40.094642640000075 ], [ -74.091415404999964, 40.116069793000065 ], [ -74.083740234999937, 40.08818817000008 ], [ -74.034271239999953, 40.091373443000066 ], [ -74.049781799999948, 40.05685806300005 ], [ -74.12216949599997, 40.051563264000038 ], [ -74.063331604999973, 40.037723541000048 ], [ -74.077857970999958, 40.010444641000049 ], [ -74.129928589999963, 40.027271270000028 ], [ -74.124160766999978, 40.009422302000075 ], [ -74.096290587999988, 40.001865387000066 ], [ -74.134742736999954, 39.988838195000028 ], [ -74.106147766999982, 39.98398590000005 ], [ -74.111862182999971, 39.939228058000026 ], [ -74.181404112999985, 39.94063568200005 ], [ -74.100067137999986, 39.922122956000067 ], [ -74.134353636999947, 39.868614197000056 ], [ -74.152404784999987, 39.867286682000042 ], [ -74.12412261999998, 39.856548309000061 ], [ -74.165092468999944, 39.825897217000033 ], [ -74.151702881999938, 39.81737518400007 ], [ -74.184371947999978, 39.783782960000053 ], [ -74.186309814999959, 39.740753174000076 ], [ -74.161354064999955, 39.736915588000045 ], [ -74.159721374999947, 39.720092773000033 ], [ -74.174743651999961, 39.718681335000042 ], [ -74.153572081999982, 39.710407258000032 ], [ -74.22054290799997, 39.643260955000073 ], [ -74.248092651999968, 39.641712188000042 ], [ -74.257995605999952, 39.606601715000068 ], [ -74.292190551999965, 39.602951049000069 ], [ -74.332199096999943, 39.574954987000069 ], [ -74.294509886999947, 39.535442352000075 ], [ -74.303993224999942, 39.509384154000031 ], [ -74.327102660999969, 39.509399415000075 ], [ -74.335861205999947, 39.540916443000071 ], [ -74.395088194999971, 39.537864685000045 ], [ -74.411621093999941, 39.555961608000075 ], [ -74.413818359999937, 39.518371583000032 ], [ -74.380973815999937, 39.477642059000061 ], [ -74.409683227999949, 39.475635529000044 ], [ -74.394004821999943, 39.438056945000028 ], [ -74.407394408999949, 39.43158721900005 ], [ -74.441329954999958, 39.460540771000069 ], [ -74.480239868999945, 39.413867949000064 ], [ -74.477577209999936, 39.392036439000037 ], [ -74.43521881199996, 39.393722534000062 ], [ -74.447502136999958, 39.381076814000039 ], [ -74.423706055999958, 39.384368898000048 ], [ -74.406883240999946, 39.359916688000055 ], [ -74.532424925999976, 39.30355834900007 ], [ -74.487968444999979, 39.37142181300004 ], [ -74.519546508999952, 39.370822908000036 ], [ -74.56751251299994, 39.303932190000069 ], [ -74.654708862999939, 39.310035705000075 ], [ -74.659156799999948, 39.287464142000033 ], [ -74.622520447999989, 39.28163528400006 ], [ -74.647689818999936, 39.229198455000073 ], [ -74.712646483999947, 39.180290222000053 ], [ -74.724792480999952, 39.126602174000027 ], [ -74.746475218999933, 39.118015290000073 ], [ -74.73188018899998, 39.111797333000027 ], [ -74.789222716999973, 39.101268768000068 ], [ -74.767547607999973, 39.062705994000055 ], [ -74.791877746999944, 39.030139923000036 ], [ -74.871131897999987, 39.001461028000051 ], [ -74.872177122999972, 38.972465516000057 ], [ -74.889350891999982, 38.972373963000052 ], [ -74.876304626999968, 38.956684113000051 ], [ -74.968116759999987, 38.971740723000039 ], [ -74.890197752999939, 39.113861084000064 ], [ -74.893692015999989, 39.148849488000053 ], [ -74.916656493999938, 39.170639038000047 ], [ -75.028381346999936, 39.18469619800004 ], [ -75.040512083999943, 39.212142945000039 ], [ -75.118751525999983, 39.199153901000045 ], [ -75.140876769999977, 39.176452637000068 ], [ -75.173461914999962, 39.19701385500008 ], [ -75.175643921999949, 39.240131378000058 ], [ -75.243064880999952, 39.269481658000075 ], [ -75.255905151999968, 39.296463014000039 ], [ -75.294860839999956, 39.286277771000073 ], [ -75.33363342399997, 39.341815948000033 ], [ -75.365341186999956, 39.336017609000066 ], [ -75.487350463999974, 39.441417695000041 ], [ -75.537567137999986, 39.457176208000078 ], [ -75.551658629999963, 39.486583710000048 ], [ -75.535743711999942, 39.488910676000046 ], [ -75.518318176999969, 39.572490692000031 ], [ -75.569587707999972, 39.618900299000074 ], [ -75.517074584999989, 39.661342620000028 ], [ -75.489280699999938, 39.714855195000041 ], [ -75.518577575999984, 39.715324403000068 ], [ -75.610374450999984, 39.612907409000059 ], [ -75.562637328999983, 39.566837311000029 ], [ -75.589836120999962, 39.46388244700006 ], [ -75.526435852999953, 39.406673431000058 ], [ -75.542167662999987, 39.397403717000032 ], [ -75.523231506999934, 39.393024444000048 ], [ -75.494049071999939, 39.350391387000059 ], [ -75.504539488999967, 39.336959838000041 ], [ -75.483940123999957, 39.328922271000067 ], [ -75.481796263999968, 39.341579437000064 ], [ -75.440246581999986, 39.317325591000042 ], [ -75.402114867999956, 39.257751465000069 ], [ -75.390510558999949, 39.207229615000074 ], [ -75.411613464999959, 39.154994965000071 ], [ -75.397369383999944, 39.073146819000044 ], [ -75.324485778999986, 39.012500763000048 ], [ -75.302024840999934, 38.971755982000047 ], [ -75.300773619999973, 38.915061950000052 ], [ -75.190567016999978, 38.808780670000033 ], [ -75.127578735999975, 38.784015656000065 ], [ -75.082763671999942, 38.79992294300007 ], [ -75.059524535999969, 38.629447937000066 ], [ -75.078613281999935, 38.62257003700006 ], [ -75.08208465499996, 38.695632935000049 ], [ -75.145256042999961, 38.693679809000059 ], [ -75.12200927799995, 38.646987914000078 ], [ -75.172546386999954, 38.670166016000053 ], [ -75.177680968999937, 38.657115936000025 ], [ -75.088531494999984, 38.625484467000035 ], [ -75.153594969999972, 38.617671967000035 ], [ -75.174308775999975, 38.59630203200004 ], [ -75.278182982999965, 38.589149474000067 ], [ -75.185752867999952, 38.58835601800007 ], [ -75.191528319999975, 38.565158844000052 ], [ -75.113693237999939, 38.594692231000067 ], [ -75.090118408999956, 38.559322357000042 ], [ -75.08329772899998, 38.587753295000027 ], [ -75.067512511999951, 38.584270478000064 ], [ -75.073692320999953, 38.611137391000057 ], [ -75.056976318999943, 38.617610931000058 ], [ -75.045547484999986, 38.449596406000069 ], [ -75.087318420999964, 38.323062898000046 ], [ -75.060562133999952, 38.421821593000061 ], [ -75.067924498999957, 38.450077057000044 ], [ -75.091972350999981, 38.467323303000057 ], [ -75.086753843999986, 38.429592133000028 ], [ -75.129005431999985, 38.449455261000026 ], [ -75.125480651999965, 38.43125152600004 ], [ -75.092010497999979, 38.412467957000047 ], [ -75.101417540999989, 38.394515992000038 ], [ -75.191932677999944, 38.42979431200007 ], [ -75.180641174999948, 38.415073395000036 ], [ -75.19391632199995, 38.403991700000063 ], [ -75.156227111999954, 38.406906129000049 ], [ -75.126831054999968, 38.389568330000031 ], [ -75.130821226999956, 38.37513732900004 ], [ -75.148307800999987, 38.37910080000006 ], [ -75.131217956999933, 38.362903596000081 ], [ -75.166122435999966, 38.354503632000046 ], [ -75.128852843999937, 38.345176697000056 ], [ -75.111457824999945, 38.356628418000071 ], [ -75.098884582999972, 38.328277587000059 ], [ -75.194778441999972, 38.208606720000034 ], [ -75.203239440999937, 38.237785339000027 ], [ -75.178817748999961, 38.268604279000044 ], [ -75.196136473999957, 38.258506775000058 ], [ -75.20334625199996, 38.271785736000027 ], [ -75.202186583999946, 38.252723693000064 ], [ -75.243637085999978, 38.238986970000042 ], [ -75.234161376999964, 38.223396300000047 ], [ -75.256240843999933, 38.21020126500008 ], [ -75.249786376999964, 38.191493988000047 ], [ -75.293510437999942, 38.100711822000051 ], [ -75.300727843999937, 38.113536834000058 ], [ -75.334701537999933, 38.112327575000052 ], [ -75.340003966999973, 38.091114044000051 ], [ -75.376121520999959, 38.075874329000044 ], [ -75.355407713999966, 38.064182281000058 ], [ -75.372421264999957, 38.016838075000067 ], [ -75.400268554999968, 37.987888336000026 ], [ -75.427589415999989, 37.992435456000067 ], [ -75.421394346999989, 37.942916870000033 ], [ -75.44605255099998, 37.937889099000074 ], [ -75.448341368999934, 37.897583007000037 ], [ -75.476181028999974, 37.882179261000033 ], [ -75.451293945999964, 37.917125702000078 ], [ -75.472282409999934, 37.917930604000048 ], [ -75.499038696999946, 37.878021240000066 ], [ -75.471862792999957, 37.86941528400007 ], [ -75.498298645999967, 37.84083557200006 ], [ -75.511985778999986, 37.851936340000066 ], [ -75.538619994999976, 37.771221161000028 ], [ -75.559326171999942, 37.781070709000062 ], [ -75.617370605999952, 37.697204590000069 ], [ -75.589378355999941, 37.677272796000068 ], [ -75.645149230999948, 37.656375884000056 ], [ -75.665443420999964, 37.61180114800004 ], [ -75.699104309999939, 37.589633942000034 ], [ -75.694801330999951, 37.575515748000043 ], [ -75.646972655999946, 37.571704864000026 ], [ -75.649887084999989, 37.559883118000073 ], [ -75.678794860999972, 37.564853668000069 ], [ -75.672958373999961, 37.54254913300008 ], [ -75.727149963999977, 37.558311462000063 ], [ -75.756141662999937, 37.510673523000037 ], [ -75.704910278999989, 37.493606567000029 ], [ -75.744163513, 37.477405549000025 ], [ -75.74669647199994, 37.492855073000044 ], [ -75.772117614999956, 37.497299195000039 ], [ -75.812675476999971, 37.469181062000075 ], [ -75.820137023999962, 37.426342011000031 ], [ -75.790412902999947, 37.408245086000079 ], [ -75.835403441999972, 37.417484284000068 ], [ -75.896759032999967, 37.367530822000049 ], [ -75.930435179999961, 37.253265381000062 ], [ -75.917442322999989, 37.211837768000066 ], [ -75.930679319999967, 37.214275360000045 ], [ -75.937629699999945, 37.186256409000066 ], [ -75.931030272999976, 37.142646789000025 ], [ -75.953964232999965, 37.122535705000075 ], [ -75.970626829999958, 37.12637329100005 ], [ -75.975135802999944, 37.159984590000079 ], [ -76.012847900999986, 37.209419250000053 ], [ -76.010635374999936, 37.233421326000041 ], [ -75.979187010999965, 37.244819642000039 ], [ -75.993858336999949, 37.262683869000057 ], [ -76.000617981999937, 37.242820739000024 ], [ -76.012702940999986, 37.245689392000031 ], [ -76.027343750999989, 37.265815734000057 ], [ -76.015365599999939, 37.286525726000036 ], [ -75.992187499999943, 37.288051605000078 ], [ -76.013328552999951, 37.301460266000049 ], [ -75.975250244999984, 37.324111939000034 ], [ -75.99510192799994, 37.344306945000028 ], [ -76.025306700999977, 37.310222625000051 ], [ -76.012466429999961, 37.344520569000053 ], [ -75.972648620999962, 37.366241456000068 ], [ -75.991317749999951, 37.388237 ], [ -75.951309204999973, 37.389999390000071 ], [ -75.974098205999951, 37.408878326000035 ], [ -75.938529967999955, 37.419307709000066 ], [ -75.943176269999981, 37.446567535000042 ], [ -75.986213683999949, 37.411293031000071 ], [ -75.977241515999935, 37.45334243800005 ], [ -75.953132629999971, 37.469360351000034 ], [ -75.916229248999969, 37.459365845000036 ], [ -75.938392638999971, 37.480960847000063 ], [ -75.890724180999939, 37.485778809000067 ], [ -75.917846679999968, 37.492481232000046 ], [ -75.899688720999961, 37.500404358000026 ], [ -75.89560699499998, 37.528461456000059 ], [ -75.965103148999958, 37.479488373000038 ], [ -75.928398132999973, 37.555934906000061 ], [ -75.852714538999976, 37.551914216000057 ], [ -75.940757751999968, 37.561687470000038 ], [ -75.929214477999949, 37.586017608000077 ], [ -75.886932372999979, 37.580478669000058 ], [ -75.90625, 37.600227356000062 ], [ -75.923782348999964, 37.595466613000042 ], [ -75.907920836999949, 37.630622863000042 ], [ -75.867324829999973, 37.600620269000046 ], [ -75.876274108999951, 37.616149903000064 ], [ -75.830528258999948, 37.635028839000029 ], [ -75.883155821999935, 37.62032318100006 ], [ -75.891067504999967, 37.657600402000071 ], [ -75.872573852999949, 37.652370452000071 ], [ -75.871055602999945, 37.668666841000061 ], [ -75.817337035999969, 37.652526855000076 ], [ -75.815277099999946, 37.666553497000052 ], [ -75.799674986999946, 37.662254333000078 ], [ -75.792327880999949, 37.678474427000026 ], [ -75.848121643999946, 37.680149079000046 ], [ -75.845878600999981, 37.70233154400006 ], [ -75.822647094999979, 37.700653076000037 ], [ -75.838600157999963, 37.715831756000057 ], [ -75.812812804999965, 37.723636628000065 ], [ -75.807891845999961, 37.709968566000043 ], [ -75.795921325999984, 37.724311828000054 ], [ -75.773117064999951, 37.704040527000075 ], [ -75.75608062799995, 37.711055756000064 ], [ -75.79569244399994, 37.734279633000028 ], [ -75.830818176999969, 37.725246429000038 ], [ -75.813331602999938, 37.75220489600008 ], [ -75.800109862999989, 37.744770049000067 ], [ -75.784591675999934, 37.761325835000036 ], [ -75.754135130999941, 37.744117737000067 ], [ -75.763954162999937, 37.772365570000034 ], [ -75.792129516999978, 37.787723542000037 ], [ -75.813880920999964, 37.778957367000032 ], [ -75.815315246999944, 37.79257965100004 ], [ -75.763732910999977, 37.80636215100003 ], [ -75.777343749999943, 37.797489166000048 ], [ -75.754592895999963, 37.798980713000049 ], [ -75.747650146999945, 37.772132874000079 ], [ -75.743804931999989, 37.787036896000075 ], [ -75.722984312999984, 37.780845641000042 ], [ -75.724845885999969, 37.800365447000047 ], [ -75.703018186999941, 37.787803651000047 ], [ -75.699600219999979, 37.808609008000076 ], [ -75.722320556999989, 37.808486938000044 ], [ -75.723678588999974, 37.824829102000024 ], [ -75.709312438999973, 37.816455842000039 ], [ -75.69786834699994, 37.855728149000072 ], [ -75.687461851999956, 37.828372955000077 ], [ -75.658103942999958, 37.837001801000042 ], [ -75.67404937799995, 37.852203370000041 ], [ -75.652763365999988, 37.864124298000036 ], [ -75.688888549999945, 37.865116120000039 ], [ -75.68025970399998, 37.884029388000044 ], [ -75.659912109999937, 37.881458283000029 ], [ -75.702064514999961, 37.898857117000034 ], [ -75.676147459999981, 37.908901214000025 ], [ -75.761436461999949, 37.904247284000064 ], [ -75.712013243999934, 37.945693970000036 ], [ -75.701820373999965, 37.932853699000077 ], [ -75.67869567799994, 37.947467803000052 ], [ -75.642059325999981, 37.941932678000057 ], [ -75.647857665999936, 37.970161438000048 ], [ -75.661407469999972, 37.962169646000063 ], [ -75.710517882999966, 37.983299256000066 ], [ -75.707336424999937, 37.994132996000076 ], [ -75.734909057999971, 37.964614868000069 ], [ -75.750099180999939, 37.98885726900005 ], [ -75.753929138, 37.974861144000045 ], [ -75.812644957999964, 37.960723877000078 ], [ -75.818176268999935, 37.974399566000045 ], [ -75.822959899999944, 37.943641663000051 ], [ -75.851242065999941, 37.931785583000078 ], [ -75.847511291999979, 37.942157746000078 ], [ -75.870880127999953, 37.941112518000068 ], [ -75.868896483999947, 37.925220489000026 ], [ -75.893211364999956, 37.960903167000026 ], [ -75.879478454999969, 37.948028564000026 ], [ -75.846389770999963, 37.966171264000025 ], [ -75.868057249999936, 37.963287353000055 ], [ -75.858451843999944, 38.001235962000067 ], [ -75.899818420999964, 37.979118348000043 ], [ -75.861053466999977, 38.015777589000038 ], [ -75.871078490999935, 38.037670135000042 ], [ -75.822830200999988, 38.026592254000036 ], [ -75.818450927999947, 38.039226532000043 ], [ -75.836418152999954, 38.045818328000053 ], [ -75.795539854999959, 38.044349670000031 ], [ -75.796989439999948, 38.057514191000053 ], [ -75.761451720999958, 38.076965331000054 ], [ -75.774665831999982, 38.087123872000063 ], [ -75.747116089999963, 38.089904785000044 ], [ -75.771362305999958, 38.103393554000036 ], [ -75.808464050999987, 38.066741943000068 ], [ -75.821708678999983, 38.075988770000038 ], [ -75.87288665799997, 38.061721803000069 ], [ -75.884239196999943, 38.077281951000032 ], [ -75.863708495999958, 38.080181122000056 ], [ -75.875122070999964, 38.093025207000039 ], [ -75.849494933999949, 38.114444732000038 ], [ -75.832862854999973, 38.099712372000056 ], [ -75.840400695999961, 38.128376008000032 ], [ -75.759315489999949, 38.142665864000037 ], [ -75.784378051999965, 38.147098542000037 ], [ -75.750724792999961, 38.159313201000032 ], [ -75.77627563599998, 38.168289184000059 ], [ -75.810737610999979, 38.146102905000077 ], [ -75.809181211999942, 38.16285324100005 ], [ -75.837638854999966, 38.147377015000075 ], [ -75.852020262999986, 38.158447266000053 ], [ -75.875297544999967, 38.137908935000041 ], [ -75.884910583999954, 38.153446197000051 ], [ -75.902709960999971, 38.142349244000059 ], [ -75.915969848999964, 38.151584625000055 ], [ -75.921119689999955, 38.129894257000046 ], [ -75.950950622999983, 38.130271912000069 ], [ -75.951622008999948, 38.181957245000035 ], [ -75.87931823699995, 38.19462204000007 ], [ -75.835365294999974, 38.221687317000033 ], [ -75.821479796999938, 38.214244842000028 ], [ -75.826293945999964, 38.234256744000049 ], [ -75.862037658999952, 38.234283446000063 ], [ -75.793823242999963, 38.263725280000074 ], [ -75.860527038999976, 38.249675750000051 ], [ -75.878288269999985, 38.268043517000081 ], [ -75.881446838999977, 38.230915069000048 ], [ -75.908653259999937, 38.246231078000051 ], [ -75.916358947999981, 38.26944732700008 ], [ -75.872085571999946, 38.357349395000028 ], [ -75.886474609999937, 38.375579833000074 ], [ -75.885101317999954, 38.358337402000075 ], [ -75.934730528999978, 38.315464020000036 ], [ -75.943298338999966, 38.27115249600007 ], [ -75.956962585999975, 38.290363312000068 ], [ -75.950088500999982, 38.251052856000058 ], [ -76.018081664999954, 38.312870025000052 ], [ -75.959007263, 38.332542420000038 ], [ -75.955078124999943, 38.351985931000058 ], [ -76.001464843999941, 38.379756928000063 ], [ -76.004379272999984, 38.352142334000064 ], [ -76.055801390999989, 38.303802491000056 ], [ -76.022209167999961, 38.282550812000068 ], [ -76.041740417999961, 38.273719787000061 ], [ -76.025321959999985, 38.215049744000055 ], [ -76.053863523999951, 38.223548889000028 ], [ -76.072616577999952, 38.25368499800004 ], [ -76.093154906999985, 38.252105713000049 ], [ -76.073493957999972, 38.268653869000048 ], [ -76.108337401999961, 38.286277770000027 ], [ -76.100471496999944, 38.29887771500006 ], [ -76.141479491999974, 38.269874573000038 ], [ -76.125045775999979, 38.30187606800007 ], [ -76.16178131099997, 38.313613891000045 ], [ -76.153717041999982, 38.337547302000075 ], [ -76.204627991999985, 38.378890990000059 ], [ -76.219451904999971, 38.37043380700004 ], [ -76.216178893999938, 38.389888763000044 ], [ -76.233093261999954, 38.396411896000075 ], [ -76.229789732999961, 38.349689485000056 ], [ -76.26334381099997, 38.378585815000065 ], [ -76.274749754999959, 38.363288880000027 ], [ -76.284523009999987, 38.411434175000068 ], [ -76.337326050999934, 38.48899459900008 ], [ -76.28587341399998, 38.507083894000061 ], [ -76.299354552999944, 38.474128722000046 ], [ -76.269790649999948, 38.448909760000049 ], [ -76.282958983999947, 38.470344544000056 ], [ -76.26779937799995, 38.497840881000059 ], [ -76.254425049999952, 38.489093780000076 ], [ -76.263504028999989, 38.508224487000064 ], [ -76.244995116999974, 38.524353026000028 ], [ -76.242309570999964, 38.509819032000053 ], [ -76.231422424999948, 38.526935578000064 ], [ -76.218055724999942, 38.517730712000059 ], [ -76.217124938999973, 38.537208558000032 ], [ -76.16535186699997, 38.504478455000026 ], [ -76.162567138999975, 38.528472900000054 ], [ -76.136146545999964, 38.525463105000028 ], [ -76.128143310999974, 38.544410706000065 ], [ -76.18486022999997, 38.53188324000007 ], [ -76.209907531999988, 38.546199797000043 ], [ -76.169166563999966, 38.553928375000055 ], [ -76.153472900999986, 38.575061797000046 ], [ -76.175666808999949, 38.584819793000065 ], [ -76.180702208999946, 38.566741944000057 ], [ -76.200767516999974, 38.563781738000046 ], [ -76.196907043999943, 38.582324981000056 ], [ -76.208900450999977, 38.569759368000064 ], [ -76.229278564999959, 38.58266449000007 ], [ -76.235252380999952, 38.543743135000057 ], [ -76.24273681699998, 38.587333679000039 ], [ -76.247001648999969, 38.544769286000076 ], [ -76.261192321999943, 38.575733184000057 ], [ -76.275474546999988, 38.531459809000069 ], [ -76.282035826999959, 38.560985565000067 ], [ -76.310203551999962, 38.566246032000038 ], [ -76.287559508999948, 38.583248139000034 ], [ -76.278320313999984, 38.572280884000065 ], [ -76.25788879299995, 38.596553804000052 ], [ -76.288505553999983, 38.632663727000079 ], [ -76.265335082999968, 38.609317780000026 ], [ -76.238510131999988, 38.628086090000068 ], [ -76.233497618999934, 38.611263275000056 ], [ -76.208251952999944, 38.606468201000041 ], [ -76.162490844999979, 38.629096985000047 ], [ -76.181884765999939, 38.59938812200005 ], [ -76.137062073999971, 38.602981567000029 ], [ -76.110557556999936, 38.571861267000031 ], [ -76.087760925999987, 38.59426879800003 ], [ -76.034240722999982, 38.561462402000075 ], [ -76.027725218999933, 38.622123717000079 ], [ -76.046585082999968, 38.591976166000052 ], [ -76.097068786999955, 38.63063812300004 ], [ -76.106231688999969, 38.613517761000026 ], [ -76.091156004999959, 38.662300109000057 ], [ -76.117591858999958, 38.635852815000078 ], [ -76.146453857999973, 38.636173247000045 ], [ -76.149673461999953, 38.653434754000045 ], [ -76.096931456999982, 38.668708801000037 ], [ -76.086486815999933, 38.690349578000053 ], [ -76.15949249199997, 38.664417268000079 ], [ -76.176994324999953, 38.67412567100007 ], [ -76.161766051999962, 38.701156615000059 ], [ -76.120056150999972, 38.692543029000035 ], [ -76.129829406999988, 38.706249238000055 ], [ -76.100967406999985, 38.704113005000067 ], [ -76.100135803999933, 38.716793060000043 ], [ -76.132522581999979, 38.719421387000068 ], [ -76.108634947999974, 38.735019684000065 ], [ -76.104713439999955, 38.724098207000054 ], [ -76.08099365299995, 38.730625153000062 ], [ -76.110221862999936, 38.744556427000077 ], [ -76.089729308999949, 38.766986847000055 ], [ -76.126403807999964, 38.762870789000033 ], [ -76.121994018999942, 38.746047973000032 ], [ -76.153984068999989, 38.707420349000074 ], [ -76.166893003999974, 38.711185455000077 ], [ -76.159934996999937, 38.736495971000068 ], [ -76.18807220399998, 38.714134217000037 ], [ -76.201820373999965, 38.670310975000064 ], [ -76.216690061999941, 38.696304321000071 ], [ -76.19996643099995, 38.708366394000052 ], [ -76.221725464999963, 38.711765289000027 ], [ -76.226737974999935, 38.695045471000071 ], [ -76.237274169999978, 38.73368453900008 ], [ -76.218978880999941, 38.733947753000052 ], [ -76.215698241999974, 38.719409942000027 ], [ -76.186912536999955, 38.74584961000005 ], [ -76.22395324699994, 38.753036498000029 ], [ -76.231132506999984, 38.781665802000077 ], [ -76.235542296999938, 38.765392302000066 ], [ -76.247856140999943, 38.770050049000076 ], [ -76.239639281999985, 38.801696777000075 ], [ -76.259376525999983, 38.786937714000032 ], [ -76.245742797999981, 38.755977630000075 ], [ -76.288238525999986, 38.755496978000053 ], [ -76.282653808999953, 38.736404419000053 ], [ -76.254829406999988, 38.742019653000057 ], [ -76.26832580699994, 38.711334228000055 ], [ -76.297721862999936, 38.717060090000075 ], [ -76.301841735999972, 38.753814698000042 ] ], [ [ -76.27506256199996, 38.786518097000055 ], [ -76.262069702999952, 38.802375794000056 ], [ -76.286163329999965, 38.809413911000036 ], [ -76.27506256199996, 38.786518097000055 ] ] ] } },
{ "type": "Feature", "properties": { "PROVINCE": "COLORADO PLATEAUS" }, "geometry": { "type": "Polygon", "coordinates": [ [ [ -108.512481689999959, 40.410221099000069 ], [ -108.345046997999987, 40.370937347000051 ], [ -108.133926390999989, 40.297248840000066 ], [ -108.059867857999961, 40.245285034000062 ], [ -107.930664062999938, 40.09953308200005 ], [ -107.889465332999976, 40.026817321000067 ], [ -107.860534668999946, 39.846008300000051 ], [ -107.801193237999939, 39.709518432000039 ], [ -107.762008666999975, 39.673271180000029 ], [ -107.573081970999965, 39.628334045000031 ], [ -107.440841674999945, 39.555683136000027 ], [ -107.37662506199996, 39.489608765000071 ], [ -107.328247069999975, 39.402946472000053 ], [ -107.294662474999939, 39.260692596000069 ], [ -107.337409972999978, 39.156372071000078 ], [ -107.412147521999941, 39.058792114000028 ], [ -107.473609923999959, 38.93904113800005 ], [ -107.673843384999941, 38.966602325000053 ], [ -107.917198180999947, 38.960098267000035 ], [ -108.110183714999948, 38.975444793000065 ], [ -108.457595823999952, 39.22419738800005 ], [ -108.659645080999951, 39.29990005500008 ], [ -108.813011169999982, 39.319576264000034 ], [ -108.987808227999949, 39.317718506000062 ], [ -109.095275879999974, 39.276374817000033 ], [ -109.201164244999973, 39.26219177300004 ], [ -109.520973205999951, 39.116882324000073 ], [ -109.532958982999958, 39.067810059000067 ], [ -109.758857726999963, 39.006805420000035 ], [ -109.812225341999977, 38.969142914000031 ], [ -109.893569945999957, 39.004829406000056 ], [ -110.042068482, 39.171165466000048 ], [ -110.097213744999976, 39.203647612000054 ], [ -110.178588867999963, 39.192939759000069 ], [ -110.263328552999951, 39.156311035000044 ], [ -110.390312195999968, 39.457180024000024 ], [ -110.462463379999974, 39.579490661000079 ], [ -110.550537108999947, 39.674442292000037 ], [ -110.663955688999977, 39.726535798000043 ], [ -110.748130797999977, 39.745216370000037 ], [ -110.775802612999939, 39.821697235000045 ], [ -110.870246886999951, 39.912441253000054 ], [ -111.050376891999974, 39.991870880000079 ], [ -111.04035949699994, 40.040203095000038 ], [ -111.052825926999958, 40.089668274000076 ], [ -111.151184081999986, 40.254558563000046 ], [ -111.147003172999973, 40.33470535400005 ], [ -111.091789245999962, 40.374855041000046 ], [ -111.003540037999983, 40.369564057000048 ], [ -110.919357299999945, 40.343013764000034 ], [ -110.802474974999939, 40.342601777000027 ], [ -110.722000122999987, 40.374423980000074 ], [ -110.556541442999958, 40.406570434000059 ], [ -110.505584715999987, 40.437988281000059 ], [ -110.042823791999979, 40.537082673000043 ], [ -109.912826536999944, 40.535663605000025 ], [ -109.796646117999956, 40.473587036000026 ], [ -109.657554625999978, 40.456943513000056 ], [ -109.27935027999996, 40.51191330000006 ], [ -109.149421690999986, 40.509635926000044 ], [ -109.082923888999971, 40.459163665000062 ], [ -109.117431640999939, 40.415695191000054 ], [ -109.186012268999946, 40.373424530000079 ], [ -109.147796630999949, 40.326396943000077 ], [ -108.90899658099994, 40.280952454000044 ], [ -108.649665831999982, 40.321617127000025 ], [ -108.604217528999982, 40.364448547000052 ], [ -108.512481689999959, 40.410221099000069 ] ] ] } },
{ "type": "Feature", "properties": { "PROVINCE": "GREAT PLAINS" }, "geometry": { "type": "Polygon", "coordinates": [ [ [ -97.15611266999997, 39.797054292000041 ], [ -97.173927307999975, 39.772357940000063 ], [ -97.183944701999962, 39.620269775000054 ], [ -97.16094970599994, 39.54346466100003 ], [ -97.168968200999984, 39.423385621000079 ], [ -97.133499144999973, 39.260143280000079 ], [ -97.179573059999939, 39.220386505000079 ], [ -97.230163574999949, 39.133499146000077 ], [ -97.530448913999976, 38.759399415000075 ], [ -97.696846006999976, 38.575969696000072 ], [ -97.748985288999961, 38.474761963000049 ], [ -97.761604309999939, 38.311363221000079 ], [ -97.791458128999977, 38.243907929000045 ], [ -97.923080444999982, 38.186862947000066 ], [ -98.013458252999953, 38.101238251000041 ], [ -98.01658630299994, 38.032356262000064 ], [ -97.786697387999936, 37.792400361000034 ], [ -97.737052916999971, 37.682247161000078 ], [ -97.713951111999961, 37.587917329000049 ], [ -97.78289794899996, 37.424118041000042 ], [ -97.944572447999974, 37.309196473000043 ], [ -98.45937347499995, 37.103652953000051 ], [ -98.754455566, 36.941040040000075 ], [ -99.096839903999978, 36.874542237000071 ], [ -99.223060607999969, 36.883422852000024 ], [ -99.650131224999939, 36.68240737900004 ], [ -99.682975769999985, 36.535961150000048 ], [ -99.738784790999944, 36.424198150000052 ], [ -99.879501341999969, 36.249530791000041 ], [ -100.156387327999937, 36.029525756000055 ], [ -100.188644407999959, 35.938579559000061 ], [ -100.336219786999948, 36.024608612000065 ], [ -100.389732361999961, 36.16558075100005 ], [ -100.433845519999977, 36.404438020000043 ], [ -100.487846373999957, 36.500507355000025 ], [ -100.579093932999967, 36.88195419200008 ], [ -100.568687438999973, 37.002326965000066 ], [ -100.43895721399997, 37.324733735000052 ], [ -100.183036802999936, 37.696941375000051 ], [ -100.165054320999957, 37.844692229000032 ], [ -100.185188294999989, 37.983402252000076 ], [ -100.230491638, 38.09100341900006 ], [ -100.360420227999953, 38.264984131000062 ], [ -100.546623230999955, 38.448314667000034 ], [ -100.767990112999939, 38.618984221000062 ], [ -100.904502867999952, 38.756893158000025 ], [ -101.023284912999941, 38.935260773000039 ], [ -101.043136596999943, 39.067378999000027 ], [ -100.808357238999974, 39.339382172000057 ], [ -100.485862730999941, 39.636028291000059 ], [ -100.059577940999986, 40.377906798000026 ], [ -99.961135862999981, 40.431697846000077 ], [ -99.82160949699994, 40.462440490000063 ], [ -99.466110228, 40.341033936000031 ], [ -99.124511719999987, 40.287090302000024 ], [ -98.540672301999962, 40.240478517000042 ], [ -98.268562316999976, 40.251861571000063 ], [ -97.87095641999997, 40.286052704000042 ], [ -97.653427123999961, 40.332359315000076 ], [ -97.28054046699998, 40.438003539000078 ], [ -97.090103149999948, 40.517318726000042 ], [ -96.996994017999953, 40.255958556000053 ], [ -97.103324890999943, 39.870109557000035 ], [ -97.15611266999997, 39.797054292000041 ] ] ] } },
{ "type": "Feature", "properties": { "PROVINCE": "COASTAL PLAIN" }, "geometry": { "type": "Polygon", "coordinates": [ [ [ -73.967300414999954, 40.360523224000076 ], [ -73.985321044999978, 40.438510895000036 ], [ -74.010948181999936, 40.465106964000029 ], [ -73.991828918999943, 40.46231079100005 ], [ -73.972091674999945, 40.428157806000058 ], [ -73.967300414999954, 40.360523224000076 ] ] ] } },
{ "type": "Feature", "properties": { "PROVINCE": "PIEDMONT" }, "geometry": { "type": "Polygon", "coordinates": [ [ [ -76.234077451999951, 40.370304109000074 ], [ -76.028656002999981, 40.40183257800004 ], [ -75.948829647999958, 40.374969481000051 ], [ -75.841903684999977, 40.371704102000081 ], [ -75.780166626999971, 40.388843536000024 ], [ -75.523277284999949, 40.192424773000027 ], [ -75.035972591999951, 40.198024750000059 ], [ -74.872756957999968, 40.221664431000079 ], [ -75.223632813999984, 39.96407318100006 ], [ -75.432228086999942, 39.835845949000031 ], [ -75.64424896099996, 39.757144931000028 ], [ -75.847366329999943, 39.630619047000039 ], [ -76.347457882999947, 39.456031797000037 ], [ -76.614555356999972, 39.318641662000061 ], [ -76.986511232999987, 38.96424102900005 ], [ -77.124877930999958, 38.770771023000066 ], [ -77.197845457999961, 38.623958590000029 ], [ -77.211029053999937, 38.640075686000046 ], [ -77.194442747999972, 38.660884859000078 ], [ -77.236297608999962, 38.657356260000029 ], [ -77.226638795999975, 38.647388459000069 ], [ -77.259445189999951, 38.608001709000064 ], [ -77.247123716999965, 38.594379426000046 ], [ -77.268333435999978, 38.589435576000028 ], [ -77.256057737999981, 38.563575743000058 ], [ -77.281402585999956, 38.550029752000057 ], [ -77.301963804999957, 38.564113620000057 ], [ -77.277908325999988, 38.538242339000078 ], [ -77.324600222999948, 38.448123929000076 ], [ -77.321533201999955, 38.413654329000053 ], [ -77.349884030999988, 38.439548494000064 ], [ -77.377502440999933, 38.439125059000048 ], [ -77.327171326999974, 38.396461489000046 ], [ -77.339935302999947, 38.356895448000046 ], [ -77.364143371999944, 38.355262759000027 ], [ -77.342056271, 38.349624634000065 ], [ -77.377517699999942, 38.227779386000066 ], [ -77.414283753999939, 37.998447421000037 ], [ -77.381469727999956, 37.333484648000024 ], [ -77.349700929999983, 37.101291657000047 ], [ -77.392837521999979, 36.709541319000039 ], [ -77.528068545999986, 36.496440890000031 ], [ -77.71361541899995, 36.272190094000052 ], [ -77.833595273999947, 36.094108583000036 ], [ -78.087356567999961, 35.884536740000044 ], [ -78.773391723999964, 35.627052305000063 ], [ -79.001564026999972, 35.471347808000075 ], [ -79.325073242999963, 35.169525147000058 ], [ -79.603782655999964, 34.977081296000051 ], [ -79.756797791999986, 34.88326263700003 ], [ -80.106056210999952, 34.737106323000035 ], [ -80.323692318999974, 34.600711820000072 ], [ -80.711921690999986, 34.244625089000067 ], [ -80.84471130299994, 34.137077332000047 ], [ -81.022140503999935, 34.028724670000031 ], [ -81.122833249999985, 33.992534639000041 ], [ -81.54054260199996, 33.897670745000028 ], [ -81.681282045999978, 33.799503329000061 ], [ -81.846984860999953, 33.625091551000025 ], [ -82.007942200999935, 33.538379669000051 ], [ -82.351165772999934, 33.515407562000064 ], [ -83.458618163999972, 32.951515200000074 ], [ -84.133941651999976, 32.696617127000025 ], [ -84.571418759999972, 32.594055178000076 ], [ -85.075256344999957, 32.542129516000045 ], [ -85.906150820999983, 32.628299714000036 ], [ -86.050849912999979, 32.647193910000055 ], [ -86.18152618299996, 32.70291900400008 ], [ -86.773750304999965, 33.020549773000027 ], [ -86.676109315999952, 33.208946228000059 ], [ -86.534202576999974, 33.190864564000037 ], [ -86.477737425999976, 33.165473936000069 ], [ -86.419143674999987, 33.205131532000053 ], [ -86.391059875999986, 33.296264646000054 ], [ -86.323852541999941, 33.354640959000051 ], [ -86.01184081699995, 33.431171418000076 ], [ -85.635948182999982, 33.620361331000026 ], [ -85.561737063999942, 33.640644071000054 ], [ -85.423782345999939, 33.872810367000056 ], [ -85.261230470999976, 33.995941160000029 ], [ -85.069923398999947, 33.961894989000029 ], [ -84.946250913999961, 34.011974331000033 ], [ -84.762901305999947, 34.189540863000047 ], [ -84.700111386999936, 34.285026551000044 ], [ -84.666580200999988, 34.405624389000025 ], [ -84.641128539999954, 34.614406584000051 ], [ -84.648231506999934, 34.690437316000043 ], [ -84.465736389999961, 34.711143492000076 ], [ -84.392150879999974, 34.692539216000057 ], [ -84.291458127999988, 34.50752639600006 ], [ -84.239021303999948, 34.467208864000042 ], [ -83.976318360999983, 34.61928940100006 ], [ -83.794990539999958, 34.661991121000028 ], [ -83.633163449999984, 34.739837648000048 ], [ -83.55574035799998, 34.756832125000074 ], [ -83.350807186999987, 34.713771819000044 ], [ -83.171386716999962, 34.752536775000067 ], [ -83.073631287999945, 34.795486451000045 ], [ -82.943321228999935, 34.945648195000047 ], [ -82.858009338999977, 34.975452423000036 ], [ -82.679809571999954, 34.931251528000075 ], [ -82.557891842999936, 34.918647767000039 ], [ -82.402214052999966, 35.027111054000045 ], [ -82.248497009999937, 35.100723265000056 ], [ -82.13975525099994, 35.185882566000032 ], [ -82.092750548999959, 35.246730806000073 ], [ -82.088584897999965, 35.311176298000078 ], [ -81.995002744999965, 35.51206970100003 ], [ -82.021492002999935, 35.654731749000064 ], [ -81.99440765199995, 35.754409788000032 ], [ -81.827461244999938, 35.813049314000068 ], [ -81.544181825999942, 35.942310334000069 ], [ -81.295082092999962, 36.173412326000062 ], [ -80.909324642999934, 36.374828339000032 ], [ -80.77756500199996, 36.482387546000041 ], [ -80.667465207999953, 36.637020112000073 ], [ -80.568672181999943, 36.672763823000025 ], [ -80.462432860999968, 36.677333834000024 ], [ -80.332115170999941, 36.735462191000067 ], [ -79.770706178999944, 37.120525359000055 ], [ -79.675949098999979, 37.193988803000025 ], [ -79.508834836999938, 37.372398376000035 ], [ -79.355468747999964, 37.405429842000046 ], [ -78.904464723, 37.77508926400003 ], [ -78.824859616999959, 37.853233338000052 ], [ -78.77828216599994, 37.971134183000061 ], [ -78.632850644999962, 38.165691375000051 ], [ -78.525588991999939, 38.226715089000038 ], [ -78.197120665999989, 38.468238829000029 ], [ -78.133834836999938, 38.532627104000028 ], [ -78.01672363299997, 38.800449370000024 ], [ -77.595726015999958, 39.250129700000059 ], [ -77.567268372999933, 39.297721863000049 ], [ -77.536766052999951, 39.462135315000069 ], [ -77.465858460999982, 39.509067536000032 ], [ -77.430908202999944, 39.483539583000038 ], [ -77.48938751299994, 39.340370176000079 ], [ -77.485275268999942, 39.244724273000031 ], [ -77.540901181999971, 38.999053957000058 ], [ -77.663887023999962, 38.742229463000058 ], [ -77.930442811999967, 38.505115508000074 ], [ -77.965766907999978, 38.452224731000058 ], [ -77.946952820999968, 38.406528472000048 ], [ -77.874946592999947, 38.402969362000078 ], [ -77.816688536999948, 38.425262453000073 ], [ -77.705253599999935, 38.503803255000037 ], [ -77.455284117999952, 38.716186524000079 ], [ -77.357269285999962, 38.83925247500008 ], [ -77.268196104999959, 39.031734467000035 ], [ -77.255340578999949, 39.206783297000072 ], [ -77.300964356999941, 39.282382966000057 ], [ -77.312072752999939, 39.396598813000026 ], [ -77.241516114999968, 39.585933683000064 ], [ -77.110160827999948, 39.684303281000041 ], [ -77.04990387099997, 39.764434814000026 ], [ -76.935890197999981, 39.859191894000048 ], [ -76.835578916999964, 39.984687807000057 ], [ -76.723556519999988, 40.070075989000031 ], [ -76.631851196999946, 40.109756469000047 ], [ -76.545211789999939, 40.112220765000075 ], [ -76.37398529099994, 40.028659821000076 ], [ -76.279975892999971, 40.013839719000032 ], [ -76.070861817999969, 40.097370147000049 ], [ -75.98073577699995, 40.10356521600005 ], [ -75.81769561699997, 40.082439420000071 ], [ -75.792861937999987, 40.11914444100006 ], [ -75.815437316999976, 40.175411222000037 ], [ -75.727279660999955, 40.188091281000027 ], [ -75.712501524999936, 40.226596833000031 ], [ -75.749122621999959, 40.272747038000034 ], [ -75.805274960999952, 40.292308810000065 ], [ -76.046974180999939, 40.30530929300005 ], [ -76.135780336999971, 40.324180605000038 ], [ -76.234077451999951, 40.370304109000074 ] ] ] } },
{ "type": "Feature", "properties": { "PROVINCE": "CASCADE-SIERRA MOUNTAINS" }, "geometry": { "type": "Polygon", "coordinates": [ [ [ -120.994499205999944, 40.401451110000039 ], [ -120.945831298999963, 40.364051818000064 ], [ -120.872314454, 40.33624267600004 ], [ -120.724662781999939, 40.331161499000075 ], [ -120.586860656999988, 40.287586211000075 ], [ -120.487884520999955, 40.195098877000078 ], [ -120.399612427999955, 40.14307403600003 ], [ -120.270538329999965, 40.097396851000042 ], [ -120.1635437, 40.022006989000033 ], [ -120.085456845999943, 39.935997009000062 ], [ -119.954383850999989, 39.642688750000048 ], [ -119.74320221, 39.47810363800005 ], [ -119.720764160999977, 39.368797301000029 ], [ -119.762046812999984, 39.252098084000068 ], [ -119.670417785999973, 38.930595399000026 ], [ -119.588508605999948, 38.81214523400007 ], [ -119.474037169999974, 38.721813202000078 ], [ -119.415130615999942, 38.613121033000027 ], [ -119.390983580999944, 38.526275636000037 ], [ -119.272682188999966, 38.512062072000049 ], [ -119.183799742999952, 38.484413147000055 ], [ -119.143104554, 38.449398042000041 ], [ -119.123832702999948, 38.290737153000066 ], [ -119.181533812999987, 38.182502746000068 ], [ -119.138572692999958, 38.014137269000059 ], [ -118.907386778999978, 37.700740813000039 ], [ -118.745269775999986, 37.652908324000066 ], [ -118.642227172, 37.580131530000074 ], [ -118.329315184999984, 37.196716308000077 ], [ -118.257019040999978, 37.069423676000042 ], [ -118.21739959699994, 36.947410584000068 ], [ -118.198829651999972, 36.798160553000059 ], [ -118.148414611999954, 36.679599760000031 ], [ -118.108566283999949, 36.518363952000072 ], [ -117.971359254999982, 36.204196929000034 ], [ -117.926826475999974, 36.04376983800006 ], [ -117.875656127999946, 35.953548431000058 ], [ -117.869132994999973, 35.811813354000037 ], [ -117.919708249999985, 35.709098815000061 ], [ -118.061164855999948, 35.504745484000068 ], [ -118.016113282, 35.294475557000055 ], [ -118.072174071999939, 35.183132172000057 ], [ -118.276695252999957, 35.037204742000029 ], [ -118.542976378, 34.893024443000058 ], [ -118.671829223999964, 34.766269684000065 ], [ -118.803848267999967, 34.804145813000048 ], [ -118.871269225999981, 34.867443086000037 ], [ -118.894599914999958, 34.963325500000053 ], [ -118.806991576999962, 34.974014281000052 ], [ -118.704475402999947, 35.015296936000027 ], [ -118.65739441, 35.054744722000066 ], [ -118.742965697999978, 35.254241944000057 ], [ -118.695480346999943, 35.414352418000078 ], [ -118.72228241, 35.47386169400005 ], [ -118.920043944999975, 35.581604004000042 ], [ -118.978729248999969, 35.652626038000051 ], [ -119.018798829, 35.742588045000048 ], [ -119.011779785999977, 35.84405517600004 ], [ -118.927444457999968, 36.014133455000035 ], [ -118.905746459999989, 36.141799928000069 ], [ -118.935447693999947, 36.257221222000055 ], [ -118.998504638999975, 36.374534607000044 ], [ -119.320434571999954, 36.752349855000034 ], [ -119.455024719999983, 36.876728056000047 ], [ -119.877479551999954, 37.17948913500004 ], [ -120.130142210999963, 37.462772370000039 ], [ -120.203376768999988, 37.591606140000067 ], [ -120.304458616999966, 37.702510835000055 ], [ -120.4397583, 37.783168792000026 ], [ -120.734825132999958, 37.914100647000055 ], [ -120.861793518999946, 37.997440339000036 ], [ -120.911201476999963, 38.122665404000031 ], [ -121.026573180999947, 38.537899017000029 ], [ -121.114181519999988, 38.707382202000076 ], [ -121.151199341999984, 38.828849792000028 ], [ -121.230224607999958, 39.259647369000049 ], [ -121.284866330999989, 39.402835845000027 ], [ -121.476623533999941, 39.577869415000066 ], [ -121.580955504999963, 39.70097351000004 ], [ -121.55581664999994, 39.76006317100007 ], [ -121.550865172999977, 39.855636598000046 ], [ -121.565216063999969, 39.922023772000045 ], [ -121.383560179999961, 40.077640535000057 ], [ -121.033042909999949, 40.335350036000079 ], [ -120.994499205999944, 40.401451110000039 ] ] ] } },
{ "type": "Feature", "properties": { "PROVINCE": "PIEDMONT" }, "geometry": { "type": "Polygon", "coordinates": [ [ [ -77.045860289999951, 40.202079773000037 ], [ -76.919998168999939, 40.233520508000026 ], [ -76.835121154999968, 40.275245667000036 ], [ -76.762145996999948, 40.333354950000057 ], [ -76.576797485999975, 40.347385406000058 ], [ -76.502212523999958, 40.378833771000075 ], [ -76.441085815999941, 40.353942871000072 ], [ -76.316886901999965, 40.351272582000036 ], [ -76.234077453999987, 40.370304108000028 ], [ -76.135780333999946, 40.324180604000048 ], [ -76.046974180999939, 40.305309296000075 ], [ -75.805274962999988, 40.29230880700004 ], [ -75.74912261999998, 40.27274704000007 ], [ -75.712501525999983, 40.226596832000041 ], [ -75.727279661999944, 40.188091278000059 ], [ -75.815437316999976, 40.175411225000062 ], [ -75.792861937999987, 40.119144439000024 ], [ -75.81769561699997, 40.08243942200005 ], [ -75.980735778999986, 40.10356521600005 ], [ -76.070861815999933, 40.097370148000039 ], [ -76.279975890999935, 40.013839722000057 ], [ -76.37398529099994, 40.02865982000003 ], [ -76.545211791999975, 40.112220764000028 ], [ -76.631851196999946, 40.109756470000036 ], [ -76.723556517999953, 40.070075988000042 ], [ -76.835578918999943, 39.984687805000078 ], [ -76.935890197999981, 39.859191895000038 ], [ -77.04990386999998, 39.764434815000072 ], [ -77.110160827999948, 39.684303283000077 ], [ -77.241516112999989, 39.585933685000043 ], [ -77.312072753999985, 39.396598816000051 ], [ -77.300964354999962, 39.282382964000078 ], [ -77.25534057699997, 39.206783295000037 ], [ -77.268196105999948, 39.031734466000046 ], [ -77.357269287999941, 38.839252472000055 ], [ -77.455284117999952, 38.716186523000033 ], [ -77.705253600999981, 38.503803253000058 ], [ -77.816688537999937, 38.425262451000037 ], [ -77.874946593999937, 38.402969361000032 ], [ -77.946952819999979, 38.406528474000027 ], [ -77.965766906999988, 38.452224732000047 ], [ -77.930442809999988, 38.505115509000063 ], [ -77.663887023999962, 38.742229462000068 ], [ -77.618743896999945, 38.828220367000029 ], [ -77.540901183999949, 38.999053955000079 ], [ -77.485275268999942, 39.244724274000077 ], [ -77.489387511999951, 39.340370178000057 ], [ -77.459770201999959, 39.435237885000049 ], [ -77.337326049999945, 39.628761291000046 ], [ -77.288520811999945, 39.73627471900005 ], [ -77.283607482999969, 39.903362274000074 ], [ -77.23638152999996, 39.982624054000041 ], [ -77.064712523999958, 40.104324341000051 ], [ -77.045860289999951, 40.202079773000037 ] ] ] } },
{ "type": "Feature", "properties": { "PROVINCE": "BLUE RIDGE" }, "geometry": { "type": "Polygon", "coordinates": [ [ [ -77.430908203999934, 39.483539581000059 ], [ -77.465858459999936, 39.509067534000053 ], [ -77.536766052999951, 39.462135314000079 ], [ -77.567268370999955, 39.297721863000049 ], [ -77.595726013, 39.250129700000059 ], [ -78.01672363199998, 38.80044937200006 ], [ -78.133834837999984, 38.532627105000074 ], [ -78.197120665999989, 38.468238830000075 ], [ -78.52558898999996, 38.226715087000059 ], [ -78.632850645999952, 38.16569137700003 ], [ -78.77828216599994, 37.971134186000029 ], [ -78.824859618999938, 37.853233337000063 ], [ -78.904464720999954, 37.775089263000041 ], [ -79.355468748999954, 37.405429840000068 ], [ -79.508834838999974, 37.372398376000035 ], [ -79.722572326999966, 37.157878876000041 ], [ -79.868141173999959, 37.228656770000043 ], [ -79.786895750999975, 37.330108642000027 ], [ -79.766685484999982, 37.415847778000057 ], [ -79.451232909999987, 37.653572083000029 ], [ -79.38394164999994, 37.735523224000076 ], [ -78.806663511999943, 38.151058197000054 ], [ -78.611206054999968, 38.391799927000079 ], [ -78.421524046999934, 38.572948456000063 ], [ -78.255317687999934, 38.801784516000055 ], [ -78.162666320999961, 38.864738465000073 ], [ -78.081008910999969, 38.978443145000028 ], [ -77.855735778999986, 39.137138367000034 ], [ -77.806686401999968, 39.198890685000038 ], [ -77.637237547999973, 39.348716736000029 ], [ -77.534866331999979, 39.753238679000049 ], [ -77.580253600999981, 39.874782563000053 ], [ -77.545425414999954, 39.913429260000044 ], [ -77.535385131999988, 39.991020203000062 ], [ -77.494369505999941, 40.042900085000042 ], [ -77.387092589999952, 40.101222993000079 ], [ -77.04586029099994, 40.202079773000037 ], [ -77.064712524999948, 40.104324341000051 ], [ -77.23638152999996, 39.982624054000041 ], [ -77.283607482999969, 39.903362274000074 ], [ -77.288520811999945, 39.73627471900005 ], [ -77.337326049999945, 39.628761291000046 ], [ -77.430908203999934, 39.483539581000059 ] ] ] } },
{ "type": "Feature", "properties": { "PROVINCE": "COASTAL PLAIN" }, "geometry": { "type": "Polygon", "coordinates": [ [ [ -74.094993590999934, 39.78135681200007 ], [ -74.078842162999933, 39.951946258000078 ], [ -74.036689757999966, 40.078731537000067 ], [ -74.042739867999956, 40.028537751000044 ], [ -74.094993590999934, 39.78135681200007 ] ] ] } },
{ "type": "Feature", "properties": { "PROVINCE": "COLORADO PLATEAUS" }, "geometry": { "type": "Polygon", "coordinates": [ [ [ -111.050376891999974, 39.991870880000079 ], [ -110.87024688799994, 39.912441254000044 ], [ -110.77580261199995, 39.821697236000034 ], [ -110.748130797999977, 39.745216370000037 ], [ -110.846008300999983, 39.73217773600004 ], [ -110.956336974999942, 39.664920807000044 ], [ -111.023567199999945, 39.593208314000037 ], [ -111.04624175899994, 39.273731232000046 ], [ -111.244857788, 38.907741546000068 ], [ -111.397987364999949, 38.70144653400007 ], [ -111.438140869999984, 38.583641052000075 ], [ -111.287597654999956, 38.206054688000052 ], [ -111.296104432, 38.093761443000062 ], [ -111.333480834999989, 38.012954711000077 ], [ -111.414009094999983, 38.004791259000058 ], [ -111.528694152999947, 37.926128386000073 ], [ -111.567909239999949, 37.871612550000066 ], [ -111.574829101999967, 37.804042815000059 ], [ -111.544227599999942, 37.712467194000055 ], [ -111.427200317999961, 37.596431732000042 ], [ -111.347091674999945, 37.531429291000052 ], [ -111.082992553999986, 37.37702560300005 ], [ -111.061355589999948, 37.295360564000077 ], [ -111.014480591999984, 37.251605987000062 ], [ -111.023719786999948, 37.182209015000069 ], [ -111.160583494999969, 37.037429810000049 ], [ -111.277473449999945, 36.991790771000069 ], [ -111.35089874199997, 36.909984588000043 ], [ -111.461242674999937, 36.831649780000077 ], [ -111.565841673999955, 36.78726959100004 ], [ -111.671043395999959, 36.777656555000078 ], [ -111.788513183999953, 36.77913284400006 ], [ -111.875198363999971, 36.798591613000042 ], [ -111.927001952999944, 36.876255035000042 ], [ -111.933265684999981, 37.080169677000072 ], [ -111.983238219999976, 37.146938323000029 ], [ -112.118171691999976, 37.141105652000078 ], [ -112.233505248999961, 37.109046937000073 ], [ -112.449432372, 37.043392182000048 ], [ -112.625572204999969, 36.963520050000056 ], [ -112.846275329999969, 36.999633790000075 ], [ -112.960861207, 37.060550689000024 ], [ -113.04654693599997, 37.080837250000059 ], [ -113.159576416, 37.086292266000044 ], [ -113.300354002999939, 37.05542373600008 ], [ -113.266220092999959, 37.127357482000036 ], [ -113.254196166999975, 37.331806184000072 ], [ -113.190254210999967, 37.476776123000036 ], [ -113.068557738999971, 37.648551941000051 ], [ -112.968681334999985, 37.734905242000025 ], [ -112.689476013, 38.111553192000031 ], [ -112.561233519999973, 38.364978790000066 ], [ -112.403671263999968, 38.752494811000076 ], [ -112.35018920899995, 38.830966949000072 ], [ -111.973304747999975, 39.168766022000057 ], [ -111.827407835999963, 39.374927521000075 ], [ -111.596710205999955, 39.762878418000071 ], [ -111.537117003999981, 39.715187073000038 ], [ -111.467353819999971, 39.723827363000055 ], [ -111.333267211999953, 39.816741943000068 ], [ -111.226982115999988, 39.942764283000031 ], [ -111.152297973999964, 39.965900421000072 ], [ -111.095817564999948, 39.961856843000078 ], [ -111.050376891999974, 39.991870880000079 ] ] ] } },
{ "type": "Feature", "properties": { "PROVINCE": "CENTRAL LOWLAND" }, "geometry": { "type": "Polygon", "coordinates": [ [ [ -92.911529540999936, 38.98919296400004 ], [ -93.108741760999976, 38.754772185000036 ], [ -93.367439270999967, 38.550163271000031 ], [ -93.472877500999971, 38.444538116000047 ], [ -93.523757933999946, 38.321205139000028 ], [ -93.753463746999955, 38.110042573000044 ], [ -93.995254516999978, 37.517742155000064 ], [ -94.072700501999975, 37.446022033000077 ], [ -94.198196411999959, 37.376991271000065 ], [ -94.471839905999957, 37.261402130000079 ], [ -94.569366456999944, 37.174831390000065 ], [ -94.820739744999969, 36.661392210000031 ], [ -95.030288697999936, 36.498443605000034 ], [ -95.225036620999958, 36.248416901000041 ], [ -95.269973752999988, 36.100124358000073 ], [ -95.29331207499996, 35.937095641000042 ], [ -95.475387571999988, 35.612743376000026 ], [ -95.642730713, 35.259090424000078 ], [ -95.916397096999958, 34.86127471900005 ], [ -96.096160887999986, 34.430484772000057 ], [ -96.342926025999986, 34.418800354000041 ], [ -96.537193296999988, 34.349136354000052 ], [ -96.673141480999959, 34.26140975800007 ], [ -96.826339723, 34.115871430000027 ], [ -96.909614563, 33.947689055000069 ], [ -96.977188111999965, 33.736190797000063 ], [ -97.067344664999951, 33.34835815200006 ], [ -97.139305113999967, 32.790584565000074 ], [ -97.191459656999939, 32.608535767000035 ], [ -97.501838685999985, 32.629287722000072 ], [ -97.742996214999948, 32.624809263000031 ], [ -98.203018187999987, 32.512126924000029 ], [ -98.332855223999957, 32.440265656000065 ], [ -98.367835998999965, 32.370967865000068 ], [ -98.40978241, 32.266330721000031 ], [ -98.38936615199998, 32.167201993000049 ], [ -98.434745788999976, 32.046489718000032 ], [ -98.608139039999969, 32.033134461000031 ], [ -98.934654237999951, 32.126216888000044 ], [ -99.089897157999985, 32.141330720000042 ], [ -99.535156249999943, 32.25481796400004 ], [ -99.677711485999964, 32.277462006000064 ], [ -99.950485230999959, 32.402656553000043 ], [ -100.195388793999939, 32.468685149000066 ], [ -100.65486907899998, 32.480072022000058 ], [ -100.816673277999939, 32.448005675000047 ], [ -101.053131101999952, 32.43414688200005 ], [ -101.347267150999983, 32.477088930000036 ], [ -101.433807373999969, 32.616508484000065 ], [ -101.439407347999975, 32.729957580000075 ], [ -101.260543823999967, 33.146869657000025 ], [ -101.236694334, 33.308509825000044 ], [ -101.183761598, 33.44318389700004 ], [ -101.137145995999958, 33.511993410000059 ], [ -101.03306579599996, 33.585891724000078 ], [ -100.926681519999988, 33.654983519000041 ], [ -100.703727722999986, 33.746784211000033 ], [ -100.629859924999948, 33.821048739000048 ], [ -100.62560272099995, 33.902835845000027 ], [ -100.747406006999938, 34.086483003000069 ], [ -100.83868408099994, 34.267745973000046 ], [ -100.85337829499997, 34.37774276600004 ], [ -100.791206360999979, 34.461349485000028 ], [ -100.662055968999937, 34.570983887000068 ], [ -100.316505430999939, 34.776309966000042 ], [ -100.257621764999953, 34.86438369800004 ], [ -100.157508848999953, 35.102436065000063 ], [ -100.10759735299996, 35.179000854000037 ], [ -100.020118713999977, 35.512699129000055 ], [ -100.023773191999965, 35.610279084000069 ], [ -100.048301697999989, 35.686511994000057 ], [ -100.157432553999968, 35.856586456000059 ], [ -100.188644408999949, 35.938579557000025 ], [ -100.156387327999937, 36.029525757000044 ], [ -99.879501343999948, 36.24953079200003 ], [ -99.738784788999965, 36.424198149000063 ], [ -99.682975767999949, 36.535961150000048 ], [ -99.650131223999949, 36.682407381000075 ], [ -99.223060609999948, 36.883422851000034 ], [ -99.096839902999989, 36.874542234000046 ], [ -98.754455564999944, 36.941040041000065 ], [ -98.459373475999939, 37.103652952000061 ], [ -97.944572448999963, 37.309196472000053 ], [ -97.782897950999939, 37.424118040000053 ], [ -97.713951110999972, 37.58791732800006 ], [ -97.737052914999936, 37.682247163000056 ], [ -97.786697387999936, 37.792400360000045 ], [ -98.01658630299994, 38.032356262000064 ], [ -98.013458251999964, 38.101238253000076 ], [ -97.923080443999936, 38.186862947000066 ], [ -97.791458127999988, 38.243907927000066 ], [ -97.761604306999971, 38.311363219000043 ], [ -97.748985291999986, 38.474761963000049 ], [ -97.696846005999987, 38.575969698000051 ], [ -97.530448910999951, 38.759399415000075 ], [ -97.23016357299997, 39.133499146000077 ], [ -97.179573059999939, 39.220386508000047 ], [ -97.133499146999952, 39.260143281000069 ], [ -97.168968200999984, 39.423385621000079 ], [ -97.160949708999965, 39.543464660000041 ], [ -97.183944701999962, 39.620269776000043 ], [ -97.173927306999985, 39.772357942000042 ], [ -97.156112668999981, 39.797054292000041 ], [ -96.972282407999955, 39.521217347000061 ], [ -96.804649354, 39.436248781000074 ], [ -96.633514403999982, 39.309417726000049 ], [ -96.491912839999941, 39.176052095000045 ], [ -96.391174317999969, 39.138782500000048 ], [ -96.255355834999989, 39.117221831000052 ], [ -95.967094421999946, 39.099090576000037 ], [ -95.833030698999949, 39.107475282000053 ], [ -95.707649230999948, 39.090183258000025 ], [ -95.259361267999964, 38.972423553000056 ], [ -95.146438597999975, 38.964309693000075 ], [ -94.962913513999979, 38.98051834000006 ], [ -94.510688781999988, 39.085521698000036 ], [ -93.657775877999939, 39.143562316000043 ], [ -93.50682067799994, 39.172107696000069 ], [ -93.352592466999965, 39.161029816000053 ], [ -93.163436891999936, 39.110214235000058 ], [ -92.961456299999952, 38.999446868000064 ], [ -92.911529540999936, 38.98919296400004 ] ] ] } },
{ "type": "Feature", "properties": { "PROVINCE": "COASTAL PLAIN" }, "geometry": { "type": "Polygon", "coordinates": [ [ [ -74.145904540999936, 39.684955597000055 ], [ -74.133232115999988, 39.726593018000074 ], [ -74.10285186699997, 39.761608124000077 ], [ -74.120994567999958, 39.719459534000066 ], [ -74.145904540999936, 39.684955597000055 ] ] ] } },
{ "type": "Feature", "properties": { "PROVINCE": "COLORADO PLATEAUS" }, "geometry": { "type": "Polygon", "coordinates": [ [ [ -107.473609923999959, 38.939041137000061 ], [ -107.505462646999945, 38.795181275000061 ], [ -107.511993407999967, 38.363895417000037 ], [ -107.534004210999967, 38.275802613000053 ], [ -107.890663146999941, 38.125350953000066 ], [ -107.996871946999988, 38.024856569000065 ], [ -108.041145322999967, 37.862670898000033 ], [ -108.067138670999952, 37.81880188000008 ], [ -108.015151977999949, 37.716854095000031 ], [ -108.060508726999956, 37.612209320000034 ], [ -108.049461364999956, 37.538326263000044 ], [ -108.019256591999977, 37.531093598000041 ], [ -108.122711180999943, 37.449134826000034 ], [ -108.192649839999945, 37.368274688000042 ], [ -108.394187926999962, 37.027542113000038 ], [ -108.478767395999967, 36.969184877000032 ], [ -108.621299742999952, 36.937450410000054 ], [ -108.786743163999972, 36.940082549000067 ], [ -108.981369017999953, 36.990734100000054 ], [ -109.23992919899996, 37.089103698000031 ], [ -109.366065979999973, 37.108932494000044 ], [ -109.821342467999955, 37.101184844000045 ], [ -109.953620909999984, 37.119781495000041 ], [ -110.051078795999956, 37.109966279000048 ], [ -110.744636534999984, 36.90771103000003 ], [ -110.830116271999941, 36.900165559000072 ], [ -111.048362732999976, 36.936889648000033 ], [ -111.237739563, 37.00731277400007 ], [ -111.160583496999948, 37.037429809000059 ], [ -111.023719786999948, 37.182209015000069 ], [ -111.014480590999938, 37.251605988000051 ], [ -111.061355589999948, 37.295360565000067 ], [ -111.08299255299994, 37.37702560300005 ], [ -111.347091676, 37.531429291000052 ], [ -111.427200317999961, 37.596431733000031 ], [ -111.544227600999989, 37.712467193000066 ], [ -111.574829101999967, 37.804042817000038 ], [ -111.567909239999949, 37.871612549000076 ], [ -111.528694151999957, 37.926128388000052 ], [ -111.414009092999947, 38.004791260000047 ], [ -111.333480835999978, 38.012954711000077 ], [ -111.296104430999947, 38.093761445000041 ], [ -111.287597655999946, 38.206054687000062 ], [ -111.438140867999948, 38.583641053000065 ], [ -111.397987365999938, 38.70144653400007 ], [ -111.244857788, 38.907741546000068 ], [ -111.046241759999987, 39.273731232000046 ], [ -111.023567199999945, 39.593208313000048 ], [ -110.956336975999989, 39.664920807000044 ], [ -110.846008300999983, 39.73217773500005 ], [ -110.74152374199997, 39.746101379000038 ], [ -110.550537108999947, 39.674442290000059 ], [ -110.462463379999974, 39.579490662000069 ], [ -110.390312194999979, 39.457180024000024 ], [ -110.263328552999951, 39.156311036000034 ], [ -110.178588867999963, 39.19293975800008 ], [ -110.097213744999976, 39.203647614000033 ], [ -110.042068482, 39.171165467000037 ], [ -109.893569945999957, 39.004829407000045 ], [ -109.812225341999977, 38.969142915000077 ], [ -109.758857726999963, 39.006805419000045 ], [ -109.532958983999947, 39.067810059000067 ], [ -109.520973205999951, 39.116882325000063 ], [ -109.201164244999973, 39.262191772000051 ], [ -109.095275879999974, 39.276374816000043 ], [ -108.98780822699996, 39.317718506000062 ], [ -108.813011169, 39.319576264000034 ], [ -108.65964508199994, 39.29990005600007 ], [ -108.457595823999952, 39.22419738800005 ], [ -108.110183716999984, 38.975444794000055 ], [ -107.917198182, 38.960098267000035 ], [ -107.673843383999952, 38.966602326000043 ], [ -107.473609923999959, 38.939041137000061 ] ] ] } },
{ "type": "Feature", "properties": { "PROVINCE": "COASTAL PLAIN" }, "geometry": { "type": "Polygon", "coordinates": [ [ [ -76.031318664999958, 39.570453644000054 ], [ -75.992683410999973, 39.583133697000051 ], [ -75.955337523999958, 39.595424652000077 ], [ -76.000137328999983, 39.565597534000062 ], [ -76.00302886999998, 39.541149140000073 ], [ -76.027305602999945, 39.550048828000058 ], [ -76.031318664999958, 39.570453644000054 ] ] ] } },
{ "type": "Feature", "properties": { "PROVINCE": "COASTAL PLAIN" }, "geometry": { "type": "Polygon", "coordinates": [ [ [ -77.19784545899995, 38.62395858800005 ], [ -77.124877929999968, 38.770771026000034 ], [ -76.986511229999962, 38.96424102800006 ], [ -76.614555358999951, 39.318641662000061 ], [ -76.347457885999972, 39.456031800000062 ], [ -76.055168151999965, 39.562622071000078 ], [ -76.044609069999979, 39.550251007000043 ], [ -76.07817840499996, 39.542476654000041 ], [ -76.117172240999935, 39.499843597000051 ], [ -76.131904601999963, 39.50907516500007 ], [ -76.096862792999957, 39.471057892000033 ], [ -76.102401733999955, 39.431224823000036 ], [ -76.160026549999941, 39.40737533600003 ], [ -76.176574706999986, 39.381710052000074 ], [ -76.183486938999977, 39.39447784400005 ], [ -76.222190856999987, 39.393974304000039 ], [ -76.229057311999952, 39.409908295000037 ], [ -76.228919982999969, 39.38361358700007 ], [ -76.185455322999985, 39.384071351000046 ], [ -76.224769591999973, 39.348667144000046 ], [ -76.254074096999943, 39.374801636000029 ], [ -76.221534727999938, 39.431137085000046 ], [ -76.23440551799996, 39.444416046000072 ], [ -76.222038268999938, 39.470130921000077 ], [ -76.285667418999935, 39.442657471000075 ], [ -76.254646301999969, 39.445072174000074 ], [ -76.25074768099995, 39.429618835000042 ], [ -76.277465819999975, 39.399059296000075 ], [ -76.283348083999954, 39.368289947000051 ], [ -76.260047912999937, 39.338596343000063 ], [ -76.286224364999953, 39.30303955100004 ], [ -76.298439024999936, 39.355289459000062 ], [ -76.32157897899998, 39.359588623000036 ], [ -76.303657530999942, 39.36349868800005 ], [ -76.30743408099994, 39.387107849000074 ], [ -76.409286497999972, 39.383052826000039 ], [ -76.376747131999934, 39.370525360000045 ], [ -76.340744018999942, 39.378425598000035 ], [ -76.329704284999934, 39.335186005000025 ], [ -76.355049132999966, 39.349929809000059 ], [ -76.374237059999984, 39.340129852000075 ], [ -76.318153380999945, 39.314224244000059 ], [ -76.337928771999941, 39.304439544000047 ], [ -76.353683471999943, 39.323623658000031 ], [ -76.386955260999969, 39.325737 ], [ -76.368110655999942, 39.313781739000035 ], [ -76.378433227999949, 39.299823761000027 ], [ -76.398956297999973, 39.31904602000003 ], [ -76.438232421999942, 39.31711959900008 ], [ -76.402839660999973, 39.29822540300006 ], [ -76.412582397999984, 39.28290176400003 ], [ -76.380958556999985, 39.29032516500007 ], [ -76.404220580999947, 39.246109009000065 ], [ -76.434394835999967, 39.254531860000043 ], [ -76.432746886999951, 39.285793304000038 ], [ -76.493713378999985, 39.30443573000008 ], [ -76.457221985, 39.278747558000077 ], [ -76.439353942999958, 39.240520477000075 ], [ -76.397171020999963, 39.240608215000066 ], [ -76.399787902999947, 39.224765778000062 ], [ -76.443511962999935, 39.199760437000066 ], [ -76.445579528999986, 39.220626831000061 ], [ -76.495002745999955, 39.211517334000064 ], [ -76.468849181999985, 39.254817962000061 ], [ -76.49593353299997, 39.230110169000056 ], [ -76.606895446999943, 39.287162781000063 ], [ -76.589309692999961, 39.267543793000073 ], [ -76.61883544899996, 39.256965638000054 ], [ -76.61457824699994, 39.242340087000059 ], [ -76.586601256999984, 39.247127533000025 ], [ -76.564819335999971, 39.231552124000075 ], [ -76.583442687999934, 39.214920044000053 ], [ -76.576667785999973, 39.198230743000067 ], [ -76.607017516999974, 39.18109512400008 ], [ -76.58684539799998, 39.180496216000051 ], [ -76.594825743999934, 39.158798218000072 ], [ -76.563484191999976, 39.196640014000025 ], [ -76.568572997, 39.216621399000076 ], [ -76.532936095999958, 39.216804504000038 ], [ -76.516220092999959, 39.179504394000048 ], [ -76.54866790799997, 39.149387359000059 ], [ -76.519531249999943, 39.154148101000033 ], [ -76.509201048999955, 39.17174148600003 ], [ -76.510185240999988, 39.143192291000048 ], [ -76.469451903999982, 39.170513154000048 ], [ -76.439086913999972, 39.136714935000043 ], [ -76.469322204999969, 39.138332367000032 ], [ -76.453475951999962, 39.126415252000072 ], [ -76.48140716599994, 39.122112274000074 ], [ -76.445396423999966, 39.110935211000026 ], [ -76.427261352999949, 39.133895874000075 ], [ -76.416145324999945, 39.083938599000078 ], [ -76.425971985999979, 39.060905456000057 ], [ -76.440872191999972, 39.095485688000053 ], [ -76.495651244999976, 39.078712463000045 ], [ -76.527336119999973, 39.102989196000067 ], [ -76.527000427999951, 39.083496093000065 ], [ -76.491241454999965, 39.054653168000073 ], [ -76.479850768999938, 39.064079284000059 ], [ -76.455039978999935, 39.058433533000027 ], [ -76.461746215999938, 39.045345306000058 ], [ -76.427330016999974, 39.04913330100004 ], [ -76.388801574999945, 39.011627198000042 ], [ -76.420402526999965, 38.996948243000077 ], [ -76.411788939999951, 39.018627167000034 ], [ -76.427375793999943, 39.006072998000036 ], [ -76.441421508999952, 39.01752471900005 ], [ -76.438133239999956, 38.999366760000044 ], [ -76.464653015999943, 39.008201599000074 ], [ -76.449615478999988, 38.983142853000061 ], [ -76.477943419999974, 38.989273071000071 ], [ -76.543258666999975, 39.064582825000059 ], [ -76.608848571999943, 39.080028534000064 ], [ -76.562294005999945, 39.059288025000058 ], [ -76.57086181699998, 39.037597657000049 ], [ -76.530128478999984, 39.026863098000035 ], [ -76.464324950999981, 38.947460174000071 ], [ -76.443595885999969, 38.949100495000039 ], [ -76.461357115999988, 38.906642914000031 ], [ -76.481079100999978, 38.934455872000058 ], [ -76.500686645999963, 38.927818298000034 ], [ -76.526473998999961, 38.94569778400006 ], [ -76.522117613999967, 38.961528778000059 ], [ -76.597785949999945, 38.96844863900003 ], [ -76.576820372999975, 38.941551209000068 ], [ -76.548294067999961, 38.951305390000073 ], [ -76.544464110999968, 38.927707672000054 ], [ -76.528404235999972, 38.934379578000062 ], [ -76.490829466999969, 38.913688660000048 ], [ -76.504928588999974, 38.877086639000026 ], [ -76.531196594999983, 38.902221679000036 ], [ -76.546836852999945, 38.881496430000027 ], [ -76.521949767999956, 38.885833740000066 ], [ -76.518562316999976, 38.874023438000052 ], [ -76.545799254999963, 38.825737 ], [ -76.519714354999962, 38.832782745000031 ], [ -76.521217345999958, 38.852737426000033 ], [ -76.502449034999984, 38.842166900000052 ], [ -76.495773314999951, 38.855255126000031 ], [ -76.48886108399995, 38.842056275000061 ], [ -76.50839233399995, 38.796432495000033 ], [ -76.56357574499998, 38.774654388000044 ], [ -76.547607421999942, 38.731929779000041 ], [ -76.522872924999945, 38.729015351000044 ], [ -76.508567809999988, 38.522220612000069 ], [ -76.482200621999937, 38.47260284400005 ], [ -76.379463195999961, 38.38649749800004 ], [ -76.382766723999964, 38.362503052000079 ], [ -76.420379638999975, 38.319782258000032 ], [ -76.441390991999981, 38.327217102000077 ], [ -76.441741942999954, 38.343086243000073 ], [ -76.457969664999951, 38.316028594000045 ], [ -76.464881896999941, 38.366847992000032 ], [ -76.486404419999985, 38.381080627000074 ], [ -76.48387908899997, 38.435901642000033 ], [ -76.500991820999957, 38.38754272400007 ], [ -76.513610839999956, 38.40985488900003 ], [ -76.550697326999966, 38.403350830000079 ], [ -76.546966551999958, 38.419635773000039 ], [ -76.599647521999941, 38.434535980000078 ], [ -76.592117309999935, 38.473461151000038 ], [ -76.604194640999935, 38.446807861000025 ], [ -76.631034850999981, 38.463317871000072 ], [ -76.646934508999948, 38.450546264000025 ], [ -76.628631591999977, 38.417976379000038 ], [ -76.514144897999984, 38.369972228000051 ], [ -76.498535155999946, 38.352622986000029 ], [ -76.523887633999948, 38.343765259000065 ], [ -76.482139586999949, 38.325454712000067 ], [ -76.465896606999934, 38.294792175000055 ], [ -76.42900085499997, 38.291755676000037 ], [ -76.396598815999937, 38.301441192000027 ], [ -76.398757934999935, 38.31415176400003 ], [ -76.369071960999975, 38.298923493000075 ], [ -76.389724730999944, 38.251972198000033 ], [ -76.318710326999962, 38.148418426000035 ], [ -76.326141356999983, 38.122653961000026 ], [ -76.350921630999949, 38.146911621000072 ], [ -76.353080749999947, 38.121097565000071 ], [ -76.349266052999951, 38.103382110000041 ], [ -76.330978393999942, 38.113182068000071 ], [ -76.315803527999947, 38.038246155000024 ], [ -76.402969359999986, 38.110671997000054 ], [ -76.409080504999963, 38.132484435000038 ], [ -76.416511535999973, 38.104450225000051 ], [ -76.435745238999971, 38.149944305000076 ], [ -76.403289794999978, 38.167335510000044 ], [ -76.43609619199998, 38.165809631000059 ], [ -76.429931640999939, 38.187515258000076 ], [ -76.471031188999973, 38.221408844000052 ], [ -76.451019286999951, 38.186790467000037 ], [ -76.439262389999953, 38.18986129700005 ], [ -76.458282470999961, 38.170082093000076 ], [ -76.448493957999972, 38.158664703000056 ], [ -76.473579406999988, 38.164318084000058 ], [ -76.462928771999941, 38.131141663000051 ], [ -76.521476745999962, 38.172412873000042 ], [ -76.49273681699998, 38.133655549000025 ], [ -76.525466918999939, 38.136638641000047 ], [ -76.541252136999958, 38.18254470800008 ], [ -76.570243835999975, 38.204975128000058 ], [ -76.680007934999935, 38.236579895000034 ], [ -76.626892089999956, 38.268390656000065 ], [ -76.643608092999955, 38.292530059000057 ], [ -76.660949706999986, 38.263191223000035 ], [ -76.68895721399997, 38.275165558000026 ], [ -76.714607238999974, 38.233181 ], [ -76.700088500999982, 38.275238037000065 ], [ -76.720161437999934, 38.317520142000035 ], [ -76.717788696999946, 38.264926911000032 ], [ -76.739425658999949, 38.269596100000058 ], [ -76.72678375299995, 38.245948792000036 ], [ -76.756675719999976, 38.244773864000024 ], [ -76.751602172999981, 38.225254059000065 ], [ -76.771461485999964, 38.231262207000043 ], [ -76.831420897999976, 38.338115692000031 ], [ -76.798965453999983, 38.357425689000024 ], [ -76.833610534999934, 38.355350494000049 ], [ -76.83403778099995, 38.373481751000043 ], [ -76.863059996999937, 38.391841888000044 ], [ -76.902023314999951, 38.38652038500004 ], [ -76.861709594999979, 38.364109039000027 ], [ -76.876037596999936, 38.335174561000031 ], [ -76.851501464999956, 38.322772980000025 ], [ -76.848869323999963, 38.289260864000028 ], [ -76.826843260999965, 38.277427673000034 ], [ -76.924468993999938, 38.294170380000025 ], [ -76.918479919999982, 38.31000137400008 ], [ -76.893936156999985, 38.29946136500007 ], [ -76.937583923999966, 38.343177796000077 ], [ -76.951164244999973, 38.331455231000064 ], [ -76.978073119999976, 38.342903138000054 ], [ -76.981872558999953, 38.386882782000043 ], [ -77.025474548999966, 38.453227997000056 ], [ -77.018135070999961, 38.497615814000028 ], [ -77.053695678999986, 38.451519013000052 ], [ -77.040229796999938, 38.443313599000078 ], [ -77.086845396999934, 38.408580780000079 ], [ -77.108589172999984, 38.405929565000065 ], [ -77.094810485999972, 38.455287933000079 ], [ -77.141212462999988, 38.460414886000081 ], [ -77.147148131999984, 38.448196411000026 ], [ -77.116043090999938, 38.440399169000045 ], [ -77.142745971999943, 38.386547088000043 ], [ -77.210945129999971, 38.361347199000079 ], [ -77.25253295899995, 38.388175964000027 ], [ -77.268539428999986, 38.498142242000029 ], [ -77.218460083999958, 38.546276092000028 ], [ -77.241233825999984, 38.540161133000026 ], [ -77.230651855999952, 38.557632446000071 ], [ -77.125259399999948, 38.591804504000038 ], [ -77.138755797999977, 38.600910187000068 ], [ -77.204238891999978, 38.571170807000044 ], [ -77.181709289999958, 38.607826233000026 ], [ -77.117431640999939, 38.624412536000079 ], [ -77.110221862999936, 38.651584625000055 ], [ -77.158554076999962, 38.649005890000069 ], [ -77.162757873999965, 38.631340027000078 ], [ -77.19784545899995, 38.62395858800005 ] ] ] } },
{ "type": "Feature", "properties": { "PROVINCE": "COASTAL PLAIN" }, "geometry": { "type": "Polygon", "coordinates": [ [ [ -74.302711486999954, 39.467498779000039 ], [ -74.308769225999981, 39.451782226000034 ], [ -74.330902098999957, 39.450080872000058 ], [ -74.345840453999983, 39.408275604000039 ], [ -74.406745909999984, 39.377147674000071 ], [ -74.420593260999965, 39.401527405000024 ], [ -74.377777099999946, 39.413616181000066 ], [ -74.373329162999937, 39.47518539500004 ], [ -74.330665587999988, 39.48272705100004 ], [ -74.302711486999954, 39.467498779000039 ] ] ] } },
{ "type": "Feature", "properties": { "PROVINCE": "COASTAL PLAIN" }, "geometry": { "type": "Polygon", "coordinates": [ [ [ -76.060226439999951, 39.455226898000035 ], [ -76.081382751999968, 39.439601899000024 ], [ -76.091957091999973, 39.447429657000043 ], [ -76.087112426999965, 39.481830597000055 ], [ -76.060226439999951, 39.455226898000035 ] ] ] } },
{ "type": "Feature", "properties": { "PROVINCE": "COASTAL PLAIN" }, "geometry": { "type": "Polygon", "coordinates": [ [ [ -74.43472289999994, 39.43362045300006 ], [ -74.428581237999936, 39.409885407000047 ], [ -74.45034789999994, 39.402256012000066 ], [ -74.43472289999994, 39.43362045300006 ] ] ] } },
{ "type": "Feature", "properties": { "PROVINCE": "INTERIOR LOW PLATEAUS" }, "geometry": { "type": "Polygon", "coordinates": [ [ [ -89.313362121999944, 37.594921113000055 ], [ -88.969764707999957, 37.577510833000076 ], [ -88.645034788999965, 37.673332215000073 ], [ -88.47731018099995, 37.702953339000032 ], [ -88.337570191999987, 37.769493102000069 ], [ -88.242851256999984, 37.882293701000037 ], [ -88.137809753999989, 37.976676939000072 ], [ -87.890396117999956, 38.064888001000043 ], [ -87.748359680999954, 38.138488770000038 ], [ -87.613304136999943, 38.21883392400008 ], [ -87.370483398999966, 38.413188934000061 ], [ -87.081260679999957, 38.545661926000037 ], [ -87.020027159999984, 38.747940064000034 ], [ -86.951614379999967, 38.866596223000045 ], [ -86.833198547999984, 38.971321106000062 ], [ -86.809288024999944, 39.036266328000067 ], [ -86.594703674999948, 39.239261627000076 ], [ -86.464469908999945, 39.31700515700004 ], [ -86.284812927999951, 39.321491242000036 ], [ -86.127784729999973, 39.300682069000061 ], [ -85.987403869, 39.25412368700006 ], [ -85.931076049999945, 39.189823151000041 ], [ -85.85638427799995, 38.889354707000052 ], [ -85.885223388999975, 38.785247803000061 ], [ -85.876182554999957, 38.698295594000058 ], [ -85.835571288999972, 38.536632538000049 ], [ -85.744010925999987, 38.364284516000055 ], [ -85.859848021999937, 38.248783112000069 ], [ -85.887092590999941, 38.205112458000031 ], [ -85.898452758999952, 38.131259919000058 ], [ -85.854614258999959, 38.096858979000046 ], [ -85.682044982999969, 38.113998413000047 ], [ -85.615074156999981, 38.058193207000045 ], [ -85.616622924999945, 37.800189973000045 ], [ -85.55350494299995, 37.711868286000026 ], [ -85.472640990999935, 37.63976669300007 ], [ -85.283012389999953, 37.565544127000067 ], [ -85.048156738999978, 37.621891021000067 ], [ -84.844833373999961, 37.620468139000025 ], [ -84.618766782999955, 37.524017335000053 ], [ -84.235061644999973, 37.566406250000057 ], [ -84.251571653999974, 37.471115114000042 ], [ -84.344841003999989, 37.401458739000077 ], [ -84.321884154999964, 37.357662201000039 ], [ -84.355278013999964, 37.316635132000044 ], [ -84.384353637999936, 37.229007720000027 ], [ -84.352218626999957, 37.131759644000056 ], [ -84.356018066, 37.025577546000079 ], [ -84.396041870999966, 36.967735292000043 ], [ -84.473953247999987, 36.972698212000068 ], [ -84.500137328999983, 36.92450714000006 ], [ -84.567825317999961, 36.893341064000026 ], [ -84.735885620999966, 36.913776398000039 ], [ -84.78325652999996, 36.770599366000056 ], [ -84.856620787999987, 36.739826203000064 ], [ -84.907814026999972, 36.759304045000079 ], [ -85.029632568999943, 36.752376555000069 ], [ -85.058555603999935, 36.696350099000028 ], [ -85.065299988999982, 36.537860869000042 ], [ -85.096679687999938, 36.490249634000065 ], [ -85.330497742999967, 36.310691834000068 ], [ -85.361701965999941, 36.22296142700003 ], [ -85.401390075999984, 35.997566224000025 ], [ -85.390327453999987, 35.897830962000057 ], [ -85.414146423999966, 35.817344665000064 ], [ -85.509963988999971, 35.637035369000046 ], [ -85.817298889999961, 35.339279174000069 ], [ -86.222610472999975, 35.038085936000073 ], [ -86.265625, 34.96541976900005 ], [ -86.322769164999954, 34.784084320000034 ], [ -86.473228454999969, 34.695117951000043 ], [ -86.461563110999975, 34.55715942300003 ], [ -86.484375, 34.516105652000078 ], [ -86.647758483999951, 34.442306517000077 ], [ -86.714736939999966, 34.436740875000055 ], [ -86.776458740999942, 34.457794190000072 ], [ -86.852508543999988, 34.441753387000063 ], [ -86.945472716999973, 34.398368835000042 ], [ -87.060226439999951, 34.399677277000023 ], [ -87.645675659999938, 34.595256806000066 ], [ -87.74081420899995, 34.616786956000055 ], [ -87.849746705999962, 34.608936310000047 ], [ -87.874916076999966, 34.674636841000051 ], [ -88.194030761999954, 35.012191772000051 ], [ -88.311408998, 35.160995484000068 ], [ -88.346214294999982, 35.294319152000071 ], [ -88.23654937699996, 35.398193359000061 ], [ -88.200675964999959, 35.473800660000052 ], [ -88.089813230999937, 35.566261291000046 ], [ -88.075607301, 35.640213012000061 ], [ -88.118247985999972, 35.718326570000045 ], [ -88.072151183999949, 35.846755981000058 ], [ -88.055824279999968, 36.388732910000044 ], [ -88.141563416999986, 36.701503753000054 ], [ -88.262435911999944, 36.940223693000064 ], [ -88.477127076999977, 37.191993714000034 ], [ -88.586181641999985, 37.26199340800008 ], [ -88.714790343999937, 37.302928924000071 ], [ -88.833450317999961, 37.26958084000006 ], [ -88.971946714999945, 37.275779724000074 ], [ -89.056205749999947, 37.298992158000033 ], [ -89.211975097999982, 37.26004028300008 ], [ -89.359115599999939, 37.552028656000061 ], [ -89.426513671999942, 37.59848022400007 ], [ -89.313362121999944, 37.594921113000055 ] ], [ [ -85.705215454999973, 36.317611695000039 ], [ -85.929382324999949, 36.38453674200008 ], [ -86.169868468999937, 36.493968965000079 ], [ -86.268936157999974, 36.501232147000053 ], [ -86.440658568999936, 36.46061325200003 ], [ -86.582015989999945, 36.450599671000077 ], [ -86.782951354999966, 36.371418001000052 ], [ -86.859786987999939, 36.314865112000064 ], [ -86.869682310999963, 36.239173889000028 ], [ -86.797630310999978, 35.98287201100004 ], [ -86.860755918999985, 35.940349579000042 ], [ -86.937240599999939, 35.820312499000067 ], [ -87.100593566999976, 35.738563538000051 ], [ -87.157653807999964, 35.693782808000037 ], [ -87.176445006999984, 35.606018067000036 ], [ -87.136909485, 35.574131011000077 ], [ -86.982406614999945, 35.545581818000073 ], [ -86.717559813999969, 35.392856596000058 ], [ -86.541358947999981, 35.382678985000041 ], [ -86.351600646999941, 35.430000306000068 ], [ -86.259864807999975, 35.480892183000037 ], [ -86.181488035999962, 35.548824310000043 ], [ -86.039154053999937, 35.862567901000034 ], [ -85.934791563999966, 36.025093079000044 ], [ -85.856323240999984, 36.100715638000054 ], [ -85.707115173999966, 36.195175172000063 ], [ -85.667579651999972, 36.247211456000059 ], [ -85.705215454999973, 36.317611695000039 ] ] ] } },
{ "type": "Feature", "properties": { "PROVINCE": "COASTAL PLAIN" }, "geometry": { "type": "Polygon", "coordinates": [ [ [ -74.647689819999982, 39.229198456000063 ], [ -74.607002257999966, 39.283088684000063 ], [ -74.558403014999953, 39.293743134000067 ], [ -74.556243895999955, 39.273738861000027 ], [ -74.667213439999955, 39.203300476000038 ], [ -74.647689819999982, 39.229198456000063 ] ] ] } },
{ "type": "Feature", "properties": { "PROVINCE": "COASTAL PLAIN" }, "geometry": { "type": "Polygon", "coordinates": [ [ [ -74.672042846999943, 39.170761109000068 ], [ -74.714958190999937, 39.120033264000028 ], [ -74.702484130999949, 39.166461944000048 ], [ -74.663215636999951, 39.199127197000053 ], [ -74.652854918999935, 39.190731048000032 ], [ -74.672042846999943, 39.170761109000068 ] ] ] } },
{ "type": "Feature", "properties": { "PROVINCE": "INTERIOR LOW PLATEAUS" }, "geometry": { "type": "Polygon", "coordinates": [ [ [ -85.744010924999941, 38.364284515000065 ], [ -85.677551269999981, 38.338298798000039 ], [ -85.648338316999968, 38.380126953000058 ], [ -85.625015258999952, 38.475116730000025 ], [ -85.554122924999945, 38.519287109000061 ], [ -85.506721495999955, 38.583232880000025 ], [ -85.499038696999946, 38.745063781000056 ], [ -85.427818298999966, 38.763610840000069 ], [ -85.186119079999969, 38.725330353000061 ], [ -84.978874207, 38.764972687000068 ], [ -84.860488891999978, 38.827751160000048 ], [ -84.877639769999973, 38.896438599000078 ], [ -84.923072815999944, 38.969608307000044 ], [ -84.928985595999961, 39.043521881000061 ], [ -84.806190489999949, 39.128074646000073 ], [ -84.690986633999955, 39.120876313000053 ], [ -84.638809204999973, 39.086734772000057 ], [ -84.412223815999937, 39.097801209000068 ], [ -84.348907470999961, 39.079872131000059 ], [ -84.143203735999975, 38.920673370000031 ], [ -84.053054808999946, 38.869411469000056 ], [ -83.952850340999987, 38.850444793000065 ], [ -83.863410948999956, 38.851676940000061 ], [ -83.624618529999964, 38.939498902000025 ], [ -83.314002990999938, 39.12104034400005 ], [ -83.299873351999963, 39.09008407500005 ], [ -83.271308898999962, 38.977840424000078 ], [ -83.25714874199997, 38.820957184000065 ], [ -83.372177123999961, 38.65605163500004 ], [ -83.505233763999968, 38.512165069000048 ], [ -83.560844421999946, 38.316410065000071 ], [ -83.505050658999949, 38.208274841000048 ], [ -83.507804870999962, 38.160873413000047 ], [ -83.663780211999949, 38.040050507000046 ], [ -83.670982360999972, 37.989955902000077 ], [ -83.744979857999965, 37.955265046000079 ], [ -83.751518249999947, 37.908264161000034 ], [ -83.730560301999958, 37.866168975000051 ], [ -83.806632994999973, 37.807796478000057 ], [ -83.902336120999962, 37.68471908600003 ], [ -84.100921631999938, 37.599731445000032 ], [ -84.322799681999982, 37.55347824100005 ], [ -84.618766784999934, 37.524017334000064 ], [ -84.844833373999961, 37.620468139000025 ], [ -85.048156737999989, 37.621891022000057 ], [ -85.283012390999943, 37.565544129000045 ], [ -85.472640990999935, 37.63976669300007 ], [ -85.55350494399994, 37.711868286000026 ], [ -85.616622924999945, 37.800189973000045 ], [ -85.615074156999981, 38.058193207000045 ], [ -85.682044983999958, 38.113998413000047 ], [ -85.85461425799997, 38.096858978000057 ], [ -85.898452758999952, 38.131259919000058 ], [ -85.887092589999952, 38.205112457000041 ], [ -85.859848021999937, 38.24878311100008 ], [ -85.744010924999941, 38.364284515000065 ] ] ] } },
{ "type": "Feature", "properties": { "PROVINCE": "COASTAL PLAIN" }, "geometry": { "type": "Polygon", "coordinates": [ [ [ -74.706253051999965, 39.099433899000076 ], [ -74.774215697999978, 39.027030945000035 ], [ -74.752655029999971, 39.06464767500006 ], [ -74.759056090999934, 39.099246979000043 ], [ -74.712356566999972, 39.110454560000051 ], [ -74.706253051999965, 39.099433899000076 ] ] ] } },
{ "type": "Feature", "properties": { "PROVINCE": "COASTAL PLAIN" }, "geometry": { "type": "Polygon", "coordinates": [ [ [ -76.292800902999943, 38.907836914000029 ], [ -76.306663513999979, 38.928367614000081 ], [ -76.294181823999963, 38.967681885000047 ], [ -76.338745116999974, 38.956775665000066 ], [ -76.314132690999941, 38.942035675000056 ], [ -76.322303771999941, 38.912200927000072 ], [ -76.342224120999958, 38.924171448000038 ], [ -76.32939147999997, 38.876007080000079 ], [ -76.372482299999945, 38.841503143000068 ], [ -76.356475829999965, 38.958301544000051 ], [ -76.299484252999946, 39.040710450000063 ], [ -76.284858702999941, 38.994335174000071 ], [ -76.247825621999937, 38.979007721000073 ], [ -76.265983581999933, 38.955165863000047 ], [ -76.249465941999972, 38.952281952000078 ], [ -76.246406554999965, 38.923694610000041 ], [ -76.261215209999989, 38.922485351000034 ], [ -76.273185729999966, 38.949344635000045 ], [ -76.292800902999943, 38.907836914000029 ] ] ] } },
{ "type": "Feature", "properties": { "PROVINCE": "COASTAL PLAIN" }, "geometry": { "type": "Polygon", "coordinates": [ [ [ -74.871513366999977, 38.990951538000047 ], [ -74.871131896999941, 39.001461029000041 ], [ -74.817428587999984, 39.020900726000036 ], [ -74.821258544999978, 38.988605499000073 ], [ -74.825736998999957, 39.01182556200007 ], [ -74.871513366999977, 38.990951538000047 ] ] ] } },
{ "type": "Feature", "properties": { "PROVINCE": "COASTAL PLAIN" }, "geometry": { "type": "Polygon", "coordinates": [ [ [ -74.828613280999946, 38.985847473000035 ], [ -74.817428587999984, 39.020900726000036 ], [ -74.794174193999936, 39.016132355000025 ], [ -74.790763854999966, 38.99655914300007 ], [ -74.863632201999962, 38.946891784000059 ], [ -74.868087768999942, 38.971019745000035 ], [ -74.828613280999946, 38.985847473000035 ] ] ] } },
{ "type": "Feature", "properties": { "PROVINCE": "COASTAL PLAIN" }, "geometry": { "type": "Polygon", "coordinates": [ [ [ -74.871513366999977, 38.990951538000047 ], [ -74.825736998999957, 39.01182556200007 ], [ -74.828613280999946, 38.985847473000035 ], [ -74.871513366999977, 38.990951538000047 ] ] ] } },
{ "type": "Feature", "properties": { "PROVINCE": "OZARK PLATEAUS" }, "geometry": { "type": "Polygon", "coordinates": [ [ [ -90.444236755999952, 38.445701598000028 ], [ -90.436927794999974, 38.350158692000036 ], [ -90.403366088999974, 38.269962312000075 ], [ -90.343460081999979, 38.210647583000025 ], [ -90.250511169999982, 38.135044098000037 ], [ -90.11633300699998, 38.066577912000071 ], [ -89.763732909999987, 37.801048278000053 ], [ -89.54387664799998, 37.686782838000056 ], [ -89.359115598999949, 37.55202865800004 ], [ -89.211975097999982, 37.26004028300008 ], [ -89.332206724999935, 37.203617096000073 ], [ -89.421218870999951, 37.199718476000044 ], [ -89.465461729999959, 37.280807494000044 ], [ -89.521606446999954, 37.324279786000034 ], [ -89.60335540799997, 37.313396452000063 ], [ -89.698356626999953, 37.290485381000053 ], [ -90.033226013, 37.12730407500004 ], [ -90.169097901999976, 37.033870696000065 ], [ -90.422210692999954, 36.824256898000044 ], [ -90.67154693699996, 36.569087984000078 ], [ -90.878654478999977, 36.296810150000056 ], [ -90.999717711999949, 36.170177459000058 ], [ -91.237373352999953, 35.797939301000042 ], [ -91.311065672999973, 35.734252929000036 ], [ -91.397926329999962, 35.612560271000063 ], [ -91.487442016999978, 35.608360291000054 ], [ -91.609596253999939, 35.696689604000028 ], [ -91.746681214999967, 35.741092682000044 ], [ -91.896995543999935, 35.827495576000047 ], [ -92.402465821999954, 35.930923461000077 ], [ -92.715324402999954, 35.958389283000031 ], [ -92.816207884999983, 35.987422944000059 ], [ -93.047157288999983, 36.12332916400004 ], [ -93.385002137999948, 36.264980317000038 ], [ -93.47285461499996, 36.261341095000034 ], [ -93.575828552999951, 36.221080780000079 ], [ -93.753021239999953, 36.10909652600003 ], [ -94.054595946999939, 36.094379424000067 ], [ -94.278526307999982, 35.973136903000068 ], [ -94.386283875999936, 35.884197235000045 ], [ -94.508811949999938, 35.817913056000066 ], [ -94.884414672, 35.714496613000051 ], [ -94.916725156999973, 35.690586091000057 ], [ -95.358558654999968, 35.816356658000075 ], [ -95.293312072, 35.937095642000031 ], [ -95.269973756999946, 36.100124358000073 ], [ -95.225036619999969, 36.248416901000041 ], [ -95.030288697999936, 36.498443604000045 ], [ -94.820739744999969, 36.661392213000056 ], [ -94.569366455999955, 37.174831390000065 ], [ -94.471839903999978, 37.261402129000032 ], [ -94.198196411999959, 37.376991271000065 ], [ -94.072700499999939, 37.446022033000077 ], [ -93.995254516999978, 37.517742156000054 ], [ -93.753463744999976, 38.110042572000054 ], [ -93.523757935999981, 38.321205139000028 ], [ -93.472877500999971, 38.444538117000036 ], [ -93.367439269999977, 38.550163270000041 ], [ -93.10874175899994, 38.754772186000025 ], [ -92.911529539999947, 38.98919296300005 ], [ -92.773330689999966, 38.976848601000029 ], [ -92.655158998, 38.990142822000053 ], [ -92.370971678999979, 38.832130431000053 ], [ -92.144676207999964, 38.775028228000053 ], [ -92.02510833599996, 38.781242371000076 ], [ -91.559158323999952, 38.856605529000035 ], [ -90.879684449999957, 38.719314575000055 ], [ -90.627067565999937, 38.718711852000069 ], [ -90.565490720999946, 38.64981079000006 ], [ -90.444236755999952, 38.445701598000028 ] ] ] } },
{ "type": "Feature", "properties": { "PROVINCE": "COASTAL PLAIN" }, "geometry": { "type": "Polygon", "coordinates": [ [ [ -74.873718260999965, 38.946197510000047 ], [ -74.973770140999989, 38.928325653000059 ], [ -74.966499328999987, 38.967170715000066 ], [ -74.873718260999965, 38.946197510000047 ] ] ] } },
{ "type": "Feature", "properties": { "PROVINCE": "COASTAL PLAIN" }, "geometry": { "type": "Polygon", "coordinates": [ [ [ -76.172241210999971, 38.871250152000073 ], [ -76.183868408999956, 38.881797791000054 ], [ -76.165168761999951, 38.902446747000056 ], [ -76.113342284999987, 38.891002655000079 ], [ -76.172241210999971, 38.871250152000073 ] ] ] } },
{ "type": "Feature", "properties": { "PROVINCE": "COASTAL PLAIN" }, "geometry": { "type": "Polygon", "coordinates": [ [ [ -76.27506256099997, 38.786518097000055 ], [ -76.286163329999965, 38.809413910000046 ], [ -76.262069701999962, 38.802375794000056 ], [ -76.27506256099997, 38.786518097000055 ] ] ] } },
{ "type": "Feature", "properties": { "PROVINCE": "PIEDMONT" }, "geometry": { "type": "Polygon", "coordinates": [ [ [ -77.230651854999962, 38.557632446000071 ], [ -77.235481261999951, 38.557643891000055 ], [ -77.318206787999941, 38.427814484000066 ], [ -77.324600219999979, 38.448123932000044 ], [ -77.277908324999942, 38.538242340000068 ], [ -77.301963805999947, 38.564113617000032 ], [ -77.281402587999935, 38.550029754000036 ], [ -77.256057738999971, 38.563575744000048 ], [ -77.268333434999988, 38.589435577000074 ], [ -77.247123717999955, 38.594379425000056 ], [ -77.259445189999951, 38.608001709000064 ], [ -77.226638793999939, 38.64738845800008 ], [ -77.236297607999973, 38.657356262000064 ], [ -77.194442748999961, 38.660884857000042 ], [ -77.230651854999962, 38.557632446000071 ] ] ] } },
{ "type": "Feature", "properties": { "PROVINCE": "COASTAL PLAIN" }, "geometry": { "type": "Polygon", "coordinates": [ [ [ -77.230651854999962, 38.557632446000071 ], [ -77.19784545899995, 38.62395858800005 ], [ -77.162757873999965, 38.631340027000078 ], [ -77.158554076999962, 38.649005890000069 ], [ -77.110221862999936, 38.651584625000055 ], [ -77.117431640999939, 38.624412537000069 ], [ -77.181709289999958, 38.607826233000026 ], [ -77.204238891999978, 38.571170807000044 ], [ -77.138755797999977, 38.600910187000068 ], [ -77.125259398999958, 38.591804505000027 ], [ -77.230651854999962, 38.557632446000071 ] ] ] } },
{ "type": "Feature", "properties": { "PROVINCE": "COASTAL PLAIN" }, "geometry": { "type": "Polygon", "coordinates": [ [ [ -77.238647460999971, 38.543918609000059 ], [ -77.235481261999951, 38.557643891000055 ], [ -77.230651854999962, 38.557632446000071 ], [ -77.234298705999947, 38.550251007000043 ], [ -77.238647460999971, 38.543918609000059 ] ] ] } },
{ "type": "Feature", "properties": { "PROVINCE": "COASTAL PLAIN" }, "geometry": { "type": "Polygon", "coordinates": [ [ [ -77.241233824999938, 38.540161133000026 ], [ -77.218460082999968, 38.546276092000028 ], [ -77.252067565999937, 38.521194458000025 ], [ -77.241233824999938, 38.540161133000026 ] ] ] } },
{ "type": "Feature", "properties": { "PROVINCE": "PIEDMONT" }, "geometry": { "type": "Polygon", "coordinates": [ [ [ -77.268539428999986, 38.498142242000029 ], [ -77.26387023999996, 38.512378693000073 ], [ -77.252067565999937, 38.521194458000025 ], [ -77.268539428999986, 38.498142242000029 ] ] ] } },
{ "type": "Feature", "properties": { "PROVINCE": "PIEDMONT" }, "geometry": { "type": "Polygon", "coordinates": [ [ [ -77.327171325999984, 38.396461487000067 ], [ -77.37750244199998, 38.439125061000027 ], [ -77.349884032999967, 38.439548493000075 ], [ -77.321533202999944, 38.413654327000074 ], [ -77.327171325999984, 38.396461487000067 ] ] ] } },
{ "type": "Feature", "properties": { "PROVINCE": "COASTAL PLAIN" }, "geometry": { "type": "Polygon", "coordinates": [ [ [ -77.321533202999944, 38.413654327000074 ], [ -77.317558287999987, 38.425746917000026 ], [ -77.310615539999958, 38.403686523000033 ], [ -77.321533202999944, 38.413654327000074 ] ] ] } },
{ "type": "Feature", "properties": { "PROVINCE": "COASTAL PLAIN" }, "geometry": { "type": "Polygon", "coordinates": [ [ [ -76.419952391999971, 37.518363952000072 ], [ -76.378845213999966, 37.528244018000066 ], [ -76.324394224999935, 37.498905181000055 ], [ -76.346046447999981, 37.48687362700008 ], [ -76.278327941999976, 37.478050232000044 ], [ -76.284347533999949, 37.46451187100007 ], [ -76.318504332999964, 37.468021393000072 ], [ -76.306076048999955, 37.447498321000069 ], [ -76.285011290999989, 37.459529876000033 ], [ -76.274200439999959, 37.447181701000034 ], [ -76.272132873999965, 37.467105866000054 ], [ -76.253913879999971, 37.446975708000025 ], [ -76.249526977999949, 37.466423036000037 ], [ -76.244636535999973, 37.378425599000025 ], [ -76.279220581999937, 37.388298036000037 ], [ -76.254013061999956, 37.371723176000046 ], [ -76.258293151999965, 37.35816574100005 ], [ -76.291671753999935, 37.370742797000048 ], [ -76.266479490999984, 37.353260041000055 ], [ -76.271865845999969, 37.307529449000072 ], [ -76.310752867999952, 37.336475373000042 ], [ -76.296615600999985, 37.351753234000057 ], [ -76.330528259999937, 37.367496490000065 ], [ -76.332557678999933, 37.422824859000059 ], [ -76.364799499999947, 37.43672943200005 ], [ -76.34111785999994, 37.393890380000073 ], [ -76.35940551799996, 37.372760772000049 ], [ -76.385780333999946, 37.390232086000026 ], [ -76.404129028999989, 37.44253158500004 ], [ -76.409034728999984, 37.424442292000037 ], [ -76.43222045899995, 37.42374420200008 ], [ -76.446540831999982, 37.458076477000077 ], [ -76.463584900999933, 37.419029235000039 ], [ -76.416748047999988, 37.412273408000033 ], [ -76.403411865999942, 37.373165131000064 ], [ -76.489685057999964, 37.417434693000075 ], [ -76.493385315999944, 37.400695800000051 ], [ -76.462821959999985, 37.39046096800007 ], [ -76.486923218999948, 37.364826204000053 ], [ -76.445716857999969, 37.371273040000062 ], [ -76.404495238999971, 37.338722229000041 ], [ -76.418014526999968, 37.324790955000026 ], [ -76.484931945999961, 37.341236114000026 ], [ -76.478881835999971, 37.318065644000058 ], [ -76.445251464999956, 37.322311401000036 ], [ -76.471534729999973, 37.305309295000029 ], [ -76.456695556999989, 37.290222168000071 ], [ -76.405357360999972, 37.319690705000028 ], [ -76.379837035999969, 37.284999847000051 ], [ -76.40596771099996, 37.278442383000026 ], [ -76.388778685999966, 37.267402649000076 ], [ -76.473373412999933, 37.25590896600005 ], [ -76.474960326999962, 37.266803742000036 ], [ -76.494796753999935, 37.253822328000069 ], [ -76.527763365999988, 37.297615051000037 ], [ -76.55950164799998, 37.303756715000077 ], [ -76.547233582999979, 37.313179017000039 ], [ -76.583038329999965, 37.318901062000066 ], [ -76.653160094999976, 37.412342071000069 ], [ -76.686592101999963, 37.428436279000039 ], [ -76.704360961999953, 37.418636323000044 ], [ -76.612625120999951, 37.313224792000028 ], [ -76.620841980999955, 37.30331039500004 ], [ -76.476654051999958, 37.227375032000054 ], [ -76.413230896999949, 37.216396332000045 ], [ -76.436470032999978, 37.207988739000029 ], [ -76.393684386999951, 37.209419249000064 ], [ -76.391777037999987, 37.182197570000028 ], [ -76.416419981999979, 37.195571899000072 ], [ -76.447151183999949, 37.188133239000024 ], [ -76.406845093999948, 37.178707123000038 ], [ -76.446601867999959, 37.145057679000047 ], [ -76.409011839999948, 37.149257661000036 ], [ -76.39653015, 37.173175811000078 ], [ -76.374748228999977, 37.162544250000053 ], [ -76.379661560999978, 37.142642975000058 ], [ -76.363441465999983, 37.146572113000047 ], [ -76.348144530999946, 37.164562226000044 ], [ -76.364814758999955, 37.170158387000072 ], [ -76.336975096999936, 37.177150726000036 ], [ -76.317443846999936, 37.133888244000048 ], [ -76.283645629999967, 37.118137360000048 ], [ -76.378189087999942, 37.110412599000028 ], [ -76.338325500999986, 37.090568543000074 ], [ -76.360618590999934, 37.06629562300003 ], [ -76.356887817999961, 37.046310424000069 ], [ -76.317977904999964, 37.100345613000059 ], [ -76.294685362999985, 37.077445983000075 ], [ -76.296119690999944, 37.096046449000028 ], [ -76.276954650999983, 37.103561402000025 ], [ -76.267570494999973, 37.07762527400007 ], [ -76.296409606999987, 37.006278991000045 ], [ -76.319496154999968, 37.004238129000044 ], [ -76.301795958999946, 37.029911041000048 ], [ -76.425521850999985, 36.965328218000025 ], [ -76.464950561999956, 37.029602050000051 ], [ -76.530754089999959, 37.067783355000074 ], [ -76.514900207999972, 37.088508606000062 ], [ -76.539146423999966, 37.08734512400008 ], [ -76.564155577999941, 37.117916107000042 ], [ -76.553588867999963, 37.086551666000048 ], [ -76.568084715999987, 37.080318451000039 ], [ -76.624588011999947, 37.13242340000005 ], [ -76.609603880999941, 37.17855835000006 ], [ -76.647758482999961, 37.22598266600005 ], [ -76.696823119999976, 37.232662201000039 ], [ -76.702781676999962, 37.215930939000032 ], [ -76.743232726999963, 37.216190338000047 ], [ -76.745773314999951, 37.193538666000052 ], [ -76.795593260999965, 37.24053192100007 ], [ -76.856842039999947, 37.244045258000028 ], [ -76.872169493999934, 37.277221679000036 ], [ -76.852935789999947, 37.294345855000074 ], [ -76.875251769999977, 37.323024750000059 ], [ -76.878684996999937, 37.258666993000077 ], [ -76.908348082999964, 37.237056733000031 ], [ -76.941177367999956, 37.236759186000029 ], [ -76.900543212999935, 37.201206206000052 ], [ -76.797058104999962, 37.207447052000077 ], [ -76.798942564999948, 37.191135406000058 ], [ -76.728881835999971, 37.150814056000058 ], [ -76.708038329999965, 37.156120300000055 ], [ -76.685638427999947, 37.198135376000039 ], [ -76.665061949999938, 37.178047181000068 ], [ -76.671173095999961, 37.147712707000039 ], [ -76.65382385199996, 37.099536896000075 ], [ -76.665290832999972, 37.054279328000064 ], [ -76.577423095999961, 37.02462005600006 ], [ -76.612937927999951, 36.994960786000036 ], [ -76.554595947999985, 37.006305695000037 ], [ -76.522201537999933, 36.972045900000069 ], [ -76.488922119999984, 36.961795807000044 ], [ -76.487533568999936, 36.936847687000068 ], [ -76.513282774999936, 36.948848725000062 ], [ -76.499206542999957, 36.925605773000029 ], [ -76.516448974999946, 36.91226959100004 ], [ -76.481445312999938, 36.919113160000052 ], [ -76.485794067999961, 36.89556884700005 ], [ -76.559547424999948, 36.841754914000035 ], [ -76.560707091999973, 36.795513153000059 ], [ -76.549865721999936, 36.83442688000008 ], [ -76.514625549999948, 36.847290039000029 ], [ -76.506278990999988, 36.869441987000073 ], [ -76.450233459999936, 36.88710403500005 ], [ -76.435531616999981, 36.90919494700006 ], [ -76.371833799999933, 36.896369935000052 ], [ -76.351837158999956, 36.924747468000078 ], [ -76.340110779999975, 36.863876342000026 ], [ -76.394027708999943, 36.835361482000053 ], [ -76.397743224999942, 36.817256927000074 ], [ -76.331237793999946, 36.856903076000037 ], [ -76.282463073999963, 36.84419250500008 ], [ -76.323837278999974, 36.874599456000055 ], [ -76.313018797999973, 36.903968811000027 ], [ -76.277656554999965, 36.884113312000068 ], [ -76.269332886999962, 36.900356293000073 ], [ -76.328437803999975, 36.911827087000063 ], [ -76.327743530999953, 36.956256867000036 ], [ -76.277153014999953, 36.95031356800007 ], [ -76.29992675799997, 36.966865539000025 ], [ -76.196327208999946, 36.938606261000075 ], [ -76.178489683999942, 36.927963257000044 ], [ -76.214546204999976, 36.907039643000076 ], [ -76.144821166999975, 36.879974365000066 ], [ -76.157012939999959, 36.905960082000036 ], [ -76.178779601999963, 36.91164016700003 ], [ -76.159133911999959, 36.915958403000047 ], [ -76.163490294999974, 36.930065155000079 ], [ -76.095268249999947, 36.914325715000075 ], [ -76.121650694999971, 36.857040405000077 ], [ -76.102005003999977, 36.86180114900003 ], [ -76.088737487999936, 36.894298553000056 ], [ -76.070014952999941, 36.880470277000029 ], [ -76.077346800999976, 36.85788726800007 ], [ -76.053321838999977, 36.850799561000031 ], [ -76.053367615999946, 36.87845992900003 ], [ -76.085472107999976, 36.915119171000072 ], [ -76.029289244999973, 36.932586669000045 ], [ -75.994354247999979, 36.923084259000063 ], [ -75.949256896999941, 36.765613557000052 ], [ -75.861373901999968, 36.554470063000053 ], [ -75.874114989999953, 36.554164886000024 ], [ -75.860443115999942, 36.543334961000028 ], [ -75.838325501999975, 36.415790557000037 ], [ -75.77278137199994, 36.229415894000056 ], [ -75.537872313999969, 35.806003571000076 ], [ -75.544578552999951, 35.78853988700007 ], [ -75.581108093999944, 35.814430237000067 ], [ -75.607650755999941, 35.905342102000077 ], [ -75.687210082999968, 35.99589538500004 ], [ -75.702354431999936, 36.050029755000025 ], [ -75.740493772999969, 36.050487518000068 ], [ -75.782798766999974, 36.225357056000064 ], [ -75.79940032899998, 36.23102188200005 ], [ -75.791191100999981, 36.245258331000059 ], [ -75.823394775999986, 36.292697906000058 ], [ -75.826400756999988, 36.341831207000041 ], [ -75.855743406999977, 36.400959015000069 ], [ -75.848182678999933, 36.423851013000046 ], [ -75.868026732999965, 36.427257538000049 ], [ -75.873847961999957, 36.519603729000039 ], [ -75.902694701999962, 36.553985596000075 ], [ -75.931571960999975, 36.553802491000056 ], [ -75.911560057999964, 36.542686462000063 ], [ -75.903396605999944, 36.482036590000064 ], [ -75.924446104999959, 36.474128723000035 ], [ -75.961067198999956, 36.496250152000073 ], [ -75.976921080999944, 36.478172303000065 ], [ -75.990966796999942, 36.494075775000056 ], [ -75.975936888999968, 36.518081666000057 ], [ -76.02363586499996, 36.553161621000072 ], [ -76.044044493999934, 36.55300903300008 ], [ -76.032852171999934, 36.514530181000055 ], [ -76.090721129999963, 36.503723145000038 ], [ -76.045440674999952, 36.493160248000038 ], [ -76.003868103999935, 36.434589386000027 ], [ -75.975723266999978, 36.43637084900007 ], [ -75.969406126999957, 36.415279388000044 ], [ -76.001251219999972, 36.41907119800004 ], [ -75.950904846999947, 36.365627289000031 ], [ -75.949661253999977, 36.388736725000058 ], [ -75.93274688799994, 36.384078980000027 ], [ -75.946922301999962, 36.429042815000059 ], [ -75.92776489299996, 36.423400879000042 ], [ -75.924232483999958, 36.351104737000071 ], [ -75.847991943999943, 36.209110260000045 ], [ -75.841720581999937, 36.167575835000036 ], [ -75.799682617999963, 36.112983703000054 ], [ -75.798484801999962, 36.07297897400008 ], [ -75.85430908099994, 36.106052399000077 ], [ -75.866271972999982, 36.167068482000047 ], [ -75.911445617999959, 36.207210541000052 ], [ -75.913398742999959, 36.244960785000046 ], [ -75.955589293999935, 36.256839753000065 ], [ -75.941574096999943, 36.294498445000045 ], [ -75.966247558999953, 36.292606353000053 ], [ -75.971138000999986, 36.318649292000032 ], [ -75.983222959999978, 36.306343079000044 ], [ -76.008522032999963, 36.319675446000076 ], [ -75.98209381199996, 36.295410156000059 ], [ -76.000350951999962, 36.285125733000029 ], [ -75.956756591999977, 36.277759551000031 ], [ -75.974113464999959, 36.241573335000055 ], [ -75.953613280999946, 36.219089508000025 ], [ -75.961967466999965, 36.20166778600003 ], [ -75.994812011999954, 36.217300414000078 ], [ -76.003364562999934, 36.195796966000046 ], [ -75.97518920899995, 36.199844359000053 ], [ -75.919960020999952, 36.155292511000027 ], [ -76.015708923999966, 36.178047181000068 ], [ -76.140304565999941, 36.285190582000041 ], [ -76.195602416999975, 36.287414550000051 ], [ -76.201835631999984, 36.299865723000039 ], [ -76.182823180999947, 36.315395355000078 ], [ -76.218559264999953, 36.296764374000077 ], [ -76.138290405999953, 36.246540070000037 ], [ -76.126686094999968, 36.21665573100006 ], [ -76.163795469999968, 36.205142974000069 ], [ -76.111152649999951, 36.207981111000038 ], [ -76.079116819999967, 36.187412262000066 ], [ -76.100090025999975, 36.179019928000059 ], [ -76.072372435999966, 36.174476624000079 ], [ -76.06520080599995, 36.147911073000046 ], [ -76.107574462999935, 36.13341140700004 ], [ -76.163024901999961, 36.152912140000069 ], [ -76.125114439999948, 36.124904633000028 ], [ -76.183143614999949, 36.115879059000065 ], [ -76.226562499999943, 36.148128511000039 ], [ -76.233589172999984, 36.178764343000068 ], [ -76.246612548999963, 36.169189452000069 ], [ -76.298583984999937, 36.214389802000028 ], [ -76.285324095999954, 36.182205200000055 ], [ -76.303649901999961, 36.169155121000074 ], [ -76.271644591999973, 36.170429229000035 ], [ -76.236541747999979, 36.119392395000034 ], [ -76.195838926999954, 36.101303101000042 ], [ -76.235687255999949, 36.090766907000045 ], [ -76.28042602499994, 36.119407654000042 ], [ -76.37486266999997, 36.135025025000061 ], [ -76.390586851999956, 36.175899505000075 ], [ -76.410484313999973, 36.165153504000045 ], [ -76.46489715499996, 36.196735382000043 ], [ -76.462303160999966, 36.178955079000048 ], [ -76.383613586999957, 36.118949890000067 ], [ -76.30686187799995, 36.091629028000057 ], [ -76.402099608999947, 36.077743529000031 ], [ -76.431785583999954, 36.112682342000028 ], [ -76.422790526999961, 36.07382965000005 ], [ -76.481399536999959, 36.08055114800004 ], [ -76.420082092999962, 36.058769226000038 ], [ -76.522666930999947, 36.007331848000035 ], [ -76.593666076999966, 36.010292054000047 ], [ -76.615737914999954, 36.051319121000063 ], [ -76.64868163999995, 36.065868377000072 ], [ -76.632873533999941, 36.037281037000071 ], [ -76.66659545899995, 36.034141541000054 ], [ -76.689819335999971, 36.049770356000067 ], [ -76.690917968999941, 36.102905274000079 ], [ -76.711715697999978, 36.109378815000071 ], [ -76.726181030999953, 36.156982422000056 ], [ -76.717086791999975, 36.20892333900008 ], [ -76.677276611999957, 36.270908355000074 ], [ -76.688812254999959, 36.29437637400008 ], [ -76.776321410999969, 36.358482362000075 ], [ -76.924133299999937, 36.392322541000055 ], [ -76.785346985, 36.347835542000041 ], [ -76.706771849999939, 36.275356292000026 ], [ -76.744728087999988, 36.23407363900003 ], [ -76.76034545999994, 36.144752502000074 ], [ -76.711944578999976, 35.999088287000063 ], [ -76.693428039999958, 35.993129730000078 ], [ -76.740791319999971, 35.93678665200008 ], [ -76.558105469999987, 35.941173553000056 ], [ -76.402877807999971, 35.97744369600008 ], [ -76.378089904999968, 35.960350037000069 ], [ -76.391311644999973, 35.933509826000034 ], [ -76.349540708999939, 35.939048767000031 ], [ -76.268051146999937, 35.919719697000062 ], [ -76.315063475999978, 35.946609498000043 ], [ -76.307083128999977, 35.95861816300004 ], [ -76.167030334999936, 35.99505233800005 ], [ -76.066833495999958, 35.984973908000029 ], [ -76.026596069999982, 35.960025787000063 ], [ -76.034759520999955, 35.945312499000067 ], [ -76.066841124999939, 35.95182800300006 ], [ -76.069366454999965, 35.92512130800003 ], [ -76.127235411999948, 35.949722290000068 ], [ -76.076026916999979, 35.906269074000079 ], [ -76.017265319999979, 35.932014465000066 ], [ -76.052017211999953, 35.865062713000043 ], [ -76.110191345999965, 35.882873536000034 ], [ -76.061775207999972, 35.84132003700006 ], [ -76.055923460999963, 35.768016814000077 ], [ -76.127593992999948, 35.786724092000043 ], [ -76.081474304999972, 35.75660324200004 ], [ -76.057571410999969, 35.758079529000042 ], [ -76.067726136999966, 35.704376221000075 ], [ -76.041336059999935, 35.699409485000047 ], [ -76.042701720999958, 35.684013367000034 ], [ -76.096145629999967, 35.680793762000064 ], [ -76.149810789999947, 35.706615449000026 ], [ -76.167900085999975, 35.696304321000071 ], [ -76.145149230999948, 35.697837830000026 ], [ -76.104377745999955, 35.663806914000077 ], [ -76.043128965999983, 35.654056549000074 ], [ -76.020843504999959, 35.66926193200004 ], [ -75.993713377999939, 35.764114380000024 ], [ -75.987487793999946, 35.892871857000046 ], [ -75.92473602299998, 35.918437958000027 ], [ -75.924995421999938, 35.90300750800003 ], [ -75.904640196999935, 35.900947571000074 ], [ -75.906082151999954, 35.874206543000071 ], [ -75.885223388999975, 35.881656647000057 ], [ -75.863990784999942, 35.86457443200004 ], [ -75.852516174999948, 35.887336732000051 ], [ -75.889907836999953, 35.889541626000039 ], [ -75.910842895999963, 35.922958375000064 ], [ -75.816909789999954, 35.914699555000027 ], [ -75.841949462999935, 35.93510055400003 ], [ -75.868202208999946, 35.93329238900003 ], [ -75.851150513999983, 35.943595887000072 ], [ -75.850624084999936, 35.974002838000047 ], [ -75.809623718999944, 35.95394897500006 ], [ -75.811614990999942, 35.938579558000072 ], [ -75.786499022999976, 35.929973603000064 ], [ -75.748428343999933, 35.878665925000064 ], [ -75.751670836999949, 35.841087341000048 ], [ -75.721160888999975, 35.797756195000034 ], [ -75.740806579999969, 35.76121902400007 ], [ -75.717407225999978, 35.693153381000059 ], [ -75.74028778099995, 35.679447175000064 ], [ -75.756858824999938, 35.697299958000031 ], [ -75.776565550999976, 35.679378510000049 ], [ -75.735099791999971, 35.620208740000066 ], [ -75.782440185999974, 35.593742370000029 ], [ -75.790550231999987, 35.569953919000056 ], [ -75.83508300799997, 35.562900543000069 ], [ -75.818901062999942, 35.589584351000042 ], [ -75.862068176999969, 35.58700943100007 ], [ -75.870864868999945, 35.623199463000049 ], [ -75.891120910999973, 35.631439209000064 ], [ -75.892234800999972, 35.573524474000067 ], [ -75.925079345999961, 35.551948548000041 ], [ -75.917381286999955, 35.537147522000055 ], [ -75.965522764999946, 35.514728546000072 ], [ -75.978073119999976, 35.523330688000044 ], [ -75.987358092999955, 35.508201598000028 ], [ -75.962432861999957, 35.498268128000063 ], [ -76.011238097999978, 35.473125458000027 ], [ -75.999000549999948, 35.458629608000024 ], [ -76.02239227299998, 35.421714782000038 ], [ -76.038627623999957, 35.413627625000061 ], [ -76.037666320999961, 35.432220458000074 ], [ -76.070396422999977, 35.432861329000048 ], [ -76.086654661999944, 35.391151428000057 ], [ -76.067771910999966, 35.385074615000065 ], [ -76.076805114999956, 35.374019622000048 ], [ -76.143424986999946, 35.362586975000056 ], [ -76.15699005099998, 35.328502654000033 ], [ -76.164642332999961, 35.344650268000066 ], [ -76.228836059999935, 35.347175598000035 ], [ -76.259246825999981, 35.39447784500004 ], [ -76.267951965999941, 35.343421936000027 ], [ -76.308662413999969, 35.353332520000038 ], [ -76.292808531999981, 35.366008759000067 ], [ -76.323493956999982, 35.373325349000027 ], [ -76.315467833999946, 35.387611389000028 ], [ -76.337493896999945, 35.387390137000068 ], [ -76.357681273999958, 35.413902283000027 ], [ -76.370475768999938, 35.406124114000079 ], [ -76.353302001999964, 35.399234771000067 ], [ -76.360168456999986, 35.361743927000077 ], [ -76.339210509999987, 35.351558686000033 ], [ -76.40628051799996, 35.353164673000038 ], [ -76.423522949999949, 35.370494843000074 ], [ -76.370613097999978, 35.367519379000044 ], [ -76.398857116999977, 35.402900695000028 ], [ -76.383705137999982, 35.412887573000035 ], [ -76.411918639999953, 35.437362671000074 ], [ -76.399742126999968, 35.45606994700006 ], [ -76.438972473999968, 35.438636779000035 ], [ -76.413619994999976, 35.425151825000057 ], [ -76.434555054999976, 35.42442703100005 ], [ -76.421981810999966, 35.415416719000063 ], [ -76.440170287999933, 35.388710021000065 ], [ -76.459167480999952, 35.392917632000035 ], [ -76.456336973999953, 35.429622651000045 ], [ -76.48459625199996, 35.392314910000039 ], [ -76.470092774999955, 35.364177703000053 ], [ -76.497352598999953, 35.372711183000035 ], [ -76.501281738999978, 35.397804261000033 ], [ -76.517478942999958, 35.389198303000057 ], [ -76.539894102999938, 35.405300140000065 ], [ -76.526771545999964, 35.420814513000039 ], [ -76.50107574499998, 35.414604187000066 ], [ -76.522018432999971, 35.438385011000037 ], [ -76.548431395999955, 35.428714753000065 ], [ -76.564720152999939, 35.443267823000042 ], [ -76.527481079999973, 35.467159271000071 ], [ -76.493148803999986, 35.452064514000028 ], [ -76.535224914999958, 35.483280182000044 ], [ -76.558891295999956, 35.459899902000075 ], [ -76.581764221999947, 35.504165650000061 ], [ -76.532463071999985, 35.506816864000029 ], [ -76.490371704999973, 35.487861634000069 ], [ -76.483222960999967, 35.50808715900007 ], [ -76.44195556699998, 35.495952607000049 ], [ -76.470985412999937, 35.515895843000067 ], [ -76.47128295899995, 35.534069062000071 ], [ -76.446174620999955, 35.551029205000077 ], [ -76.487556456999982, 35.573608398000033 ], [ -76.52046966599994, 35.578617097000063 ], [ -76.486442566999983, 35.548599244000059 ], [ -76.491317749999951, 35.528762818000075 ], [ -76.524803161999955, 35.526119233000031 ], [ -76.532279968999944, 35.548137664000024 ], [ -76.537727356999937, 35.527858734000063 ], [ -76.560379027999943, 35.52715683100007 ], [ -76.58756256099997, 35.538845062000064 ], [ -76.575279235999972, 35.54802322300003 ], [ -76.621978758999944, 35.52802276500006 ], [ -76.661499022999976, 35.568199158000027 ], [ -76.668159483999943, 35.54522705200003 ], [ -76.699729919999982, 35.547473908000029 ], [ -76.644790648999958, 35.536392211000077 ], [ -76.628730773999962, 35.51595306400003 ], [ -76.687347411999951, 35.493999482000049 ], [ -76.734481811999956, 35.515289306000057 ], [ -76.68612670999994, 35.483066559000065 ], [ -76.647354125999982, 35.503768920000027 ], [ -76.627334595999969, 35.496387482000046 ], [ -76.605819701999962, 35.471706391000055 ], [ -76.630119323999963, 35.458774567000034 ], [ -76.591964721999943, 35.427707673000043 ], [ -76.615470886999958, 35.419754027000067 ], [ -76.591423033999945, 35.414520263000043 ], [ -76.60656738299997, 35.404056550000064 ], [ -76.584938048999959, 35.407974243000069 ], [ -76.582008361999954, 35.385181428000067 ], [ -76.662345885999969, 35.40655517600004 ], [ -76.656616209999981, 35.421379089000027 ], [ -76.628967283999941, 35.42104721000004 ], [ -76.650955199999942, 35.447559357000046 ], [ -76.658554076999962, 35.428699494000057 ], [ -76.684066772999984, 35.439411163000045 ], [ -76.671684265999943, 35.425437927000075 ], [ -76.685653686999956, 35.415840148000029 ], [ -76.719841002999942, 35.434959412000069 ], [ -76.770927428999983, 35.415477754000051 ], [ -76.769866942999954, 35.427257539000038 ], [ -76.81517791899995, 35.437568664000025 ], [ -76.816452025999979, 35.461215973000037 ], [ -76.791839599999946, 35.468723297000054 ], [ -76.820495604999962, 35.472675324000079 ], [ -76.807235718999948, 35.505920410000044 ], [ -76.840133666999975, 35.448684692000029 ], [ -76.873855590999938, 35.452754974000072 ], [ -76.862724303999983, 35.462451936000036 ], [ -76.888511656999981, 35.453598022000051 ], [ -76.95937347399996, 35.475421905000076 ], [ -76.968360900999983, 35.50516891500007 ], [ -76.968719482999973, 35.482017516000042 ], [ -76.987350462999984, 35.482494354000039 ], [ -77.09259033099994, 35.556449890000067 ], [ -77.156318664999958, 35.572940826000035 ], [ -77.022308349999946, 35.498817443000064 ], [ -77.071105956999986, 35.508663178000063 ], [ -76.988082885999972, 35.463893891000055 ], [ -76.978538513, 35.390995026000041 ], [ -76.963356018999946, 35.403774261000024 ], [ -76.967353820999961, 35.431125641000051 ], [ -76.940872190999983, 35.443611145000034 ], [ -76.919364929999972, 35.43078994800004 ], [ -76.928192138999975, 35.407863617000032 ], [ -76.904678344999979, 35.430862427000079 ], [ -76.847442625999975, 35.422084808000079 ], [ -76.829147337999984, 35.386631013000056 ], [ -76.856857298999955, 35.371475219000047 ], [ -76.821296691999976, 35.371887207000043 ], [ -76.814262388999964, 35.391677856000058 ], [ -76.695457458999954, 35.358894349000025 ], [ -76.792839049999941, 35.310260772000049 ], [ -76.719337461999942, 35.341396331000055 ], [ -76.702476501999968, 35.340015411000024 ], [ -76.714385985999968, 35.31219100900006 ], [ -76.692161558999942, 35.343814851000047 ], [ -76.638793943999985, 35.338672638000048 ], [ -76.632553100999985, 35.326686859000063 ], [ -76.651565552999955, 35.317687989000035 ], [ -76.624870300999987, 35.309204101000034 ], [ -76.652633665999986, 35.293193817000031 ], [ -76.624824524999951, 35.284679413000049 ], [ -76.67511749199997, 35.281566619000046 ], [ -76.614181517999953, 35.273067475000062 ], [ -76.588546752999946, 35.289085388000046 ], [ -76.619873046999942, 35.294528961000026 ], [ -76.601539611999954, 35.326702118000071 ], [ -76.556098937999934, 35.321296693000079 ], [ -76.573280334999936, 35.315437316000043 ], [ -76.545303344999979, 35.310535432000052 ], [ -76.55826568599997, 35.298194885000044 ], [ -76.53964233399995, 35.298557281000058 ], [ -76.541831970999965, 35.275005341000053 ], [ -76.530677794999974, 35.297386170000038 ], [ -76.517913818999943, 35.292922974000078 ], [ -76.529289245999962, 35.315513611000029 ], [ -76.495063780999942, 35.311775208000029 ], [ -76.50712585499997, 35.269889832000047 ], [ -76.478988647999984, 35.281318663000036 ], [ -76.467773435999959, 35.255546570000035 ], [ -76.500808716999984, 35.260166169000058 ], [ -76.489860534999934, 35.240760802000068 ], [ -76.536437987999989, 35.244865417000028 ], [ -76.494422911999948, 35.227268219000052 ], [ -76.497756958999958, 35.216011048000041 ], [ -76.593185425999934, 35.235618591000048 ], [ -76.570594786999948, 35.211795807000044 ], [ -76.523719786999948, 35.20224380500008 ], [ -76.529129026999954, 35.182415008000078 ], [ -76.601867675999983, 35.217700959000069 ], [ -76.593048094999972, 35.200637818000075 ], [ -76.627029418999939, 35.196166993000077 ], [ -76.60552215599995, 35.186008454000046 ], [ -76.632522582999968, 35.173610688000053 ], [ -76.67195129299995, 35.198806762000061 ], [ -76.661705016999974, 35.188522338000041 ], [ -76.676803589999963, 35.164875029000029 ], [ -76.70460510199996, 35.146575928000061 ], [ -76.714851379999971, 35.156856537000067 ], [ -76.740028381999934, 35.147109985000043 ], [ -76.731094360999975, 35.119152069000052 ], [ -76.727043151999965, 35.134937287000071 ], [ -76.670303344999979, 35.14606475800008 ], [ -76.66620636, 35.162757873000032 ], [ -76.642028808999953, 35.149353027000075 ], [ -76.609535217999962, 35.158866882000041 ], [ -76.616256713999974, 35.146793366000054 ], [ -76.60002136199995, 35.144962311000029 ], [ -76.617317199999945, 35.122745515000076 ], [ -76.589324949999934, 35.145107268000061 ], [ -76.572898864999956, 35.135089874000073 ], [ -76.59044647199994, 35.170581818000073 ], [ -76.544731140999943, 35.148349762000066 ], [ -76.56929779099994, 35.102275848000033 ], [ -76.591384887999936, 35.111549378000063 ], [ -76.58494567799994, 35.091827393000074 ], [ -76.611503601999971, 35.101684571000078 ], [ -76.63565063599998, 35.08965683100007 ], [ -76.648529052999947, 35.10365295500003 ], [ -76.654090880999945, 35.079277038000043 ], [ -76.601577759999941, 35.084587097000053 ], [ -76.605186461999949, 35.066516875000048 ], [ -76.651611327999944, 35.058765412000071 ], [ -76.66216278099995, 35.035892485000034 ], [ -76.68078613199998, 35.046871185000043 ], [ -76.687377928999979, 35.024341584000069 ], [ -76.704307555999947, 35.022544861000029 ], [ -76.705192564999948, 35.041194916000052 ], [ -76.714927672999977, 35.023750304000032 ], [ -76.730155945999968, 35.035533905000079 ], [ -76.723968505999949, 35.022640228000057 ], [ -76.738822936999952, 35.016693115000066 ], [ -76.713211059999935, 35.011436462000063 ], [ -76.747848510999972, 34.989227294000045 ], [ -76.761528014999953, 35.010963439000079 ], [ -76.792602538999972, 35.019992830000035 ], [ -76.76457977299998, 34.991966249000029 ], [ -76.797531126999957, 34.969242095000027 ], [ -76.868301391999978, 34.99568176300005 ], [ -76.872932433999949, 35.019886017000033 ], [ -76.878883362999943, 34.997779847000061 ], [ -76.941146850999985, 35.02758407500005 ], [ -76.922172545999956, 35.052528381000059 ], [ -76.95404052799995, 35.042457581000065 ], [ -76.942817687999934, 35.070331574000079 ], [ -76.96756744299995, 35.055526733000079 ], [ -76.988189697999985, 35.074226379000038 ], [ -76.989318846999936, 35.05971908500004 ], [ -77.034606933999953, 35.124008179000043 ], [ -77.092056274999948, 35.16632080100004 ], [ -77.091484069999979, 35.151771545000031 ], [ -77.051780700999984, 35.130798340000069 ], [ -77.041831969999976, 35.096939086000077 ], [ -77.072540282999967, 35.07317733800005 ], [ -77.131141662999937, 35.069171906000065 ], [ -77.068885801999954, 35.065818786000079 ], [ -77.039871214999948, 35.089618683000026 ], [ -77.01884460499997, 35.080913544000055 ], [ -76.979164123999965, 35.003585815000065 ], [ -76.902351378999981, 34.958877564000034 ], [ -76.93611907899998, 34.942504883000026 ], [ -76.91568756099997, 34.934246064000035 ], [ -76.915626524999936, 34.893806457000039 ], [ -76.897186278999982, 34.94784164400005 ], [ -76.861442565999937, 34.94371032600003 ], [ -76.864303588999974, 34.901081085000044 ], [ -76.842712401999961, 34.907768250000061 ], [ -76.842620849999946, 34.937297821000072 ], [ -76.766548155999942, 34.918415070000037 ], [ -76.782569885999976, 34.897502899000074 ], [ -76.768409728999984, 34.900745393000079 ], [ -76.766746521999949, 34.86026382600005 ], [ -76.754219054999965, 34.91807556200007 ], [ -76.724914549999937, 34.921348573000046 ], [ -76.708503722999978, 34.950878143000068 ], [ -76.665908813999977, 34.936157227000024 ], [ -76.696311950999984, 34.881927490000066 ], [ -76.646705625999971, 34.906494142000042 ], [ -76.675109862999989, 34.970382689000076 ], [ -76.617279052999947, 34.98326873700006 ], [ -76.595840453999983, 34.973110198000029 ], [ -76.594841002999942, 34.944908142000031 ], [ -76.55895996199996, 34.931594849000078 ], [ -76.56943511999998, 34.910545348000028 ], [ -76.547485350999978, 34.912174226000047 ], [ -76.524520874999951, 34.886501313000053 ], [ -76.545547484999986, 34.930290221000064 ], [ -76.526557921999938, 34.928367614000024 ], [ -76.571296691999976, 34.956947328000069 ], [ -76.586761475999936, 34.987838745000033 ], [ -76.52542114299996, 35.00330352900005 ], [ -76.527626036999948, 34.979286194000053 ], [ -76.497268676999965, 34.980201722000061 ], [ -76.493362427999955, 34.955097199000079 ], [ -76.47928619399994, 34.98057556200007 ], [ -76.504692078999938, 35.002235413000051 ], [ -76.48461913999995, 35.011177063000048 ], [ -76.490753173999963, 35.036804199000073 ], [ -76.462059020999959, 35.025493621000066 ], [ -76.47552490299995, 35.038166046000072 ], [ -76.462882994999973, 35.044147492000036 ], [ -76.483207701999959, 35.054298402000029 ], [ -76.466598510999972, 35.07333755600007 ], [ -76.430122374999939, 35.023620606000065 ], [ -76.443672179999965, 35.022212982000042 ], [ -76.444091796999942, 35.000869752000028 ], [ -76.429054260999976, 34.998142243000075 ], [ -76.427307128999985, 34.975372314000026 ], [ -76.469253539999954, 34.966644287000065 ], [ -76.476692198999956, 34.939147951000052 ], [ -76.452346801999965, 34.931602478000059 ], [ -76.448783874999947, 34.911499023000033 ], [ -76.447525022999969, 34.938724518000072 ], [ -76.411659240999938, 34.961719512000059 ], [ -76.412803650999933, 34.937213898000039 ], [ -76.386550903999989, 34.934593201000041 ], [ -76.389518738999982, 34.955131530000074 ], [ -76.370399473999953, 34.95590210000006 ], [ -76.383537292999961, 34.974941254000044 ], [ -76.321929930999943, 34.959850311000025 ], [ -76.36297607299997, 35.017925263000052 ], [ -76.332489013999975, 35.009254456000065 ], [ -76.339500427999951, 35.027194976000033 ], [ -76.300773620999962, 35.014621734000059 ], [ -76.301239012999986, 34.993282319000059 ], [ -76.307052610999961, 35.012546540000073 ], [ -76.318229674999941, 35.001991271000065 ], [ -76.279312133999952, 34.958957672000054 ], [ -76.30686187799995, 34.923023225000065 ], [ -76.342178343999933, 34.924419404000048 ], [ -76.35247802799995, 34.907638550000058 ], [ -76.323608397999976, 34.901279450000061 ], [ -76.346870421999938, 34.872016906000056 ], [ -76.380096436999963, 34.868957520000038 ], [ -76.388679503999981, 34.853317261000029 ], [ -76.403747558999953, 34.87877273600003 ], [ -76.419059753999989, 34.826980590000062 ], [ -76.441986082999961, 34.815864563000048 ], [ -76.462295530999938, 34.825111389000028 ], [ -76.449699402999954, 34.806552887000066 ], [ -76.479682921999938, 34.763374329000044 ], [ -76.492233276999968, 34.770568849000028 ], [ -76.47963714499997, 34.801094056000068 ], [ -76.505592346999947, 34.784599304000039 ], [ -76.503471373999957, 34.757270812000058 ], [ -76.519355773999962, 34.752742768000076 ], [ -76.494461058999946, 34.733821868000064 ], [ -76.501663208999958, 34.723129272000051 ], [ -76.581062315999986, 34.724567413000045 ], [ -76.591056823999963, 34.751674652000077 ], [ -76.569702147999976, 34.766048431000058 ], [ -76.572090147999972, 34.78793334900007 ], [ -76.596321104999959, 34.771823882000035 ], [ -76.623596190999933, 34.813968658000078 ], [ -76.633354185999963, 34.718814851000047 ], [ -76.617683409999984, 34.706092835000049 ], [ -76.673965453999983, 34.711341858000026 ], [ -76.661735533999945, 34.748256683000079 ], [ -76.688484191999976, 34.803096771000071 ], [ -76.699645995999958, 34.777961732000051 ], [ -76.737846373999957, 34.774944305000076 ], [ -76.763427733999947, 34.752475739000033 ], [ -76.724044799999945, 34.757289886000024 ], [ -76.710861206999937, 34.738288880000027 ], [ -76.724349974999939, 34.736846924000076 ], [ -76.700050352999938, 34.716171265000071 ], [ -76.945434569999975, 34.721927642000026 ], [ -76.962669371999937, 34.706542969000054 ], [ -78.04354095399998, 35.92089080900007 ], [ -77.833595276999972, 36.094108581000057 ], [ -77.713615416999971, 36.272190095000042 ], [ -77.528068542999961, 36.496440887000063 ], [ -77.392837523999958, 36.709541322000064 ], [ -77.349700926999958, 37.101291657000047 ], [ -77.381469725999978, 37.33348464900007 ], [ -77.41428375299995, 37.998447418000069 ], [ -77.377517699999942, 38.227779388000044 ], [ -77.342056274999948, 38.349624634000065 ], [ -77.240402221999943, 38.331497193000075 ], [ -77.159378050999976, 38.344444276000047 ], [ -77.122863768999935, 38.371078492000038 ], [ -77.065856933999953, 38.382675170000027 ], [ -77.051017761999958, 38.408454895000034 ], [ -77.011825561999956, 38.385643005000077 ], [ -77.009223937999934, 38.334873199000072 ], [ -77.062652587999935, 38.328273774000024 ], [ -77.067443846999936, 38.312431335000042 ], [ -77.035163879999971, 38.315486908000025 ], [ -76.958137510999961, 38.261692046000064 ], [ -76.95844268899998, 38.219993591000048 ], [ -76.998954773999969, 38.206565856000054 ], [ -76.922821044999978, 38.205780029000039 ], [ -76.919525147999934, 38.178119658000071 ], [ -76.900642395999967, 38.195705414000031 ], [ -76.863891600999978, 38.173416137000061 ], [ -76.770866392999949, 38.173244476000036 ], [ -76.761741638999979, 38.148715973000037 ], [ -76.715805054999976, 38.121234895000043 ], [ -76.753379822999989, 38.107418059000054 ], [ -76.734741209999981, 38.099597931000062 ], [ -76.733802794999974, 38.077835084000071 ], [ -76.699394225999981, 38.069911956000055 ], [ -76.727760313999966, 38.09638214000006 ], [ -76.705337523999958, 38.11482238800005 ], [ -76.716156005999949, 38.142539978000059 ], [ -76.687026977999949, 38.13101959200003 ], [ -76.711364746999948, 38.152935028000059 ], [ -76.669158934999984, 38.158546448000038 ], [ -76.633842467999955, 38.126121521000073 ], [ -76.636993407999967, 38.156963347000044 ], [ -76.611328124999943, 38.149528504000045 ], [ -76.602897643999938, 38.120914459000062 ], [ -76.614654540999936, 38.116012574000024 ], [ -76.533187866999981, 38.083217620000028 ], [ -76.523841857999969, 38.054176332000054 ], [ -76.541275024999948, 38.046112060000041 ], [ -76.551544189999959, 38.065227509000067 ], [ -76.557723997999972, 38.025459290000072 ], [ -76.543342588999963, 38.021652221000068 ], [ -76.57336425799997, 38.003299713000047 ], [ -76.546981810999966, 38.011257172000057 ], [ -76.534378052999955, 37.99257278500005 ], [ -76.53446960399998, 38.030193329000042 ], [ -76.466354369999976, 38.012416840000071 ], [ -76.461257935999981, 38.00103759700005 ], [ -76.506935118999934, 37.991901398000039 ], [ -76.507110595999961, 37.979209899000068 ], [ -76.466171264999957, 37.983406067000033 ], [ -76.489837646999945, 37.960937500000057 ], [ -76.485443115999942, 37.940959930000076 ], [ -76.452743530999953, 37.990566254000044 ], [ -76.445335388, 37.970535279000046 ], [ -76.389678954999965, 37.955554963000054 ], [ -76.401321411999959, 37.94657516500007 ], [ -76.386459350999985, 37.925594329000035 ], [ -76.379676819999986, 37.954711914000029 ], [ -76.259452819999979, 37.913940429000036 ], [ -76.253883361999954, 37.898021698000036 ], [ -76.265411376999964, 37.906295777000025 ], [ -76.271446226999956, 37.894573212000068 ], [ -76.323593139999957, 37.916389464000076 ], [ -76.294944763999979, 37.883930208000038 ], [ -76.278526305999947, 37.889656066000043 ], [ -76.277603148999958, 37.87469100900006 ], [ -76.260986328999934, 37.892200470000034 ], [ -76.234840391999967, 37.890056610000045 ], [ -76.276840210999978, 37.815299988000049 ], [ -76.281959533999952, 37.857959747000052 ], [ -76.293571472999986, 37.825439453000058 ], [ -76.312873840999941, 37.857360840000069 ], [ -76.440734862999989, 37.884372712000072 ], [ -76.382148742999959, 37.863452912000071 ], [ -76.39579772999997, 37.847713471000077 ], [ -76.367744445999961, 37.852443695000034 ], [ -76.348152159999984, 37.837753295000027 ], [ -76.335739134999983, 37.848968506000062 ], [ -76.312583922999977, 37.802509307000037 ], [ -76.358596800999976, 37.802947998000036 ], [ -76.284347533999949, 37.784099578000053 ], [ -76.322402952999937, 37.771327972000051 ], [ -76.303710936999948, 37.73896026500006 ], [ -76.341537475999985, 37.776496887000064 ], [ -76.346755980999944, 37.74028396600005 ], [ -76.322898863999967, 37.740055085000051 ], [ -76.335830687999987, 37.732021332000045 ], [ -76.308044431999974, 37.722686768000074 ], [ -76.303253173999963, 37.694988251000041 ], [ -76.341629026999954, 37.696266175000062 ], [ -76.342460632999973, 37.71712493800004 ], [ -76.356666564999955, 37.700267791000044 ], [ -76.322769164999954, 37.675182343000074 ], [ -76.362190246999944, 37.682857513000044 ], [ -76.335205076999955, 37.660846711000033 ], [ -76.361953734999986, 37.660190582000041 ], [ -76.333015441999976, 37.652210235000041 ], [ -76.348937988999978, 37.637405396000077 ], [ -76.308792113999971, 37.640190124000071 ], [ -76.317237854999973, 37.620780944000046 ], [ -76.355499265999981, 37.626586914000029 ], [ -76.355720519999977, 37.61253356900005 ], [ -76.426727294999978, 37.64400863700007 ], [ -76.409080504999963, 37.658355712000059 ], [ -76.427986144999977, 37.677562714000032 ], [ -76.439407348999964, 37.651371002000076 ], [ -76.455078124999943, 37.653320312000062 ], [ -76.461921691999976, 37.704151153000055 ], [ -76.417297361999942, 37.732318878000058 ], [ -76.433532714999956, 37.73654556300005 ], [ -76.469451903999982, 37.706481934000067 ], [ -76.497642516999974, 37.729835511000033 ], [ -76.494483946999935, 37.74839782600003 ], [ -76.515357970999958, 37.754459380000071 ], [ -76.515121460999978, 37.728618622000056 ], [ -76.488533019999977, 37.715255737000064 ], [ -76.477348327999948, 37.682525634000058 ], [ -76.50267028899998, 37.65916061300004 ], [ -76.491752624999947, 37.649551392000035 ], [ -76.508064269999977, 37.64741897600004 ], [ -76.53678131099997, 37.67394256700004 ], [ -76.536788940999941, 37.717914581000059 ], [ -76.571426392999967, 37.73948669400005 ], [ -76.572036742999956, 37.783912658000077 ], [ -76.61405181799995, 37.776969909000059 ], [ -76.608085632999973, 37.789165496000066 ], [ -76.631286621999948, 37.796585084000071 ], [ -76.62233734199998, 37.814651489000028 ], [ -76.643836973999953, 37.819335939000041 ], [ -76.657424926999965, 37.803115843000057 ], [ -76.674095153999986, 37.822719573000029 ], [ -76.662811278999982, 37.841678619000049 ], [ -76.694442749999951, 37.827384948000031 ], [ -76.730461120999962, 37.838047027000073 ], [ -76.743415832999972, 37.881183624000073 ], [ -76.718818665999947, 37.891452788000038 ], [ -76.719833372999972, 37.905963898000039 ], [ -76.752136229999962, 37.88441085900007 ], [ -76.790222167999957, 37.925884247000056 ], [ -76.818176269999981, 37.919647217000033 ], [ -76.823661803999983, 37.905677795000031 ], [ -76.788146972999982, 37.899127961000033 ], [ -76.732032775999983, 37.798622132000048 ], [ -76.673049926999965, 37.760158539000031 ], [ -76.622505187999934, 37.751194 ], [ -76.625114440999937, 37.727642060000051 ], [ -76.59840393099995, 37.722915650000061 ], [ -76.605682372, 37.698493957000039 ], [ -76.584167480999952, 37.697879792000037 ], [ -76.57749175899994, 37.67335128700006 ], [ -76.614540098999953, 37.687225342000033 ], [ -76.622238158999949, 37.675949097000057 ], [ -76.579315185999974, 37.667018890000065 ], [ -76.596855162999987, 37.658988953000062 ], [ -76.543289184999935, 37.620052337000061 ], [ -76.434730529999968, 37.612800597000046 ], [ -76.42869567799994, 37.588268281000069 ], [ -76.294364928999983, 37.562076569000055 ], [ -76.308593748999954, 37.543628693000073 ], [ -76.331710815999941, 37.55020141500006 ], [ -76.321075439999959, 37.525619508000034 ], [ -76.372451781999985, 37.543334961000028 ], [ -76.404449461999945, 37.538639068000066 ], [ -76.419952391999971, 37.518363952000072 ] ], [ [ -76.432151793999935, 37.514732361000029 ], [ -76.419952391999971, 37.518363952000072 ], [ -76.507469176999962, 37.561283112000069 ], [ -76.512237547999973, 37.55225753700006 ], [ -76.432151793999935, 37.514732361000029 ] ] ] } },
{ "type": "Feature", "properties": { "PROVINCE": "COASTAL PLAIN" }, "geometry": { "type": "Polygon", "coordinates": [ [ [ -77.339935302999947, 38.356895446000067 ], [ -77.327171325999984, 38.396461487000067 ], [ -77.284904479999966, 38.360588074000077 ], [ -77.339935302999947, 38.356895446000067 ] ] ] } },
{ "type": "Feature", "properties": { "PROVINCE": "PIEDMONT" }, "geometry": { "type": "Polygon", "coordinates": [ [ [ -77.342056273999958, 38.349624634000065 ], [ -77.364143371999944, 38.355262756000059 ], [ -77.339935302999947, 38.356895446000067 ], [ -77.342056273999958, 38.349624634000065 ] ] ] } },
{ "type": "Feature", "properties": { "PROVINCE": "COASTAL PLAIN" }, "geometry": { "type": "Polygon", "coordinates": [ [ [ -76.218940735, 38.332351684000059 ], [ -76.204208373999961, 38.302734375000057 ], [ -76.225196838999977, 38.310207367000032 ], [ -76.232902526999965, 38.339298248000034 ], [ -76.214653014999953, 38.34273147600004 ], [ -76.218940735, 38.332351684000059 ] ] ] } },
{ "type": "Feature", "properties": { "PROVINCE": "COASTAL PLAIN" }, "geometry": { "type": "Polygon", "coordinates": [ [ [ -75.339759826999966, 37.903121948000035 ], [ -75.381759643999942, 37.900074005000079 ], [ -75.328842162999933, 37.934055328000056 ], [ -75.305938719999972, 37.997570038000049 ], [ -75.280113219999976, 38.001636505000079 ], [ -75.27294158899997, 38.026378632000046 ], [ -75.21525573699995, 38.077518463000047 ], [ -75.227714538999976, 38.090442658000029 ], [ -75.193832396999937, 38.12653350800008 ], [ -75.192108154999971, 38.162769318000073 ], [ -75.093841552999947, 38.320922852000081 ], [ -75.174034118999941, 38.123439789000031 ], [ -75.339759826999966, 37.903121948000035 ] ] ] } },
{ "type": "Feature", "properties": { "PROVINCE": "COASTAL PLAIN" }, "geometry": { "type": "Polygon", "coordinates": [ [ [ -76.170547484999986, 38.259166718000074 ], [ -76.121459960999971, 38.242908478000061 ], [ -76.139823913999976, 38.232234955000024 ], [ -76.170547484999986, 38.259166718000074 ] ] ] } },
{ "type": "Feature", "properties": { "PROVINCE": "COASTAL PLAIN" }, "geometry": { "type": "Polygon", "coordinates": [ [ [ -75.950088500999982, 38.251052856000058 ], [ -75.948066710999967, 38.239482879000036 ], [ -75.968109130999949, 38.233840942000029 ], [ -75.950088500999982, 38.251052856000058 ] ] ] } },
{ "type": "Feature", "properties": { "PROVINCE": "COASTAL PLAIN" }, "geometry": { "type": "Polygon", "coordinates": [ [ [ -76.023597717999962, 38.184204102000081 ], [ -76.027267455999947, 38.147079468000072 ], [ -76.050613402999943, 38.150531769000054 ], [ -76.052520751999964, 38.172763824000072 ], [ -76.089729308999949, 38.155971527000077 ], [ -76.09256744399994, 38.19090652400007 ], [ -76.057502746999944, 38.187328339000032 ], [ -76.059989928999983, 38.21002197200005 ], [ -76.023597717999962, 38.184204102000081 ] ] ] } },
{ "type": "Feature", "properties": { "PROVINCE": "PACIFIC BORDER" }, "geometry": { "type": "Polygon", "coordinates": [ [ [ -121.554733276999968, 38.086345673000039 ], [ -121.516578673999959, 38.084579467000026 ], [ -121.556060791, 38.079486847000055 ], [ -121.547462462999988, 38.063472748000038 ], [ -121.457244872999979, 38.032756805000076 ], [ -121.433753967999962, 37.992321014000026 ], [ -121.505989074999945, 38.045494080000026 ], [ -121.513465882, 38.033874511000079 ], [ -121.569709777999947, 38.063552857000047 ], [ -121.576873779999971, 38.094139099000074 ], [ -121.657745360999968, 38.086101532000043 ], [ -121.664413451999962, 38.052719116000048 ], [ -121.709869383999944, 38.022392273000037 ], [ -121.673042297, 38.013366700000063 ], [ -121.699584960999971, 38.007816314000024 ], [ -121.875816344999976, 38.036792755000079 ], [ -121.89282226499995, 38.054042816000049 ], [ -121.864364623999961, 38.067630768000072 ], [ -121.873199463, 38.07726669300007 ], [ -121.782363891999978, 38.066780091000055 ], [ -121.73299407899998, 38.090934753000056 ], [ -121.664100646999941, 38.170806885000047 ], [ -121.702163695999957, 38.084857941000053 ], [ -121.777282714999956, 38.060623169000053 ], [ -121.760643004999963, 38.038581848000035 ], [ -121.692733763999968, 38.047100067000031 ], [ -121.659576416, 38.09646987900004 ], [ -121.563140869, 38.09918975800008 ], [ -121.554733276999968, 38.086345673000039 ] ], [ [ -121.801353454999969, 38.052875519000054 ], [ -121.824653624999939, 38.06012725800008 ], [ -121.819908141999974, 38.041454315000067 ], [ -121.801353454999969, 38.052875519000054 ] ] ] } },
{ "type": "Feature", "properties": { "PROVINCE": "GREAT PLAINS" }, "geometry": { "type": "Polygon", "coordinates": [ [ [ -102.777755735999961, 37.567451478000066 ], [ -102.985237120999955, 37.443458557000042 ], [ -103.10035705599995, 37.320869445000028 ], [ -103.114921569999979, 37.251308442000038 ], [ -103.043930054999976, 37.194202424000025 ], [ -102.929252623999957, 37.14244461100003 ], [ -102.629699707999976, 37.086734772000057 ], [ -102.596511840999938, 37.045127869000055 ], [ -102.599594116999981, 36.97780227700008 ], [ -102.682640074999938, 36.903175354000041 ], [ -102.979835510999976, 36.762500763000048 ], [ -103.082740782999963, 36.698097229000041 ], [ -103.14970397899998, 36.635482788000047 ], [ -103.20956420899995, 36.56041336100003 ], [ -103.23954772999997, 36.312610626000037 ], [ -103.268951415999936, 36.23272705100004 ], [ -103.362167358999955, 36.088932038000053 ], [ -103.708572387999936, 35.889141083000027 ], [ -104.300468444999979, 35.632472991000043 ], [ -104.567893981999987, 35.560047150000059 ], [ -104.762367247999975, 35.552463531000058 ], [ -104.825164793999988, 35.529239654000037 ], [ -104.882759092999947, 35.533473968000067 ], [ -104.949676513999975, 35.572200775000056 ], [ -105.038024901999961, 35.567935943000066 ], [ -105.218727110999964, 35.517585754000038 ], [ -105.20422363299997, 35.553546906000065 ], [ -105.187309264999953, 35.773445129000038 ], [ -105.228332519, 35.959049225000058 ], [ -105.185371397999972, 36.610317230000078 ], [ -105.038948058999949, 37.120197296000072 ], [ -105.033073425999987, 37.216426850000062 ], [ -105.26317596399997, 37.62221908500004 ], [ -105.295043945999964, 37.707832336000024 ], [ -105.295700072999978, 37.786045074000072 ], [ -105.268005371999948, 37.847084044000042 ], [ -105.202957153999989, 37.883586883000078 ], [ -105.135391234999986, 37.861122132000048 ], [ -104.987693785999966, 37.773792267000033 ], [ -104.923370360999968, 37.779735565000067 ], [ -104.890342712999939, 37.850650787000063 ], [ -104.896972657, 37.912506104000045 ], [ -104.935867308999946, 38.008941650000054 ], [ -105.05028533899997, 38.128147126000044 ], [ -105.017356872999983, 38.139198303000057 ], [ -104.827384947999974, 38.080123901000036 ], [ -104.571243285999969, 38.047386170000038 ], [ -104.196304320999957, 37.824123383000028 ], [ -104.058326720999958, 37.796459197000047 ], [ -103.716796875999989, 37.789291381000055 ], [ -103.286773681999989, 37.74113845800008 ], [ -103.154609680999954, 37.711360932000048 ], [ -102.777755735999961, 37.567451478000066 ] ] ] } },
{ "type": "Feature", "properties": { "PROVINCE": "PACIFIC BORDER" }, "geometry": { "type": "Polygon", "coordinates": [ [ [ -121.563140869, 38.09918975800008 ], [ -121.581710815999941, 38.11528396600005 ], [ -121.554367064999951, 38.137176513000043 ], [ -121.572830199999942, 38.113803864000033 ], [ -121.563140869, 38.09918975800008 ] ] ] } },
{ "type": "Feature", "properties": { "PROVINCE": "COASTAL PLAIN" }, "geometry": { "type": "Polygon", "coordinates": [ [ [ -76.003112792999957, 38.097377777000077 ], [ -76.010589599999946, 38.074806214000034 ], [ -76.037414550999983, 38.107765198000038 ], [ -76.003112792999957, 38.097377777000077 ] ] ] } },
{ "type": "Feature", "properties": { "PROVINCE": "PACIFIC BORDER" }, "geometry": { "type": "Polygon", "coordinates": [ [ [ -121.911697386999947, 38.072620392000033 ], [ -121.920799254999963, 38.081577301000038 ], [ -121.905761718999941, 38.08277511600005 ], [ -121.911697386999947, 38.072620392000033 ] ] ] } },
{ "type": "Feature", "properties": { "PROVINCE": "PACIFIC BORDER" }, "geometry": { "type": "Polygon", "coordinates": [ [ [ -121.89282226499995, 38.054042816000049 ], [ -121.922050475999981, 38.054889679000041 ], [ -121.911697386999947, 38.072620392000033 ], [ -121.89282226499995, 38.054042816000049 ] ] ] } },
{ "type": "Feature", "properties": { "PROVINCE": "PACIFIC BORDER" }, "geometry": { "type": "Polygon", "coordinates": [ [ [ -121.819908141999974, 38.041454315000067 ], [ -121.824653624999939, 38.06012725800008 ], [ -121.801353454999969, 38.052875519000054 ], [ -121.819908141999974, 38.041454315000067 ] ] ] } },
{ "type": "Feature", "properties": { "PROVINCE": "PACIFIC BORDER" }, "geometry": { "type": "Polygon", "coordinates": [ [ [ -121.875816344999976, 38.036792755000079 ], [ -121.294509888, 37.588733673000036 ], [ -121.069793700999981, 37.191699982000046 ], [ -120.961975097, 37.111118317000034 ], [ -120.791854858999955, 36.88446426400003 ], [ -120.683441161999951, 36.824066161000076 ], [ -120.633323669999982, 36.758613586000024 ], [ -120.54177856299998, 36.685436249000077 ], [ -120.386924743999941, 36.477157592000026 ], [ -120.194671629999959, 36.347648621000076 ], [ -120.190757751999968, 36.243591308000077 ], [ -120.142288206999979, 36.107246399000076 ], [ -119.959465025999975, 35.702007294000055 ], [ -119.717140197999981, 35.418331146000071 ], [ -119.593025206999982, 35.242446901000051 ], [ -119.493370055999947, 35.176063538000051 ], [ -119.307823182, 35.10303878700006 ], [ -119.09289550799997, 35.094284057000039 ], [ -118.950454711999953, 35.036499022000044 ], [ -118.88729858499994, 34.953750610000043 ], [ -118.871269225999981, 34.867443085000048 ], [ -118.803848264999942, 34.804145812000058 ], [ -118.671829223999964, 34.766269684000065 ], [ -118.708564756999976, 34.733112336000033 ], [ -119.179069517999949, 34.633850098000039 ], [ -119.30986022899998, 34.588916780000034 ], [ -119.411010740999984, 34.566310882000039 ], [ -119.527267455999947, 34.569011689000035 ], [ -119.665946959999985, 34.622169496000026 ], [ -119.940818785999966, 34.806350707000036 ], [ -120.320030211999949, 34.998447418000069 ], [ -120.72961425799997, 35.175792695000041 ], [ -120.747123718999944, 35.153881073000036 ], [ -120.861335753999981, 35.20925903400007 ], [ -120.883598326999959, 35.259407044000056 ], [ -120.855010986999957, 35.352111816000047 ], [ -120.849105835999978, 35.313236237000069 ], [ -120.816947936999952, 35.335632324000073 ], [ -120.875205993999941, 35.427764893000074 ], [ -120.991950988999974, 35.456584930000076 ], [ -121.078216554, 35.537673951000045 ], [ -121.14656066799995, 35.629325867000034 ], [ -121.270263671999942, 35.663536071000067 ], [ -121.307319641, 35.717609406000065 ], [ -121.302658082, 35.745487213000047 ], [ -121.329078673999959, 35.801040650000061 ], [ -121.439491271999941, 35.869968414000027 ], [ -121.47928619299995, 35.989036559000056 ], [ -121.560089110999968, 36.017135620000033 ], [ -121.607986450999988, 36.100696563000042 ], [ -121.68948364299996, 36.180595399000026 ], [ -121.77806091399998, 36.232917787000076 ], [ -121.80431366, 36.232353210000042 ], [ -121.826629638999975, 36.25057602000004 ], [ -121.826583862999939, 36.276485444000059 ], [ -121.882278442999961, 36.306938172000059 ], [ -121.884742736999954, 36.389453889000038 ], [ -121.933158874999947, 36.518539430000033 ], [ -121.904869080999958, 36.541942597000059 ], [ -121.955085754999971, 36.582473754000034 ], [ -121.911201477999953, 36.640075683000077 ], [ -121.867202758999952, 36.607433318000062 ], [ -121.843574523999962, 36.614749909000068 ], [ -121.808372498999972, 36.647918702000027 ], [ -121.783363341999973, 36.74322509700005 ], [ -121.747123718999944, 36.715209962000074 ], [ -121.756698607999965, 36.748825073000035 ], [ -121.784622192999961, 36.754051209000068 ], [ -121.770454406999988, 36.81219863900003 ], [ -121.731018066, 36.816486359000066 ], [ -121.723701476999963, 36.837627412000074 ], [ -121.76106262199994, 36.81846618700007 ], [ -121.883056640999939, 36.96134567200005 ], [ -121.913269042999957, 36.973709107000047 ], [ -121.955703734999986, 36.952461242000027 ], [ -121.988647459999981, 36.962429046000068 ], [ -122.012962341, 36.946445465000068 ], [ -122.060821532999967, 36.946693421000077 ], [ -122.172859190999986, 36.999950409000064 ], [ -122.274314879999963, 37.105476380000027 ], [ -122.307815550999976, 37.113803864000033 ], [ -122.347373962999939, 37.166034699000079 ], [ -122.385887146999949, 37.186996460000046 ], [ -122.413856507999981, 37.237922669000056 ], [ -122.388435363999974, 37.351135253000052 ], [ -122.440582275999986, 37.478115081000055 ], [ -122.464653014999953, 37.497451783000031 ], [ -122.489929199999949, 37.493583680000029 ], [ -122.504776, 37.521499634000065 ], [ -122.51036834699994, 37.589313507000043 ], [ -122.488380431999985, 37.606643677000079 ], [ -122.484848022999984, 37.637660979000032 ], [ -122.498214720999954, 37.782943725000052 ], [ -122.473381042999961, 37.786331176000033 ], [ -122.462608337999939, 37.806335450000063 ], [ -122.379402160999973, 37.801406860000043 ], [ -122.368011474999946, 37.741073609000068 ], [ -122.34647369399994, 37.725223541000048 ], [ -122.367218016999971, 37.722042083000076 ], [ -122.366165160999969, 37.651264190000063 ], [ -122.382385252999939, 37.650096893000068 ], [ -122.359672545999956, 37.609786988000053 ], [ -122.291793823999967, 37.57189941300004 ], [ -122.247436521999987, 37.57790374700005 ], [ -122.23704528899998, 37.546119689000079 ], [ -122.183235167999953, 37.532993317000034 ], [ -122.201927183999942, 37.509494781000058 ], [ -122.180633543999988, 37.52084732000003 ], [ -122.152801513999975, 37.496604919000049 ], [ -122.125534056999982, 37.505477904000031 ], [ -122.088752745999955, 37.452098847000059 ], [ -122.041503905999946, 37.445152282000038 ], [ -122.021446229, 37.461254120000035 ], [ -121.976295470999958, 37.460376739000026 ], [ -122.037513732999969, 37.466945649000024 ], [ -122.066162108999947, 37.503883361000078 ], [ -122.093017579, 37.497314453000058 ], [ -122.135559081999986, 37.58313369800004 ], [ -122.146759033999956, 37.660736084000064 ], [ -122.189849852999942, 37.710655213000052 ], [ -122.221511839999948, 37.705219269000054 ], [ -122.212913513999979, 37.723743439000032 ], [ -122.240440367999952, 37.733913422000057 ], [ -122.198081968999986, 37.74480438300003 ], [ -122.312416076999966, 37.778461457000049 ], [ -122.317054748999965, 37.81866455100004 ], [ -122.29586029099994, 37.832294464000029 ], [ -122.307098387999986, 37.891277314000035 ], [ -122.319854736999957, 37.906154634000075 ], [ -122.371498106999979, 37.909343719000049 ], [ -122.412010192999958, 37.959762573000035 ], [ -122.389945983999951, 37.953929900000048 ], [ -122.354263304999961, 38.009971619000055 ], [ -122.295524597999986, 38.01479721100003 ], [ -122.253158569999982, 38.052482604000033 ], [ -122.197784423999963, 38.055751800000053 ], [ -122.134750366, 38.024822235000045 ], [ -122.000625609999986, 38.057151795000038 ], [ -121.875816344999976, 38.036792755000079 ] ] ] } },
{ "type": "Feature", "properties": { "PROVINCE": "COASTAL PLAIN" }, "geometry": { "type": "Polygon", "coordinates": [ [ [ -76.04054260199996, 38.038448334000066 ], [ -76.005439757999966, 38.040290832000039 ], [ -75.981697081999982, 38.001468658000078 ], [ -75.993751525999983, 37.983032226000034 ], [ -76.04054260199996, 38.038448334000066 ] ] ] } },
{ "type": "Feature", "properties": { "PROVINCE": "COASTAL PLAIN" }, "geometry": { "type": "Polygon", "coordinates": [ [ [ -76.04054260199996, 38.038448334000066 ], [ -76.030220031999988, 38.015750885000045 ], [ -76.04550170899995, 38.014591217000032 ], [ -76.04054260199996, 38.038448334000066 ] ] ] } },
{ "type": "Feature", "properties": { "PROVINCE": "COASTAL PLAIN" }, "geometry": { "type": "Polygon", "coordinates": [ [ [ -76.030220031999988, 38.015750885000045 ], [ -76.01815795899995, 37.989223480000078 ], [ -76.030181884999934, 37.972141266000051 ], [ -76.050872802999947, 37.988708496000072 ], [ -76.04550170899995, 38.014591217000032 ], [ -76.030220031999988, 38.015750885000045 ] ] ] } },
{ "type": "Feature", "properties": { "PROVINCE": "COASTAL PLAIN" }, "geometry": { "type": "Polygon", "coordinates": [ [ [ -75.36242675799997, 37.923313141000051 ], [ -75.417274474999942, 37.902950287000067 ], [ -75.316215514999953, 37.985965728000053 ], [ -75.36242675799997, 37.923313141000051 ] ] ] } },
{ "type": "Feature", "properties": { "PROVINCE": "COASTAL PLAIN" }, "geometry": { "type": "Polygon", "coordinates": [ [ [ -75.446182250999982, 37.935646057000042 ], [ -75.418289183999946, 37.92880630500008 ], [ -75.431037902999947, 37.911346436000031 ], [ -75.446182250999982, 37.935646057000042 ] ] ] } },
{ "type": "Feature", "properties": { "PROVINCE": "APPALACHIAN PLATEAUS" }, "geometry": { "type": "Polygon", "coordinates": [ [ [ -84.235061643999984, 37.566406249000067 ], [ -84.100921631999938, 37.599731445000032 ], [ -83.902336120999962, 37.684719084000051 ], [ -83.806632994999973, 37.807796478000057 ], [ -83.730560302999947, 37.866168975000051 ], [ -83.743865966999977, 37.892883300000051 ], [ -83.644332886999962, 37.878810883000028 ], [ -83.569892882999966, 37.849773407000043 ], [ -83.336280820999946, 37.829608918000076 ], [ -83.318092345999958, 37.730545043000063 ], [ -83.600746153999978, 37.436611176000042 ], [ -83.744956969999976, 37.142597200000068 ], [ -83.809249876999957, 37.065402984000059 ], [ -84.07331848299998, 36.871467589000076 ], [ -84.104812620999951, 36.777339936000033 ], [ -84.228668213999981, 36.740142821000063 ], [ -84.322731016999967, 36.683273316000054 ], [ -84.358772277999947, 36.599586488000057 ], [ -84.36528778099995, 36.523929596000073 ], [ -84.348731994, 36.42996215800008 ], [ -84.417686462999939, 36.364006042000028 ], [ -84.489227295999967, 36.194896697000047 ], [ -84.499740600999985, 36.092617034000057 ], [ -84.483451843999944, 35.963096619000055 ], [ -84.694412232, 35.883495330000073 ], [ -84.819175720999965, 35.784721375000061 ], [ -85.156761169999982, 35.401218414000027 ], [ -85.244369506999988, 35.248996734000059 ], [ -85.270812988999978, 35.135414123000032 ], [ -85.238723753999977, 34.96374511700003 ], [ -85.361862183999961, 34.803668975000051 ], [ -85.29121398999996, 34.817657470000029 ], [ -85.229980469999987, 34.80704879700005 ], [ -85.238227843999937, 34.73627471900005 ], [ -85.344711303999986, 34.552356720000034 ], [ -85.485511778999978, 34.439891815000067 ], [ -85.565567016999978, 34.340732575000061 ], [ -85.686401366999974, 34.240467072000058 ], [ -85.811470030999942, 34.164295195000079 ], [ -86.178703306999978, 33.98514175300005 ], [ -86.28270721399997, 33.914546967000035 ], [ -86.354820250999978, 33.818843841000046 ], [ -86.445373534999987, 33.837684633000038 ], [ -86.582786559999988, 33.806240082000045 ], [ -86.646392822999985, 33.712810515000058 ], [ -86.714469907999955, 33.661102294000045 ], [ -86.819557189999955, 33.54070663400006 ], [ -86.991615295999964, 33.420776368000077 ], [ -87.225631713999974, 33.225509643000066 ], [ -87.480201720999958, 33.353637695000032 ], [ -87.519676208999954, 33.571792603000063 ], [ -87.594749450999984, 33.835693359000061 ], [ -87.62184143099995, 34.080055236000078 ], [ -87.692222594999976, 34.319728852000026 ], [ -87.849746703999983, 34.608936310000047 ], [ -87.740814207999961, 34.616786958000034 ], [ -87.645675659999938, 34.595256807000055 ], [ -87.060226439999951, 34.399677275000045 ], [ -86.945472717999962, 34.398368836000031 ], [ -86.852508544999978, 34.441753387000063 ], [ -86.776458740999942, 34.457794189000026 ], [ -86.714736939999966, 34.436740876000044 ], [ -86.647758482999961, 34.442306517000077 ], [ -86.484375000999989, 34.516105652000078 ], [ -86.461563109999986, 34.55715942300003 ], [ -86.47322845399998, 34.695117951000043 ], [ -86.322769163999965, 34.78408432100008 ], [ -86.265624998999954, 34.965419768000061 ], [ -86.222610472999975, 35.038085937000062 ], [ -85.817298889999961, 35.339279175000058 ], [ -85.509963988999971, 35.637035370000035 ], [ -85.414146421999988, 35.817344666000054 ], [ -85.390327453999987, 35.897830962000057 ], [ -85.401390075999984, 35.997566224000025 ], [ -85.361701964999952, 36.222961425000051 ], [ -85.330497740999988, 36.310691834000068 ], [ -85.096679686999948, 36.490249634000065 ], [ -85.065299987999936, 36.537860871000078 ], [ -85.058555602999945, 36.696350098000039 ], [ -85.029632567999954, 36.752376555000069 ], [ -84.907814024999936, 36.759304045000079 ], [ -84.856620788999976, 36.739826201000028 ], [ -84.78325652999996, 36.770599365000066 ], [ -84.735885618999987, 36.913776398000039 ], [ -84.567825316999972, 36.893341065000072 ], [ -84.500137329999973, 36.924507142000039 ], [ -84.473953248999976, 36.972698212000068 ], [ -84.396041870999966, 36.967735290000064 ], [ -84.35601806699998, 37.025577545000033 ], [ -84.352218627999946, 37.131759643000066 ], [ -84.384353638999983, 37.229007721000073 ], [ -84.355278013999964, 37.316635132000044 ], [ -84.321884155999953, 37.357662201000039 ], [ -84.344841003999989, 37.401458739000077 ], [ -84.251571655999953, 37.471115113000053 ], [ -84.235061643999984, 37.566406249000067 ] ] ] } },
{ "type": "Feature", "properties": { "PROVINCE": "COASTAL PLAIN" }, "geometry": { "type": "Polygon", "coordinates": [ [ [ -75.427604674999941, 37.888164521000078 ], [ -75.49100494399994, 37.830287934000069 ], [ -75.456184386999951, 37.888191223000035 ], [ -75.427604674999941, 37.888164521000078 ] ] ] } },
{ "type": "Feature", "properties": { "PROVINCE": "COASTAL PLAIN" }, "geometry": { "type": "Polygon", "coordinates": [ [ [ -75.998153685999966, 37.852985382000043 ], [ -75.979942320999953, 37.803352356000062 ], [ -75.999496459999989, 37.815830231000064 ], [ -75.998153685999966, 37.852985382000043 ] ] ] } },
{ "type": "Feature", "properties": { "PROVINCE": "COASTAL PLAIN" }, "geometry": { "type": "Polygon", "coordinates": [ [ [ -75.523117064999951, 37.818233490000068 ], [ -75.502868651999961, 37.822772980000025 ], [ -75.534965514999953, 37.766868591000048 ], [ -75.523117064999951, 37.818233490000068 ] ] ] } },
{ "type": "Feature", "properties": { "PROVINCE": "COASTAL PLAIN" }, "geometry": { "type": "Polygon", "coordinates": [ [ [ -75.534965514999953, 37.766868591000048 ], [ -75.582214354999962, 37.68441772400007 ], [ -75.556320190999941, 37.762435913000047 ], [ -75.534965514999953, 37.766868591000048 ] ] ] } },
{ "type": "Feature", "properties": { "PROVINCE": "COASTAL PLAIN" }, "geometry": { "type": "Polygon", "coordinates": [ [ [ -75.578567504999967, 37.668037415000072 ], [ -75.610778808999953, 37.590564728000061 ], [ -75.668724059999988, 37.596435547000056 ], [ -75.652954101999967, 37.623401642000033 ], [ -75.641784667999957, 37.605094910000048 ], [ -75.618530272999976, 37.605644226000038 ], [ -75.60942840599995, 37.620918274000076 ], [ -75.634239196999943, 37.62810134800003 ], [ -75.637878417999957, 37.644931793000069 ], [ -75.578567504999967, 37.668037415000072 ] ] ] } },
{ "type": "Feature", "properties": { "PROVINCE": "COASTAL PLAIN" }, "geometry": { "type": "Polygon", "coordinates": [ [ [ -75.646972655999946, 37.571704865000072 ], [ -75.671768188999977, 37.573680878000062 ], [ -75.671707153999989, 37.593307495000033 ], [ -75.625946044999978, 37.588077545000033 ], [ -75.62469482399996, 37.568565368000066 ], [ -75.646972655999946, 37.571704865000072 ] ] ] } },
{ "type": "Feature", "properties": { "PROVINCE": "COASTAL PLAIN" }, "geometry": { "type": "Polygon", "coordinates": [ [ [ -75.659645079999962, 37.520671844000049 ], [ -75.714286803999983, 37.513694764000036 ], [ -75.718460082999968, 37.533248902000025 ], [ -75.697532653999986, 37.534755707000045 ], [ -75.716285705999951, 37.551353454000036 ], [ -75.666809081999986, 37.532936096000071 ], [ -75.598815917999957, 37.581310273000042 ], [ -75.665252684999984, 37.478507995000029 ], [ -75.659645079999962, 37.520671844000049 ] ] ] } },
{ "type": "Feature", "properties": { "PROVINCE": "COASTAL PLAIN" }, "geometry": { "type": "Polygon", "coordinates": [ [ [ -76.419952391999971, 37.518363953000062 ], [ -76.437347411999951, 37.511280060000047 ], [ -76.512237548999963, 37.552257538000049 ], [ -76.507469176999962, 37.561283112000069 ], [ -76.419952391999971, 37.518363953000062 ] ] ] } },
{ "type": "Feature", "properties": { "PROVINCE": "COLORADO PLATEAUS" }, "geometry": { "type": "Polygon", "coordinates": [ [ [ -111.237739563, 37.00731277400007 ], [ -111.048362730999941, 36.936889647000044 ], [ -110.830116271999941, 36.900165559000072 ], [ -110.512199402999954, 36.965602874000069 ], [ -110.395614623999961, 37.017463684000063 ], [ -110.051078795999956, 37.109966279000048 ], [ -109.366065979999973, 37.108932494000044 ], [ -109.23992919899996, 37.089103700000067 ], [ -108.981369018999942, 36.990734101000044 ], [ -108.786743164999962, 36.940082549000067 ], [ -108.621299742999952, 36.937450410000054 ], [ -108.478767394999977, 36.969184876000043 ], [ -108.394187928999941, 37.027542114000028 ], [ -108.192649839999945, 37.368274689000032 ], [ -108.122711181999989, 37.44913482700008 ], [ -108.019256589999941, 37.531093596000062 ], [ -107.907081604999973, 37.522827147000044 ], [ -107.801376342999959, 37.47990036200008 ], [ -107.707015989999945, 37.472511292000036 ], [ -107.563102723999975, 37.50137329000006 ], [ -107.506576538, 37.531906129000049 ], [ -107.245414731999972, 37.46228790400005 ], [ -107.172821044999978, 37.479713439000079 ], [ -107.130401610999968, 37.510456084000054 ], [ -107.067657471999951, 37.466365815000074 ], [ -107.002769469999976, 37.390510559000063 ], [ -106.911354064999955, 37.372669221000024 ], [ -106.825630186999945, 37.320785522000051 ], [ -106.698143006999942, 37.147808074000068 ], [ -106.568367003999981, 37.062610625000048 ], [ -106.344398498999965, 36.699069978000068 ], [ -106.324035644999981, 36.630462646000069 ], [ -106.32788086, 36.563148498000032 ], [ -106.340301514999965, 36.483997346000024 ], [ -106.394302366999966, 36.435096740000063 ], [ -106.492904663, 36.392215728000053 ], [ -106.694305419999978, 36.358528137000064 ], [ -106.789299011999958, 36.320499421000079 ], [ -106.819229125999982, 36.257453919000056 ], [ -106.829383848999953, 36.164131163000036 ], [ -106.816467284999987, 35.96585845900006 ], [ -106.827445983999951, 35.878856659000064 ], [ -106.783836363999967, 35.63845062200005 ], [ -106.831214904999968, 35.562404634000075 ], [ -106.896987913999965, 35.594158171000061 ], [ -107.169952391999971, 35.595413208000025 ], [ -107.309059142999956, 35.554950714000029 ], [ -107.514099119999969, 35.460838318000071 ], [ -107.617630005999956, 35.437477112000067 ], [ -107.942657470999961, 35.547138213000039 ], [ -108.316963194999971, 35.633750915000064 ], [ -108.44634247, 35.651836395000032 ], [ -108.554321288999972, 35.617710113000044 ], [ -108.598243713999977, 35.538719178000065 ], [ -108.608863829999962, 35.448589325000057 ], [ -108.448310852999953, 35.196472168000071 ], [ -108.379524230999948, 35.043773650000048 ], [ -108.433677672999977, 34.925731659000064 ], [ -108.55381012099997, 34.817390443000079 ], [ -108.668464658999937, 34.741306304000034 ], [ -108.78356933699996, 34.696895601000051 ], [ -108.95477294799997, 34.648536683000032 ], [ -109.096916197999974, 34.629852295000035 ], [ -109.466484069999979, 34.613578797000059 ], [ -109.844940184999984, 34.694324494000057 ], [ -109.860908507999966, 34.75561523500005 ], [ -109.936912536999955, 34.863563538000051 ], [ -110.079292297999984, 34.942150115000061 ], [ -110.297538757999973, 34.940898896000078 ], [ -110.452644346999989, 34.985881805000076 ], [ -110.611145019, 35.142951965000066 ], [ -110.711799619999965, 35.269767761000026 ], [ -111.003402708999943, 35.555591584000069 ], [ -111.090660095999965, 35.699428560000058 ], [ -111.36688232399996, 35.903465270000027 ], [ -111.47727966399998, 36.014072419000058 ], [ -111.527519225999981, 36.154003143000068 ], [ -111.614257811999948, 36.782852173000038 ], [ -111.565841674999945, 36.78726959100004 ], [ -111.461242676999973, 36.831649780000077 ], [ -111.35089874099998, 36.909984589000032 ], [ -111.277473449999945, 36.991790771000069 ], [ -111.237739563, 37.00731277400007 ] ] ] } },
{ "type": "Feature", "properties": { "PROVINCE": "COASTAL PLAIN" }, "geometry": { "type": "Polygon", "coordinates": [ [ [ -76.27208709699994, 37.504734039000027 ], [ -76.255760192999958, 37.475101471000073 ], [ -76.305900573999963, 37.494644165000068 ], [ -76.30259704599996, 37.519542694000052 ], [ -76.27208709699994, 37.504734039000027 ] ] ] } },
{ "type": "Feature", "properties": { "PROVINCE": "COASTAL PLAIN" }, "geometry": { "type": "Polygon", "coordinates": [ [ [ -75.669532775999983, 37.445930481000062 ], [ -75.722114562999934, 37.380516052000075 ], [ -75.695899963999977, 37.434535980000078 ], [ -75.706771850999985, 37.440589905000024 ], [ -75.673858641999971, 37.458690643000068 ], [ -75.669532775999983, 37.445930481000062 ] ] ] } },
{ "type": "Feature", "properties": { "PROVINCE": "COASTAL PLAIN" }, "geometry": { "type": "Polygon", "coordinates": [ [ [ -75.829673766999974, 37.414684296000075 ], [ -75.810905456999933, 37.39901351900005 ], [ -75.847457885999972, 37.396793366000054 ], [ -75.829673766999974, 37.414684296000075 ] ] ] } },
{ "type": "Feature", "properties": { "PROVINCE": "COASTAL PLAIN" }, "geometry": { "type": "Polygon", "coordinates": [ [ [ -75.850692748999961, 37.329284668000071 ], [ -75.865165709999985, 37.302730560000043 ], [ -75.899192809999988, 37.308170319000055 ], [ -75.856010436999952, 37.376960754000038 ], [ -75.850692748999961, 37.329284668000071 ] ] ] } },
{ "type": "Feature", "properties": { "PROVINCE": "COASTAL PLAIN" }, "geometry": { "type": "Polygon", "coordinates": [ [ [ -75.71273040799997, 37.361335755000027 ], [ -75.786468505999949, 37.302551270000038 ], [ -75.728553771999941, 37.353404999000077 ], [ -75.732307433999949, 37.366153717000032 ], [ -75.71273040799997, 37.361335755000027 ] ] ] } },
{ "type": "Feature", "properties": { "PROVINCE": "APPALACHIAN PLATEAUS" }, "geometry": { "type": "Polygon", "coordinates": [ [ [ -82.309059142999956, 37.019489288000045 ], [ -82.704612732999976, 36.858318329000042 ], [ -82.770652771999949, 36.872478485000045 ], [ -82.741348266999978, 36.930942536000032 ], [ -82.84556579599996, 36.914642334000064 ], [ -82.986480711999945, 36.84215927200006 ], [ -83.394981383999948, 36.715759277000075 ], [ -84.021598814999948, 36.490688323000029 ], [ -84.105468749999943, 36.445613861000027 ], [ -84.138168334999989, 36.382324218000065 ], [ -84.143898009999987, 36.192176820000043 ], [ -84.167053222999982, 36.100841523000042 ], [ -84.276283264999961, 36.031265259000065 ], [ -84.483451842999955, 35.963096619000055 ], [ -84.499740600999985, 36.092617034000057 ], [ -84.489227295999967, 36.194896699000026 ], [ -84.417686461999949, 36.364006042000028 ], [ -84.34873199499998, 36.42996215900007 ], [ -84.36528778099995, 36.523929596000073 ], [ -84.358772277999947, 36.599586487000067 ], [ -84.322731017999956, 36.683273316000054 ], [ -84.228668211999945, 36.740142822000053 ], [ -84.080101013, 36.78473663300008 ], [ -83.918693541999971, 36.762561798000036 ], [ -83.74114227299998, 36.761444092000033 ], [ -83.460617065999941, 36.810535430000073 ], [ -83.231117247999975, 36.906879425000056 ], [ -82.434387206999986, 37.321304321000071 ], [ -82.330093383999952, 37.334007264000036 ], [ -82.317794798999955, 37.283302308000032 ], [ -82.348739623999961, 37.20928192100007 ], [ -82.351829528999986, 37.152511597000057 ], [ -82.309059142999956, 37.019489288000045 ] ] ] } },
{ "type": "Feature", "properties": { "PROVINCE": "COASTAL PLAIN" }, "geometry": { "type": "Polygon", "coordinates": [ [ [ -91.308517456999937, 29.493303299000047 ], [ -91.295486451999977, 29.511911392000059 ], [ -91.341171263999968, 29.501007080000079 ], [ -91.345252990999938, 29.519729614000028 ], [ -91.426261901999965, 29.532535555000038 ], [ -91.400192258999937, 29.561410902000034 ], [ -91.41318512099997, 29.579057695000074 ], [ -91.385200500999986, 29.663408279000066 ], [ -91.426445006999984, 29.608154298000045 ], [ -91.423736572999985, 29.559164048000071 ], [ -91.547859193999955, 29.531686785000034 ], [ -91.521751403999986, 29.55738449100005 ], [ -91.548484800999972, 29.642129897000075 ], [ -91.643547056999978, 29.643966673000079 ], [ -91.62076568599997, 29.67694664000004 ], [ -91.616439819999982, 29.75446510200004 ], [ -91.567916867999941, 29.768682482000031 ], [ -91.708686829999976, 29.744388579000031 ], [ -91.760887147999938, 29.751195906000078 ], [ -91.834091187999945, 29.900432588000058 ], [ -91.924667357999965, 30.151937486000065 ], [ -91.961318967999944, 30.375762940000072 ], [ -92.085548400999983, 30.708513258000039 ], [ -92.108154298999978, 30.813379289000068 ], [ -92.280769346999989, 31.093399049000027 ], [ -92.324188229999947, 31.27422142100005 ], [ -92.26813507199995, 31.494655609000063 ], [ -92.156646729999977, 31.688966749000031 ], [ -92.009651183999949, 31.867368701000032 ], [ -91.956497190999983, 31.97729873600008 ], [ -91.950553891999959, 32.050662994000049 ], [ -92.056800842999962, 32.35564041300006 ], [ -92.07141113299997, 32.469818116000056 ], [ -92.071945188999962, 32.70185852000003 ], [ -92.042060851999963, 32.828701022000075 ], [ -92.052841184999977, 32.942726135000044 ], [ -92.130432127999939, 33.057754516000045 ], [ -92.184677122999972, 33.218265534000068 ], [ -92.178802489999953, 33.290046694000068 ], [ -92.097396848999949, 33.510910034000062 ], [ -92.030174252999984, 33.644264222000061 ], [ -91.986976625999944, 33.791328430000078 ], [ -91.962333677999936, 34.012733458000071 ], [ -91.972290037999983, 34.137935639000034 ], [ -92.045188903999986, 34.345676421000064 ], [ -92.132896422999977, 34.485137940000072 ], [ -92.181999208999969, 34.696712493000064 ], [ -92.208305360999987, 34.731533052000032 ], [ -92.069488525999986, 34.852252961000033 ], [ -91.968917845999954, 34.996963501000039 ], [ -91.658653257999958, 35.226970671000061 ], [ -91.494018554999968, 35.427597047000063 ], [ -91.427261353999938, 35.571170808000034 ], [ -91.311065674999952, 35.734252930000025 ], [ -91.237373349999984, 35.797939301000042 ], [ -90.99971771099996, 36.170177459000058 ], [ -90.878654480999955, 36.296810152000035 ], [ -90.67154693699996, 36.569087983000031 ], [ -90.307502744999965, 36.921806333000063 ], [ -90.033226014999968, 37.12730407500004 ], [ -89.698356629999978, 37.290485382000043 ], [ -89.521606445999964, 37.324279785000044 ], [ -89.465461732999984, 37.280807497000069 ], [ -89.421218870999951, 37.199718478000079 ], [ -89.332206725999981, 37.203617095000027 ], [ -89.211975095999946, 37.26004028300008 ], [ -89.113212583999939, 37.024841308000077 ], [ -89.113754271999937, 36.884315491000052 ], [ -89.217369080999958, 36.635517120000031 ], [ -89.236152647999972, 36.508949281000071 ], [ -89.348625183999957, 36.34044265600005 ], [ -89.546981812999945, 35.868812559000048 ], [ -89.624023436999948, 35.721759798000051 ], [ -89.786003113999982, 35.525382995000029 ], [ -90.002540586999942, 35.301536562000024 ], [ -90.072029114999964, 35.155292512000074 ], [ -90.084014893999949, 34.991371155000024 ], [ -90.048904418999939, 34.805625917000043 ], [ -89.954589842999951, 34.538208010000062 ], [ -89.852752686999963, 34.045059202000061 ], [ -89.848976134999987, 33.722129820000077 ], [ -89.921051026999976, 33.338027953000051 ], [ -89.984931944999971, 33.188240053000072 ], [ -90.117866515999935, 33.056579590000069 ], [ -90.406616208999935, 32.698059083000032 ], [ -90.497100827999986, 32.632408143000077 ], [ -90.671424867999974, 32.454208374000075 ], [ -90.753868101999956, 32.223289488000034 ], [ -90.839790345999972, 32.101165771000069 ], [ -90.991775512999936, 31.975692751000054 ], [ -91.095504759999983, 31.801418304000038 ], [ -91.233039856999937, 31.68132591400007 ], [ -91.269775390999939, 31.574211120000029 ], [ -91.262435910999955, 31.388868331000026 ], [ -91.273765563999973, 31.299547195000059 ], [ -91.34027862399995, 31.091110229000037 ], [ -91.345977782999967, 30.995399476000046 ], [ -91.326995848999957, 30.874624251000057 ], [ -91.117988586999957, 30.569559096000035 ], [ -91.045448304, 30.508733748000054 ], [ -90.77441405999997, 30.414672852000024 ], [ -90.597076415999936, 30.371019363000073 ], [ -90.278305053999986, 30.334407806000058 ], [ -89.95629882999998, 30.319232939000074 ], [ -89.639137268999946, 30.265230181000049 ], [ -89.456314088999989, 30.199773787000026 ], [ -89.549179078999941, 30.185640334000027 ], [ -89.569763183999953, 30.160005570000067 ], [ -89.616241453999976, 30.166370391000044 ], [ -89.572761534999984, 30.194326403000048 ], [ -89.60887908899997, 30.189716338000039 ], [ -89.600944516999959, 30.18194580200003 ], [ -89.618896483999947, 30.173688890000051 ], [ -89.717117308999946, 30.166675569000063 ], [ -89.701759336999942, 30.148399354000048 ], [ -89.680137633999948, 30.161251069000059 ], [ -89.684310911999944, 30.139276503000076 ], [ -89.718620301999977, 30.135553359000028 ], [ -89.747550965999949, 30.102081300000066 ], [ -89.749259947999974, 30.140979767000033 ], [ -89.721862793999946, 30.163461686000062 ], [ -89.739379884999948, 30.180580140000075 ], [ -89.796653746999937, 30.107452392000027 ], [ -89.785537717999944, 30.097412108000071 ], [ -89.832565307999971, 30.113300321000054 ], [ -89.847541806999971, 30.160848617000056 ], [ -89.864921570999968, 30.149351121000052 ], [ -89.873939513999971, 30.158931734000078 ], [ -89.98529052799995, 30.056432723000057 ], [ -90.111251831999937, 30.043445588000054 ], [ -90.132499693999989, 29.925666807000027 ], [ -90.077682496999955, 29.918645860000026 ], [ -90.048866271999941, 29.940313341000035 ], [ -90.000717161999944, 29.903915403000042 ], [ -89.982780457, 29.897127150000074 ], [ -89.959701536999944, 29.912336352000068 ], [ -89.911643980999941, 29.88276481500003 ], [ -89.907623288999957, 29.922615052000026 ], [ -90.012145994999969, 29.964298249000024 ], [ -90.006004332999964, 29.993169785000077 ], [ -89.848976134999987, 30.01067733800005 ], [ -89.825599671999953, 29.95448112400004 ], [ -89.790267944999982, 29.94267654600003 ], [ -89.71501922799996, 29.969404220000058 ], [ -89.700752258999955, 29.952949523000029 ], [ -89.731254577999948, 29.933660506000024 ], [ -89.712196350999989, 29.897527694000075 ], [ -89.636878966999973, 29.87429428300004 ], [ -89.585861205999947, 29.898159029000055 ], [ -89.561172484999986, 29.976467133000028 ], [ -89.574371336999945, 30.008962632000078 ], [ -89.493194581999944, 30.042402267000057 ], [ -89.455230712999935, 30.028661728000031 ], [ -89.44784545999994, 30.042390825000041 ], [ -89.46260833599996, 30.044227600000056 ], [ -89.440437317999965, 30.073055268000076 ], [ -89.420928954999965, 30.064802170000064 ], [ -89.432022094, 30.044670107000059 ], [ -89.410415648999958, 30.032295225000041 ], [ -89.44573974399998, 30.035982131000026 ], [ -89.464210510999976, 30.003488539000045 ], [ -89.429939269999977, 30.006675719000043 ], [ -89.425735473999964, 29.992938995000031 ], [ -89.47264099299997, 29.993877412000074 ], [ -89.456314088999989, 29.976017 ], [ -89.472129819999964, 29.969156264000048 ], [ -89.453163147999987, 29.963655472000028 ], [ -89.448936462999939, 29.979677201000072 ], [ -89.437355043999958, 29.96685218600004 ], [ -89.41731262199994, 29.984235765000051 ], [ -89.417343136999989, 29.958597182000062 ], [ -89.408889770999963, 29.977361680000058 ], [ -89.395187377999946, 29.978721619000055 ], [ -89.395736691999957, 29.961326597000038 ], [ -89.373062133999952, 29.977783202000069 ], [ -89.380943297999977, 29.951137544000062 ], [ -89.450538636999966, 29.940761565000059 ], [ -89.38320159899996, 29.888513567000075 ], [ -89.434242247999975, 29.90549659800007 ], [ -89.410591126999975, 29.872053147000031 ], [ -89.430587769999988, 29.868864059000032 ], [ -89.42375945799995, 29.85511970400006 ], [ -89.402198789999943, 29.845945357000062 ], [ -89.421157835999963, 29.828100206000045 ], [ -89.36383819699995, 29.817968368000038 ], [ -89.334449769999935, 29.78861617900003 ], [ -89.363365174999956, 29.787738801000046 ], [ -89.378585814999951, 29.804244994000044 ], [ -89.40544891199994, 29.763509749000036 ], [ -89.410148619999973, 29.796947480000028 ], [ -89.426452634999976, 29.787799836000033 ], [ -89.436416625999982, 29.822156907000078 ], [ -89.460075378999989, 29.839569090000055 ], [ -89.506362913999965, 29.840036393000048 ], [ -89.51268005299994, 29.858810426000048 ], [ -89.537391661999948, 29.814384459000053 ], [ -89.495323182999982, 29.81576347500004 ], [ -89.488479612999981, 29.826753618000055 ], [ -89.508468629999982, 29.824007032000054 ], [ -89.494270326999981, 29.834083555000063 ], [ -89.452720641999974, 29.819416045000025 ], [ -89.496376037999937, 29.808435441000029 ], [ -89.499000548999959, 29.787368776000051 ], [ -89.528450011999951, 29.800188063000064 ], [ -89.53106689599997, 29.782325743000058 ], [ -89.507942199999945, 29.768131255000071 ], [ -89.538421629999959, 29.770416261000037 ], [ -89.521072389999972, 29.750724792000028 ], [ -89.573104856999976, 29.762611390000075 ], [ -89.603050233999966, 29.748388290000037 ], [ -89.621994017999953, 29.768980025000076 ], [ -89.604660034999938, 29.779533385000036 ], [ -89.628349302999936, 29.802408219000029 ], [ -89.638267516999974, 29.757511138000041 ], [ -89.664016723999964, 29.756101607000062 ], [ -89.635063171999946, 29.723619462000045 ], [ -89.579895017999945, 29.711305619000029 ], [ -89.615058896999983, 29.694782257000043 ], [ -89.542060850999974, 29.685672758000067 ], [ -89.529983519999973, 29.679719926000075 ], [ -89.539955137999982, 29.671014788000036 ], [ -89.514228819999971, 29.668270111000027 ], [ -89.479957579999962, 29.637432098000033 ], [ -89.708564755999987, 29.708387376000076 ], [ -89.659156800999938, 29.687856675000035 ], [ -89.658065793999981, 29.664493562000075 ], [ -89.641807555999947, 29.673679353000068 ], [ -89.634429929999953, 29.659944533000044 ], [ -89.654884337999988, 29.648006438000039 ], [ -89.620765687999949, 29.644382475000043 ], [ -89.616004945999975, 29.622396471000059 ], [ -89.678474425, 29.637891769000078 ], [ -89.665313719999972, 29.616834639000047 ], [ -89.684707640999989, 29.608098982000058 ], [ -89.680549621999944, 29.624601363000068 ], [ -89.719963074999953, 29.649269103000051 ], [ -89.766128539999954, 29.641836165000029 ], [ -89.705200194999975, 29.622266770000067 ], [ -89.729850768999938, 29.618093492000071 ], [ -89.707786559999988, 29.607599260000029 ], [ -89.731910703999972, 29.603885651000041 ], [ -89.775543211999945, 29.633565902000043 ], [ -89.776008606999937, 29.614320756000041 ], [ -89.689910889999965, 29.587928772000055 ], [ -89.699333188999958, 29.581039429000043 ], [ -89.673568723999949, 29.546714781000048 ], [ -89.688743591, 29.536149980000062 ], [ -89.614288330999955, 29.514713289000042 ], [ -89.605346681999947, 29.490890504000049 ], [ -89.605888364999942, 29.505556107000075 ], [ -89.577598569999964, 29.506954195000048 ], [ -89.590690613999982, 29.497320175000027 ], [ -89.566574096999943, 29.477628706000075 ], [ -89.562919617999967, 29.487714767000057 ], [ -89.536712646999945, 29.465269090000049 ], [ -89.507392884999945, 29.472148894000043 ], [ -89.554512024999951, 29.453344345000062 ], [ -89.523086547, 29.417600632000074 ], [ -89.54978942799994, 29.434095383000056 ], [ -89.564437864999945, 29.419876099000078 ], [ -89.52256012099997, 29.398807526000041 ], [ -89.457664487999978, 29.415761949000057 ], [ -89.418945311999948, 29.408405304000041 ], [ -89.415824890999943, 29.388231278000035 ], [ -89.393302916999971, 29.406089782000038 ], [ -89.389663696999946, 29.388208390000045 ], [ -89.372894285999962, 29.407444002000034 ], [ -89.323196409, 29.398204804000045 ], [ -89.344161985999961, 29.381275177000077 ], [ -89.368728635999958, 29.391853333000029 ], [ -89.388107299999945, 29.377204896000023 ], [ -89.376091004999978, 29.368480681000051 ], [ -89.397010804, 29.368045806000055 ], [ -89.343185426, 29.341388702000074 ], [ -89.293449402999954, 29.367437364000068 ], [ -89.26052856299998, 29.354991914000038 ], [ -89.24962616, 29.329750063000063 ], [ -89.274795531999985, 29.300462725000045 ], [ -89.253402710999978, 29.289869306000071 ], [ -89.250205992999952, 29.309120177000068 ], [ -89.201507567999954, 29.33283805700006 ], [ -89.193038938999962, 29.361698151000041 ], [ -89.185836790999986, 29.330041884000025 ], [ -89.144622803999937, 29.309740065000028 ], [ -89.157218932999967, 29.296483994000027 ], [ -89.132621762999975, 29.304656983000029 ], [ -89.122222900999986, 29.29178237900004 ], [ -89.139060972999971, 29.265245437000033 ], [ -89.108215332999976, 29.270639421000055 ], [ -89.108291625999982, 29.25504875200005 ], [ -89.151672362999989, 29.248777390000043 ], [ -89.12454986399996, 29.239057542000069 ], [ -89.166358945999946, 29.232315062000055 ], [ -89.143386839999948, 29.231782913000075 ], [ -89.152297973999964, 29.222640992000038 ], [ -89.138221740999938, 29.217548371000078 ], [ -89.105239865999977, 29.236694337000074 ], [ -89.11685943599997, 29.20830154600003 ], [ -89.146163939999951, 29.193267822000053 ], [ -89.103843688999973, 29.201375960000064 ], [ -89.093315125999936, 29.219223022000051 ], [ -89.075096129999963, 29.207229612000049 ], [ -89.070823667999946, 29.226932524000063 ], [ -89.05043029899997, 29.232353212000078 ], [ -89.018615722999982, 29.225336077000065 ], [ -89.066253660999962, 29.202148437000062 ], [ -89.072174071999939, 29.166856765000034 ], [ -89.094039917999964, 29.177947997000047 ], [ -89.103027341999962, 29.152755735000028 ], [ -89.078529357999969, 29.148075106000078 ], [ -89.06645965499996, 29.161788941000054 ], [ -89.050392152999962, 29.142457962000037 ], [ -89.022148130999938, 29.155637740000031 ], [ -89.044204713999989, 29.129129409000029 ], [ -89.032775879999974, 29.120365141000036 ], [ -89.052108765999947, 29.11402511700004 ], [ -89.051750182999967, 29.083286285000042 ], [ -89.069419859999982, 29.093910219000065 ], [ -89.070831298999963, 29.122816086000057 ], [ -89.093223570999953, 29.131158829000071 ], [ -89.072090147999972, 29.081993105000038 ], [ -89.093986509999979, 29.080242157000043 ], [ -89.099128723999968, 29.100402832000043 ], [ -89.140411376999964, 29.073984144000065 ], [ -89.129539487999978, 29.05605507000007 ], [ -89.167068480999944, 29.055259703000047 ], [ -89.149909971999989, 29.045112608000068 ], [ -89.135543821999988, 28.994592665000027 ], [ -89.25024413899996, 29.122005462000061 ], [ -89.243606566999972, 29.076114656000073 ], [ -89.309867856999972, 29.048267364000026 ], [ -89.324020387999951, 29.007915498000045 ], [ -89.40118408099994, 28.935970307000048 ], [ -89.308288574999949, 29.054687501000046 ], [ -89.327583310999955, 29.047380448000069 ], [ -89.344200135999984, 29.078144072000043 ], [ -89.31502532899998, 29.070756910000057 ], [ -89.263183592999951, 29.158729554000047 ], [ -89.292388916999982, 29.162460329000055 ], [ -89.299263000999986, 29.124401091000038 ], [ -89.299148557999956, 29.173480987000062 ], [ -89.322074891999989, 29.189573290000055 ], [ -89.33046722399996, 29.166654588000029 ], [ -89.310203551999962, 29.128089904000035 ], [ -89.335830688999977, 29.094646453000053 ], [ -89.349388122999983, 29.090997694000066 ], [ -89.342041015999939, 29.118511199000068 ], [ -89.365020753999943, 29.096523283000067 ], [ -89.348793030999957, 29.133657454000058 ], [ -89.397346498, 29.093805314000065 ], [ -89.406166078999945, 29.136476517000062 ], [ -89.386848449999945, 29.146547316000067 ], [ -89.421798704999958, 29.154834748000042 ], [ -89.465599059999988, 29.219068525000068 ], [ -89.478645325999935, 29.248880386000053 ], [ -89.455657957999961, 29.25208282400007 ], [ -89.461395263999975, 29.264465333000032 ], [ -89.488563535999958, 29.250715254000056 ], [ -89.50841522199994, 29.259428023000055 ], [ -89.489608764999957, 29.244752882000057 ], [ -89.498489380999956, 29.235124589000065 ], [ -89.63486480499995, 29.27768898000005 ], [ -89.664169309999977, 29.299200059000043 ], [ -89.620231625999963, 29.276788714000077 ], [ -89.604042054999979, 29.283683775000043 ], [ -89.607719420999956, 29.297893525000063 ], [ -89.643280029999971, 29.308399199000064 ], [ -89.605667113999971, 29.329074859000059 ], [ -89.603088379999974, 29.35429382500007 ], [ -89.611427306999985, 29.333654404000072 ], [ -89.638099669999974, 29.338665010000057 ], [ -89.684043882999958, 29.307880400000045 ], [ -89.729568483999969, 29.32567405900005 ], [ -89.819496156999946, 29.325904845000025 ], [ -89.766754150999986, 29.345306397000058 ], [ -89.767875672999935, 29.368682860000035 ], [ -89.75946044799997, 29.355409623000071 ], [ -89.751144407999959, 29.372390746000065 ], [ -89.759101869999938, 29.407670977000066 ], [ -89.774734495999951, 29.387004852000075 ], [ -89.786811829999976, 29.401184081000054 ], [ -89.769622801999958, 29.423688890000051 ], [ -89.826606750999986, 29.407032011000069 ], [ -89.806304931999989, 29.435968398000057 ], [ -89.836662291999971, 29.434963226000036 ], [ -89.822044370999947, 29.445549009000047 ], [ -89.83100890999998, 29.462022779000051 ], [ -89.810050964999959, 29.457960129000071 ], [ -89.81062316799995, 29.471708300000046 ], [ -89.855232239999964, 29.493112562000078 ], [ -89.885559083999965, 29.480634688000066 ], [ -89.881446836999942, 29.497608184000057 ], [ -89.905479430999947, 29.483770372000038 ], [ -89.916656493999938, 29.519018175000042 ], [ -89.930114747999937, 29.487800598000035 ], [ -89.910652159999984, 29.470918657000027 ], [ -89.966697692999958, 29.472524643000042 ], [ -89.94893646099996, 29.480850221000026 ], [ -90.00319671799997, 29.532400131000031 ], [ -89.998321531999977, 29.505384444000072 ], [ -89.977813720999961, 29.493101120000063 ], [ -90.065521238999963, 29.525678635000077 ], [ -90.055137633999948, 29.540397646000031 ], [ -90.075653077999959, 29.550830844000075 ], [ -90.09811401199994, 29.539251328000034 ], [ -90.106643675999976, 29.558910369000046 ], [ -90.134407043999943, 29.556003572000066 ], [ -90.117965696999988, 29.530893326000069 ], [ -90.144149779999964, 29.527990341000077 ], [ -90.162857054999961, 29.574163437000038 ], [ -90.120536803999983, 29.59457397500006 ], [ -90.11276245199997, 29.678005220000045 ], [ -90.125831602999938, 29.600959776000025 ], [ -90.194328309999946, 29.575342177000039 ], [ -90.218177794999974, 29.543567655000061 ], [ -90.177803038999969, 29.541994093000028 ], [ -90.170364377999988, 29.52966499300004 ], [ -90.211250304999965, 29.529865267000048 ], [ -90.211128235999979, 29.516117097000063 ], [ -90.187545775, 29.515350342000033 ], [ -90.171615600999985, 29.489786148000064 ], [ -90.153320312999938, 29.494937897000057 ], [ -90.123214723, 29.461656570000059 ], [ -90.044181821999985, 29.468498231000069 ], [ -90.024101259999952, 29.439720153000053 ], [ -90.037101743999983, 29.425447466000037 ], [ -90.050895690999937, 29.454256058000055 ], [ -90.080162048999966, 29.445852281000043 ], [ -90.052299498999957, 29.428579328000069 ], [ -90.057151795999971, 29.37170982300006 ], [ -90.030075073999967, 29.391101836000075 ], [ -90.037132263, 29.349348070000076 ], [ -90.059181214999967, 29.362531663000027 ], [ -90.062782289999973, 29.352884294000035 ], [ -90.02951812799995, 29.303535461000024 ], [ -90.045822142999953, 29.31950187800004 ], [ -90.077690123999957, 29.315668106000032 ], [ -90.058944701999962, 29.327230453000027 ], [ -90.092597960999967, 29.354101181000033 ], [ -90.104598998999961, 29.350826263000044 ], [ -90.099166871999955, 29.321971892000079 ], [ -90.122688292999953, 29.321380615000066 ], [ -90.090042111999935, 29.288091658000042 ], [ -90.10514068599997, 29.28067016600005 ], [ -90.097068786999955, 29.248615266000058 ], [ -90.073997497999983, 29.235441206000075 ], [ -90.099090575, 29.23851585500006 ], [ -90.077880858999947, 29.214574816000038 ], [ -90.043106077999937, 29.223676683000065 ], [ -90.054374694999979, 29.189682006000055 ], [ -90.124488829999962, 29.142971038000042 ], [ -90.233634946999985, 29.097328187000073 ], [ -90.229316710999967, 29.140020371000048 ], [ -90.263900755999941, 29.156753538000032 ], [ -90.239410398999951, 29.160135270000069 ], [ -90.280197144999988, 29.169939040000031 ], [ -90.253128053999944, 29.177469252000037 ], [ -90.275672911999948, 29.188318252000045 ], [ -90.274772644999985, 29.203920363000066 ], [ -90.25324249199997, 29.189853668000069 ], [ -90.267616273999977, 29.22048187200005 ], [ -90.25089264099995, 29.219223022000051 ], [ -90.230247496999937, 29.246881487000053 ], [ -90.249496459999989, 29.237577438000073 ], [ -90.250770565999971, 29.263708117000078 ], [ -90.276504516999978, 29.277742384000078 ], [ -90.281295777999958, 29.231849671000077 ], [ -90.300590513999964, 29.283527374000073 ], [ -90.302482605999955, 29.26287842000005 ], [ -90.328277589999971, 29.282403945000056 ], [ -90.322128297999939, 29.294372559000067 ], [ -90.344047547999935, 29.291452408000055 ], [ -90.332786561999967, 29.315383913000062 ], [ -90.368728636999947, 29.302721026000029 ], [ -90.388236996999979, 29.26954650700003 ], [ -90.374427796999953, 29.248563766000075 ], [ -90.396430970999972, 29.272346496000068 ], [ -90.395072935999963, 29.322681426000031 ], [ -90.432273865999946, 29.329704285000048 ], [ -90.42633819699995, 29.360015868000062 ], [ -90.457145690999937, 29.356081008000046 ], [ -90.44378661899998, 29.330522536000046 ], [ -90.476272583999958, 29.292175293000071 ], [ -90.492065430999958, 29.301662446000023 ], [ -90.482711792999964, 29.350351333000049 ], [ -90.514823912999987, 29.367475511000066 ], [ -90.521606443999985, 29.323856353000053 ], [ -90.504722593999986, 29.311174392000055 ], [ -90.521430969999983, 29.309642792000034 ], [ -90.508193967999944, 29.295551300000056 ], [ -90.535461425999983, 29.302631379000047 ], [ -90.549942014999942, 29.290569307000055 ], [ -90.575706479999951, 29.30269813700005 ], [ -90.562835691999965, 29.317956922000064 ], [ -90.585411073999978, 29.325069429000052 ], [ -90.59447479399995, 29.298839569000052 ], [ -90.607849119999969, 29.322090150000065 ], [ -90.609565732999954, 29.294101715000068 ], [ -90.57391357399996, 29.285289765000073 ], [ -90.586608887999944, 29.25673103400004 ], [ -90.624839781, 29.263677597000026 ], [ -90.584602357999984, 29.222814559000028 ], [ -90.60089874199997, 29.230905531000076 ], [ -90.603874203999965, 29.219408035000072 ], [ -90.626739502999953, 29.249900819000061 ], [ -90.633193970999969, 29.225067141000068 ], [ -90.641563413999961, 29.264421463000076 ], [ -90.684730530999957, 29.287343981000049 ], [ -90.634544374999962, 29.208999635000055 ], [ -90.65454101399996, 29.220254897000075 ], [ -90.635192869999969, 29.180097578000073 ], [ -90.663246155999957, 29.208236696000029 ], [ -90.636795044999985, 29.144300460000068 ], [ -90.658706663999965, 29.182142259000045 ], [ -90.702926632999947, 29.208261492000076 ], [ -90.697052, 29.162458421000053 ], [ -90.687355041999979, 29.177701949000038 ], [ -90.675765991999981, 29.170030595000071 ], [ -90.668457030999946, 29.132495878000043 ], [ -90.698829648999947, 29.140878676000057 ], [ -90.714179993999949, 29.120523453000033 ], [ -90.711914060999959, 29.143943786000079 ], [ -90.68488311599998, 29.150667189000046 ], [ -90.708564757999966, 29.164625168000043 ], [ -90.768287655999984, 29.111185074000048 ], [ -90.780128477999938, 29.135358810000071 ], [ -90.808799743999941, 29.134096146000047 ], [ -90.766494750999982, 29.165336610000054 ], [ -90.806137085999978, 29.163946152000051 ], [ -90.845726013999979, 29.191900253000028 ], [ -90.854850769999985, 29.175273893000053 ], [ -90.83208465599995, 29.154914856000062 ], [ -90.86383819699995, 29.150388719000034 ], [ -90.88020324699994, 29.130455017000031 ], [ -90.887374875999967, 29.153759003000062 ], [ -90.933616636999943, 29.172878265000065 ], [ -90.897872923999955, 29.220134735000045 ], [ -90.857215882999981, 29.224779127000033 ], [ -90.857490537999979, 29.209182739000028 ], [ -90.832267760999969, 29.231969833000051 ], [ -90.812377929999968, 29.229461669000045 ], [ -90.824081422999939, 29.209596633000046 ], [ -90.79412078699994, 29.230598448000023 ], [ -90.829437256999938, 29.250808716000051 ], [ -90.827278136999951, 29.279268266000031 ], [ -90.858276364999938, 29.257787706000045 ], [ -90.895141600999978, 29.275203705000024 ], [ -90.90751647899998, 29.265413284000033 ], [ -90.925056457999972, 29.283069610000041 ], [ -90.878913877999935, 29.305219651000073 ], [ -90.924285888999975, 29.299129486000027 ], [ -90.920578001999957, 29.326692580000042 ], [ -90.886909485, 29.345928193000077 ], [ -90.923858643999949, 29.334901811000066 ], [ -90.951820374999954, 29.349203112000055 ], [ -91.042785642999945, 29.319057463000036 ], [ -91.053680419999978, 29.342288973000052 ], [ -91.018844603, 29.353788375000079 ], [ -91.060417172999962, 29.366952896000043 ], [ -91.090454100999978, 29.350927351000053 ], [ -91.081405637999978, 29.315292358000079 ], [ -91.116905211999949, 29.312475204000066 ], [ -91.130805966999958, 29.354911805000029 ], [ -91.219207762999986, 29.405817031000026 ], [ -91.211509704999969, 29.438947676000055 ], [ -91.308517456999937, 29.493303299000047 ] ], [ [ -91.308517456999937, 29.493303299000047 ], [ -91.278648375999978, 29.493337629000052 ], [ -91.270637510999961, 29.510889051000049 ], [ -91.308517456999937, 29.493303299000047 ] ], [ [ -91.295486451999977, 29.511911392000059 ], [ -91.269309995999947, 29.522369386000037 ], [ -91.277992249999954, 29.536872864000031 ], [ -91.295486451999977, 29.511911392000059 ] ], [ [ -91.277992249999954, 29.536872864000031 ], [ -91.26172638099996, 29.560075761000064 ], [ -91.282905576999951, 29.545064926000066 ], [ -91.277992249999954, 29.536872864000031 ] ], [ [ -89.099128723999968, 29.100402832000043 ], [ -89.107810972999971, 29.134424209000031 ], [ -89.149993895999955, 29.149248123000064 ], [ -89.111488343999952, 29.128932955000039 ], [ -89.130325315999983, 29.11432075700003 ], [ -89.108413694999967, 29.117454528000053 ], [ -89.099128723999968, 29.100402832000043 ] ] ] } },
{ "type": "Feature", "properties": { "PROVINCE": "COASTAL PLAIN" }, "geometry": { "type": "Polygon", "coordinates": [ [ [ -87.945434568999985, 30.682371140000043 ], [ -87.932029721999982, 30.759225843000024 ], [ -87.956428528999936, 30.662866592000057 ], [ -87.959297181999943, 30.679821015000073 ], [ -87.995422360999953, 30.68077659800008 ], [ -87.977424618999976, 30.734016417000078 ], [ -87.992729187999942, 30.740625383000065 ], [ -87.99578857299997, 30.718725203000076 ], [ -88.009803770999952, 30.737657548000072 ], [ -87.984550473999946, 30.779823304000047 ], [ -88.005744933999949, 30.785139085000026 ], [ -88.01977538899996, 30.745103835000066 ], [ -88.004302976999952, 30.689582825000059 ], [ -88.030838011999947, 30.751194 ], [ -88.018531800999938, 30.696176531000049 ], [ -88.034507752999957, 30.694561004000036 ], [ -88.037712098999975, 30.664430620000076 ], [ -88.059700013999986, 30.652832033000038 ], [ -88.065368649999982, 30.60215568700005 ], [ -88.084831238999982, 30.582288740000024 ], [ -88.101707456999975, 30.588905336000039 ], [ -88.100578307999967, 30.62364006100006 ], [ -88.135032652999939, 30.596179962000065 ], [ -88.086082458999954, 30.571331023000027 ], [ -88.084800720999965, 30.553480146000027 ], [ -88.112236022, 30.468769075000068 ], [ -88.108398439999974, 30.382728576000034 ], [ -88.133232116999977, 30.322196962000078 ], [ -88.145225523999954, 30.333324431000051 ], [ -88.135345455999982, 30.354248048000045 ], [ -88.151351926999951, 30.346668243000067 ], [ -88.15751647999997, 30.358179094000036 ], [ -88.154716491999977, 30.335271834000025 ], [ -88.189811704999954, 30.325172425000062 ], [ -88.181671141999971, 30.370822904000079 ], [ -88.207702636999954, 30.365184786000043 ], [ -88.298278808999953, 30.39868927200007 ], [ -88.310211180999943, 30.379608156000074 ], [ -88.335746763999964, 30.40869712600005 ], [ -88.36225890999998, 30.406688688000031 ], [ -88.37522125199996, 30.388525008000045 ], [ -88.401405331999968, 30.393373491000034 ], [ -88.399604796999938, 30.352476121000052 ], [ -88.429656982999973, 30.356590271000073 ], [ -88.44107818599997, 30.332912446000023 ], [ -88.479827877999981, 30.324129103000075 ], [ -88.49591064599997, 30.350353239000071 ], [ -88.557846070999972, 30.349987032000058 ], [ -88.591712950999977, 30.399215697000045 ], [ -88.616950989999964, 30.366945266000073 ], [ -88.727767944999982, 30.34993743800004 ], [ -88.793601988999967, 30.388803481000025 ], [ -88.752807615999984, 30.390365600000052 ], [ -88.79406738299997, 30.396125795000046 ], [ -88.82622527999996, 30.414165497000056 ], [ -88.830307006999988, 30.433399199000064 ], [ -88.912902833999965, 30.442104340000071 ], [ -88.988265989999945, 30.423728943000071 ], [ -88.896614072999967, 30.423263549000069 ], [ -88.845870973, 30.408794404000048 ], [ -88.843864438999958, 30.394603731000075 ], [ -88.976791379999952, 30.395317079000051 ], [ -89.26884460499997, 30.31168937700005 ], [ -89.280479428999968, 30.314916613000037 ], [ -89.276176451999959, 30.340066909000029 ], [ -89.239631652999947, 30.347763063000059 ], [ -89.276115415999982, 30.362024305000034 ], [ -89.255439758999955, 30.372959138000056 ], [ -89.335044859999982, 30.380434038000033 ], [ -89.368247984999982, 30.354854585000055 ], [ -89.321151734999944, 30.34701156400007 ], [ -89.31379699699994, 30.320009230000039 ], [ -89.414924619999965, 30.25745773400007 ], [ -89.409660337999981, 30.239608764000025 ], [ -89.440338135, 30.208059313000035 ], [ -89.429252626999983, 30.19569778500005 ], [ -89.452507018999938, 30.184728623000069 ], [ -89.456314087999942, 30.199773787000026 ], [ -89.639137267999956, 30.265230177000035 ], [ -89.956298826999955, 30.319232942000042 ], [ -90.278305055999965, 30.334407805000069 ], [ -90.597076413999957, 30.371019365000052 ], [ -90.774414060999959, 30.414672852000024 ], [ -91.045448300999965, 30.508733747000065 ], [ -91.117988583999988, 30.569559095000045 ], [ -91.326995848999957, 30.874624251000057 ], [ -91.345977782999967, 30.995399475000056 ], [ -91.34027862399995, 31.091110230000027 ], [ -91.273765564999962, 31.299547195000059 ], [ -91.262435910999955, 31.388868332000072 ], [ -91.269775391999985, 31.57421111900004 ], [ -91.233039855999948, 31.681325910000055 ], [ -91.095504762999951, 31.801418305000027 ], [ -90.991775511999947, 31.975692749000075 ], [ -90.839790343999937, 32.10116577000008 ], [ -90.753868102999945, 32.223289488000034 ], [ -90.671424866999985, 32.454208376000054 ], [ -90.497100828999976, 32.632408142000031 ], [ -90.40661621199996, 32.698059082000043 ], [ -90.117866514999946, 33.056579592000048 ], [ -89.984931944999971, 33.188240051000037 ], [ -89.921051026999976, 33.338027953000051 ], [ -89.84897613399994, 33.722129820000077 ], [ -89.852752684999984, 34.045059203000051 ], [ -89.954589845999976, 34.538208007000037 ], [ -90.04890441799995, 34.805625914000075 ], [ -90.084014893999949, 34.991371155000024 ], [ -90.072029114999964, 35.155292512000074 ], [ -90.002540585999952, 35.301536560000045 ], [ -89.786003113999982, 35.525382995000029 ], [ -89.624023438999984, 35.721759798000051 ], [ -89.546981808999988, 35.868812562000073 ], [ -89.348625181999978, 36.340442659000075 ], [ -89.236152648999962, 36.508949280000024 ], [ -89.217369079999969, 36.635517122000067 ], [ -89.113754273999973, 36.884315488000027 ], [ -89.113212586999964, 37.024841307000031 ], [ -89.211975097999982, 37.260040285000059 ], [ -89.056205749999947, 37.298992158000033 ], [ -88.971946716, 37.275779726000053 ], [ -88.833450316999972, 37.26958084100005 ], [ -88.714790345999972, 37.302928922000035 ], [ -88.586181641999985, 37.261993407000034 ], [ -88.477127072999963, 37.191993715000024 ], [ -88.262435914999969, 36.940223694000053 ], [ -88.141563417999976, 36.701503751000075 ], [ -88.055824279999968, 36.388732908000065 ], [ -88.07215118299996, 35.846755983000037 ], [ -88.118247984999982, 35.718326569000055 ], [ -88.07560730199998, 35.64021301300005 ], [ -88.089813230999937, 35.566261290000057 ], [ -88.200675964999959, 35.473800661000041 ], [ -88.23654937699996, 35.39819336000005 ], [ -88.346214293999935, 35.294319151000025 ], [ -88.311408998, 35.160995485000058 ], [ -88.194030761999954, 35.012191775000076 ], [ -87.874916075999977, 34.674636842000041 ], [ -87.834053037999979, 34.567939757000033 ], [ -87.750244141999985, 34.445270537000056 ], [ -87.692222595999965, 34.319728851000036 ], [ -87.62184143199994, 34.080055235000032 ], [ -87.594749451999974, 33.83569336000005 ], [ -87.519676209999943, 33.571792603000063 ], [ -87.480201720999958, 33.353637693000053 ], [ -87.430305483999973, 33.317970274000061 ], [ -87.239570617999959, 33.236385347000066 ], [ -87.023162840999987, 33.096771242000045 ], [ -86.837783811999941, 33.058086394000043 ], [ -86.473693849999961, 32.848419189000026 ], [ -86.181526185999985, 32.702919006000059 ], [ -86.050849912999979, 32.647193909000066 ], [ -85.906150818999947, 32.628299711000068 ], [ -85.075256345999946, 32.542129516000045 ], [ -84.770080564999944, 32.567222595000032 ], [ -84.355094910999981, 32.636264800000049 ], [ -84.133941648999951, 32.696617125000046 ], [ -83.661796567999943, 32.880718229000024 ], [ -82.342041015999939, 30.124105454000073 ], [ -82.746299743999941, 29.899242401000038 ], [ -82.895088193999982, 29.83436965900006 ], [ -83.414688111999965, 29.672330857000077 ], [ -83.478118897999934, 29.690923689000044 ], [ -83.580467222999971, 29.761953356000049 ], [ -83.588554382999973, 29.821647646000031 ], [ -83.675148010999976, 29.926177980000034 ], [ -83.729484559999946, 29.946762084000056 ], [ -83.739097593999986, 29.965232849000074 ], [ -83.761299134999945, 29.961925505000067 ], [ -83.779586790999986, 29.994722368000055 ], [ -83.796226501999968, 29.980331420000027 ], [ -83.830856322999978, 29.987733841000079 ], [ -83.845001220999961, 30.018623352000077 ], [ -83.878799438999977, 30.01592445600005 ], [ -84.000465391999967, 30.109670638000068 ], [ -84.106094360999975, 30.106029510000042 ], [ -84.103202818999989, 30.089971542000058 ], [ -84.139434813999969, 30.100955964000036 ], [ -84.142379758999937, 30.082223894000037 ], [ -84.180999756999938, 30.075830458000041 ], [ -84.174293516999967, 30.099550248000071 ], [ -84.197448730999952, 30.103490828000076 ], [ -84.203994751999971, 30.123706816000038 ], [ -84.235153196999988, 30.088369371000056 ], [ -84.242752073999952, 30.109054567000044 ], [ -84.270767212999942, 30.106624605000036 ], [ -84.280357361999961, 30.064620972000057 ], [ -84.285476682999956, 30.075204850000034 ], [ -84.300994873999969, 30.060270311000068 ], [ -84.333412171999953, 30.080760957000052 ], [ -84.366439820999972, 30.057762147000062 ], [ -84.371200562999945, 30.01844215400007 ], [ -84.384132382999951, 30.036886214000049 ], [ -84.388504028999989, 30.025028231000078 ], [ -84.387298582999961, 29.997549055000036 ], [ -84.369949342999973, 29.994165419000069 ], [ -84.36764526199994, 30.008335112000054 ], [ -84.343887329999973, 29.972833635000029 ], [ -84.447189332999983, 30.012790678000044 ], [ -84.433113098999968, 29.959547041000064 ], [ -84.384559630999945, 29.965930940000078 ], [ -84.341697692999958, 29.949024200000053 ], [ -84.340454100999978, 29.901832582000054 ], [ -84.373451231999979, 29.891639710000049 ], [ -84.418075563999935, 29.901248934000023 ], [ -84.367019653999989, 29.900272371000028 ], [ -84.360527040999955, 29.912569045000055 ], [ -84.464569090999987, 29.929630280000026 ], [ -84.489036561999967, 29.910627367000075 ], [ -84.543823242999963, 29.907915113000058 ], [ -84.876861572999985, 29.729419709000069 ], [ -84.902000424999983, 29.739639280000063 ], [ -84.845870969999964, 29.794736861000047 ], [ -84.853614807999975, 29.81356239400003 ], [ -84.883087155999988, 29.810525895000069 ], [ -84.882690430999958, 29.793121338000049 ], [ -84.936302184999988, 29.795700072000045 ], [ -84.923851011999943, 29.77090454000006 ], [ -84.940826415999936, 29.748088839000047 ], [ -84.971244812999942, 29.757402420000062 ], [ -84.966094969999972, 29.741346357000054 ], [ -84.982353211999964, 29.746004104000065 ], [ -84.988288877999935, 29.719923020000067 ], [ -85.037193296999988, 29.711437224000065 ], [ -85.075988768999935, 29.725337982000042 ], [ -85.248916623999946, 29.69289016700003 ], [ -85.227951050999934, 29.681846618000066 ], [ -85.364982604999966, 29.683017731000064 ], [ -85.387123109999948, 29.729524611000045 ], [ -85.35814666899995, 29.691255568000031 ], [ -85.306663511999943, 29.701711655000054 ], [ -85.300621030999935, 29.809799195000039 ], [ -85.384597778999989, 29.923482893000028 ], [ -85.493385313999966, 29.974058151000065 ], [ -85.484115602999964, 29.986722947000032 ], [ -85.531021116999966, 30.011898042000041 ], [ -85.537887573999967, 30.03478431700006 ], [ -85.677795407999952, 30.115659715000049 ], [ -85.684173582999961, 30.136243819000072 ], [ -85.666252137999948, 30.148172377000037 ], [ -85.669914244999973, 30.13169098000003 ], [ -85.625556947999939, 30.124427797000067 ], [ -85.62076568699996, 30.09697342000004 ], [ -85.572746276999965, 30.101591110000072 ], [ -85.537910458999988, 30.083761215000038 ], [ -85.540008546999957, 30.064535142000068 ], [ -85.47039794799997, 30.016475676000027 ], [ -85.415031432999967, 30.031551362000073 ], [ -85.435592651999968, 30.033397673000024 ], [ -85.432418823999967, 30.045753478000051 ], [ -85.40130615399994, 30.046188354000037 ], [ -85.371810911999944, 30.02189826700004 ], [ -85.394966125999986, 30.058084488000077 ], [ -85.433990476999952, 30.061317443000064 ], [ -85.430282593999948, 30.079624175000049 ], [ -85.446655271999987, 30.04759406900007 ], [ -85.48252105499995, 30.046689990000061 ], [ -85.488838193999982, 30.100700377000067 ], [ -85.519447327999956, 30.102529526000069 ], [ -85.498870846999978, 30.139142990000039 ], [ -85.554290769999966, 30.125402449000035 ], [ -85.562759397999969, 30.145532607000064 ], [ -85.58015441799995, 30.119436262000079 ], [ -85.63774872, 30.158279419000053 ], [ -85.641410826999959, 30.138139723000052 ], [ -85.653068540999982, 30.157800673000054 ], [ -85.728126527999962, 30.183755875000031 ], [ -85.722885128999962, 30.199323654000068 ], [ -85.700172424999948, 30.200740812000049 ], [ -85.697586057999956, 30.223165512000037 ], [ -85.676979063999966, 30.225486755000077 ], [ -85.678085326999962, 30.251110078000067 ], [ -85.659584044999974, 30.250679016000049 ], [ -85.661720273999947, 30.263486863000026 ], [ -85.60142517099996, 30.248918531000072 ], [ -85.604629516999978, 30.269960401000048 ], [ -85.583473207999987, 30.267232896000053 ], [ -85.580329892999941, 30.302463530000068 ], [ -85.55493163899996, 30.286468507000052 ], [ -85.579826356999945, 30.327167512000074 ], [ -85.599357605999955, 30.284606936000046 ], [ -85.645874021999987, 30.272659302000079 ], [ -85.640090942999961, 30.289594651000073 ], [ -85.657546997999987, 30.290029527000058 ], [ -85.703506470999969, 30.267536163000045 ], [ -85.708198548999974, 30.240074157000038 ], [ -85.721961973999953, 30.247369768000056 ], [ -85.722587586999964, 30.283967971000038 ], [ -85.750640867999948, 30.290771483000071 ], [ -85.758140562999984, 30.322319030000074 ], [ -85.769699098, 30.296216965000042 ], [ -85.804100034999976, 30.301158907000058 ], [ -85.815689084999974, 30.289230349000036 ], [ -85.868690491999985, 30.312854767000033 ], [ -85.843704223999964, 30.284114837000061 ], [ -85.841392514999939, 30.236539841000024 ], [ -85.819160460999967, 30.228828430000078 ], [ -85.800758360999964, 30.254503251000074 ], [ -85.755775449999987, 30.241806029000031 ], [ -85.763664245999962, 30.228059770000073 ], [ -85.737709042999938, 30.210731506000059 ], [ -85.750823975999936, 30.177299498000025 ], [ -85.706382751999968, 30.14901923900004 ], [ -85.71744537099994, 30.141218183000035 ], [ -85.772979737999947, 30.168550492000065 ], [ -85.726387022999972, 30.128843308000057 ], [ -85.868278500999963, 30.221811295000066 ], [ -85.987007140999935, 30.274412153000071 ], [ -86.264923095999961, 30.363878248000049 ], [ -86.480201719999968, 30.391904830000044 ], [ -86.505310059999942, 30.409973146000027 ], [ -86.479034424999952, 30.427591325000037 ], [ -86.447036741999966, 30.409574507000059 ], [ -86.432830811999963, 30.417930602000069 ], [ -86.322929384999952, 30.394107819000055 ], [ -86.325279234999982, 30.417415618000064 ], [ -86.305297849999988, 30.432657243000051 ], [ -86.286972046999949, 30.400316237000027 ], [ -86.234535215999983, 30.399763108000059 ], [ -86.224601744999973, 30.414922716000035 ], [ -86.261734010999987, 30.42016219900006 ], [ -86.243896481999968, 30.439035417000071 ], [ -86.157684327999959, 30.393846514000074 ], [ -86.107398987999943, 30.397336960000075 ], [ -86.12836456499997, 30.437467574000038 ], [ -86.155479428999968, 30.448743819000072 ], [ -86.137786866999988, 30.490919113000075 ], [ -86.16620636, 30.46468543900005 ], [ -86.204528809999942, 30.483196260000057 ], [ -86.197273254999971, 30.502450941000063 ], [ -86.230537415999947, 30.486228944000061 ], [ -86.324401854999962, 30.487854005000031 ], [ -86.418502804999946, 30.462871552000024 ], [ -86.436477662999948, 30.505250929000056 ], [ -86.415786742999956, 30.50451087700003 ], [ -86.411697387999936, 30.518262865000054 ], [ -86.449851990999946, 30.515197752000063 ], [ -86.456489563, 30.493188857000064 ], [ -86.487640382999984, 30.526296613000056 ], [ -86.475990296999953, 30.482957839000051 ], [ -86.555519101999948, 30.441978453000047 ], [ -86.578910826999959, 30.447696687000075 ], [ -86.587860106999983, 30.482824324000035 ], [ -86.605751038999983, 30.47304153400006 ], [ -86.590988160999984, 30.438886641000067 ], [ -86.630798337999977, 30.44397544800006 ], [ -86.583473204999962, 30.432100295000055 ], [ -86.589141845999961, 30.419694901000071 ], [ -86.790351868999949, 30.417968748000078 ], [ -87.072708128999977, 30.384113312000068 ], [ -87.189086912999983, 30.351736070000072 ], [ -87.206253049999987, 30.362451553000028 ], [ -87.179100034999976, 30.381168367000043 ], [ -87.151901244999976, 30.371515272000067 ], [ -87.098526001999971, 30.404325485000072 ], [ -87.02279662899997, 30.405399321000061 ], [ -86.928916932999982, 30.459718704000068 ], [ -86.865036010999972, 30.443605423000065 ], [ -87.020530699999938, 30.51200103900004 ], [ -87.010917665999955, 30.53728675900004 ], [ -86.989067078999938, 30.532094955000048 ], [ -87.002075195999964, 30.547010423000074 ], [ -86.987762450999981, 30.576927184000056 ], [ -87.019721983999943, 30.611242295000068 ], [ -87.027450560999966, 30.598789213000032 ], [ -87.005889893999949, 30.581253051000033 ], [ -87.035552977999942, 30.549293519000059 ], [ -87.06607818699996, 30.452821732000075 ], [ -87.096282957999961, 30.452386856000032 ], [ -87.095771788999969, 30.535175324000079 ], [ -87.12889099299997, 30.546123505000025 ], [ -87.112701413999957, 30.559623719000058 ], [ -87.136054992999959, 30.559736254000029 ], [ -87.148788451999962, 30.585611345000075 ], [ -87.173294064999936, 30.589815138000063 ], [ -87.180290222999986, 30.542608259000076 ], [ -87.145355223999957, 30.494201662000023 ], [ -87.174194334999981, 30.426073075000033 ], [ -87.192893982999976, 30.459177017000059 ], [ -87.187835692999954, 30.419460299000036 ], [ -87.26284789999994, 30.384431839000058 ], [ -87.323554993999949, 30.375207902000056 ], [ -87.258499143999984, 30.379011152000032 ], [ -87.259025573999963, 30.354299547000039 ], [ -87.378227230999983, 30.334484098000075 ], [ -87.403167724999946, 30.314380645000028 ], [ -87.312065122999968, 30.334678648000079 ], [ -87.336631774999944, 30.320545198000048 ], [ -87.500221253999939, 30.290729523000039 ], [ -87.509185790999936, 30.295227050000051 ], [ -87.448768614999949, 30.318058013000041 ], [ -87.498001098999964, 30.31864738400003 ], [ -87.49861907899998, 30.337192537000078 ], [ -87.479125976999967, 30.343229294000025 ], [ -87.49505615399994, 30.375625612000078 ], [ -87.495773314999951, 30.350437165000073 ], [ -87.510597228999984, 30.364501952000069 ], [ -87.519065858999966, 30.328626635000035 ], [ -87.573959350999985, 30.313310623000064 ], [ -87.575469971999951, 30.350759507000078 ], [ -87.592010499999958, 30.341924666000068 ], [ -87.598991392999949, 30.36579322800003 ], [ -87.612800597999978, 30.364200591000042 ], [ -87.592346189999944, 30.322299959000077 ], [ -87.617073060999985, 30.306249619000027 ], [ -87.513595581999937, 30.312980653000068 ], [ -87.570060731999945, 30.289073945000041 ], [ -87.55633544799997, 30.279293059000054 ], [ -87.792533874999947, 30.231018067000036 ], [ -87.982452390999981, 30.234197618000053 ], [ -88.028678893999938, 30.221097948000079 ], [ -88.023086550999949, 30.237955095000075 ], [ -87.958984371999975, 30.244855880000046 ], [ -87.937431333999939, 30.265602112000067 ], [ -87.913459779999982, 30.246501921000061 ], [ -87.855766294999967, 30.246135714000047 ], [ -87.778129575999969, 30.265550614000063 ], [ -87.744194032999985, 30.298385622000069 ], [ -87.738410947999967, 30.272663117000036 ], [ -87.721252439999944, 30.285186768000074 ], [ -87.73337554799997, 30.308740617000069 ], [ -87.756851193999978, 30.299055100000032 ], [ -87.823532105999959, 30.349508286000059 ], [ -87.838394165999944, 30.376705172000072 ], [ -87.816223142999945, 30.400148390000027 ], [ -87.829673767999964, 30.416360854000061 ], [ -87.849510192999958, 30.404310229000032 ], [ -87.843025207999972, 30.383634566000069 ], [ -87.912818910999988, 30.417139052000039 ], [ -87.940101621999986, 30.487506865000057 ], [ -87.902305601999956, 30.549619674000041 ], [ -87.945434568999985, 30.682371140000043 ] ], [ [ -87.932029721999982, 30.759225843000024 ], [ -87.919731138999964, 30.829648973000076 ], [ -87.942260740999984, 30.792947770000069 ], [ -87.932029721999982, 30.759225843000024 ] ] ] } },
{ "type": "Feature", "properties": { "PROVINCE": "COASTAL PLAIN" }, "geometry": { "type": "Polygon", "coordinates": [ [ [ -75.871437071999935, 37.227550506000057 ], [ -75.878059386999951, 37.162349701000039 ], [ -75.900520324999945, 37.192573547000052 ], [ -75.910461425999983, 37.159606934000067 ], [ -75.900100707999968, 37.21206283500004 ], [ -75.920761108999955, 37.245887757000048 ], [ -75.861770629999967, 37.299057007000044 ], [ -75.853858947999981, 37.264492035000046 ], [ -75.878860472999975, 37.258480072000054 ], [ -75.890541076999966, 37.226448059000063 ], [ -75.883232115999988, 37.216827392000027 ], [ -75.871437071999935, 37.227550506000057 ] ] ] } },
{ "type": "Feature", "properties": { "PROVINCE": "COASTAL PLAIN" }, "geometry": { "type": "Polygon", "coordinates": [ [ [ -75.791831969999976, 37.29582595800008 ], [ -75.79692840599995, 37.25010681200007 ], [ -75.809875487999989, 37.265701294000053 ], [ -75.791831969999976, 37.29582595800008 ] ] ] } },
{ "type": "Feature", "properties": { "PROVINCE": "VALLEY AND RIDGE" }, "geometry": { "type": "Polygon", "coordinates": [ [ [ -81.423782347999975, 37.288539886000081 ], [ -81.312828061999937, 37.001155854000046 ], [ -81.273742675999983, 36.821918488000051 ], [ -81.476669311999956, 36.796314240000072 ], [ -81.762687682999967, 36.665527345000044 ], [ -81.854370118999952, 36.608833313000048 ], [ -81.980308530999935, 36.515110015000062 ], [ -82.059623718999944, 36.264862062000077 ], [ -82.268867492999959, 36.241226196000071 ], [ -82.490013122999983, 36.185333251000031 ], [ -82.975318908999952, 35.983585357000038 ], [ -83.109992980999948, 35.945049286000028 ], [ -83.343406677999951, 35.911102296000024 ], [ -83.428512573999967, 35.84597778300008 ], [ -83.552497863999974, 35.820014953000054 ], [ -83.789901733999955, 35.852321625000059 ], [ -83.865310670999975, 35.782627106000064 ], [ -83.985984802999951, 35.60650634700005 ], [ -84.059226988999967, 35.534847260000049 ], [ -84.379394532999981, 35.428451537000058 ], [ -84.515609740999935, 35.316860200000065 ], [ -84.607200622999983, 35.18468856700008 ], [ -84.619720457999961, 35.090591432000053 ], [ -84.69517517099996, 34.918563843000072 ], [ -84.694633482999961, 34.818382263000046 ], [ -84.650863645999948, 34.718662263000056 ], [ -84.641128540999944, 34.61440658600003 ], [ -84.666580200999988, 34.40562439100006 ], [ -84.700111388999971, 34.285026550000055 ], [ -84.762901307999982, 34.189540863000047 ], [ -84.946250914999951, 34.011974333000069 ], [ -85.069923400999983, 33.96189498800004 ], [ -85.261230468999941, 33.995941162000065 ], [ -85.423782347999975, 33.872810365000078 ], [ -85.561737058999938, 33.640644073000033 ], [ -85.635948181999936, 33.620361327000069 ], [ -86.011840821999954, 33.431171418000076 ], [ -86.323852539999962, 33.35464096100003 ], [ -86.391059874999939, 33.296264648000033 ], [ -86.419143675999976, 33.205131531000063 ], [ -86.477737426999965, 33.165473939000037 ], [ -86.534202576999974, 33.190864564000037 ], [ -86.676109313999973, 33.208946228000059 ], [ -86.773750306999943, 33.020549773000027 ], [ -86.837783812999987, 33.058086394000043 ], [ -87.023162842999966, 33.096771239000077 ], [ -87.225631713999974, 33.225509643000066 ], [ -86.991615295999964, 33.420776366000041 ], [ -86.819557189999955, 33.540706635000049 ], [ -86.714469909999934, 33.661102294000045 ], [ -86.646392822999985, 33.712810515000058 ], [ -86.582786560999978, 33.806240081000055 ], [ -86.445373533999941, 33.837684633000038 ], [ -86.354820249999989, 33.818843840000056 ], [ -86.282707214999959, 33.914546968000025 ], [ -86.178703307999967, 33.985141755000029 ], [ -85.811470031999988, 34.164295196000069 ], [ -85.686401365999984, 34.240467072000058 ], [ -85.565567017999967, 34.340732574000072 ], [ -85.485511778999978, 34.439891814000077 ], [ -85.34471130299994, 34.552356720000034 ], [ -85.238227842999947, 34.73627472000004 ], [ -85.229980467999951, 34.807048796000061 ], [ -85.291213987999981, 34.817657470000029 ], [ -85.361862182999971, 34.803668975000051 ], [ -85.238723754999967, 34.963745116000041 ], [ -85.270812988999978, 35.135414124000079 ], [ -85.244369506999988, 35.24899673300007 ], [ -85.156761167999946, 35.401218415000073 ], [ -84.819175719999976, 35.78472137600005 ], [ -84.694412232, 35.883495331000063 ], [ -84.276283263999971, 36.031265258000076 ], [ -84.167053223999972, 36.100841523000042 ], [ -84.143898009999987, 36.192176819000053 ], [ -84.138168335999978, 36.382324217000075 ], [ -84.105468750999989, 36.445613862000073 ], [ -83.901054381999984, 36.538097382000046 ], [ -82.986480711999945, 36.842159271000071 ], [ -82.84556579599996, 36.914642335000053 ], [ -82.741348264999942, 36.930942534000053 ], [ -82.77065276999997, 36.872478485000045 ], [ -82.704612731999987, 36.858318329000042 ], [ -82.358703612999989, 37.004138947000058 ], [ -81.538513182999964, 37.242774963000045 ], [ -81.423782347999975, 37.288539886000081 ] ] ] } },
{ "type": "Feature", "properties": { "PROVINCE": "BLUE RIDGE" }, "geometry": { "type": "Polygon", "coordinates": [ [ [ -79.868141174999948, 37.228656769000054 ], [ -79.722572326999966, 37.157878876000041 ], [ -80.332115174999956, 36.735462189000032 ], [ -80.462432859999979, 36.677333832000045 ], [ -80.568672180999954, 36.672763825000061 ], [ -80.667465210999978, 36.637020112000073 ], [ -80.77756500299995, 36.482387541000037 ], [ -80.909324646999949, 36.374828339000032 ], [ -81.295082093999952, 36.173412322000047 ], [ -81.544181824999953, 35.94231033300008 ], [ -81.82746124199997, 35.813049317000036 ], [ -81.994407654999975, 35.754409790000068 ], [ -82.021492004999971, 35.654731750000053 ], [ -81.995002748, 35.512069702000076 ], [ -82.088584898999954, 35.311176299000067 ], [ -82.092750549999948, 35.246730803000048 ], [ -82.139755248999961, 35.185882568000068 ], [ -82.248497008999948, 35.100723267000035 ], [ -82.402214051999977, 35.027111054000045 ], [ -82.557891845999961, 34.918647766000049 ], [ -82.679809569999975, 34.931251527000029 ], [ -82.858009337999988, 34.975452422000046 ], [ -82.943321227999945, 34.945648194000057 ], [ -83.073631284999976, 34.795486450000055 ], [ -83.171386717999951, 34.752536772000042 ], [ -83.350807188999966, 34.71377182100008 ], [ -83.555740357, 34.756832124000027 ], [ -83.633163451999962, 34.73983764500008 ], [ -83.794990539999958, 34.661991120000039 ], [ -83.976318357999958, 34.619289398000035 ], [ -84.23902130099998, 34.467208862000064 ], [ -84.291458130999956, 34.507526398000039 ], [ -84.392150878999985, 34.692539214000078 ], [ -84.465736388999971, 34.711143493000066 ], [ -84.648231504999956, 34.690437317000033 ], [ -84.694633482999961, 34.818382264000036 ], [ -84.69517517099996, 34.918563844000062 ], [ -84.61972045899995, 35.090591430000075 ], [ -84.607200621999937, 35.18468856800007 ], [ -84.515609739999945, 35.316860199000075 ], [ -84.379394530999946, 35.428451539000037 ], [ -84.059226989999956, 35.534847260000049 ], [ -83.985984801999962, 35.60650634700005 ], [ -83.865310668999939, 35.782627105000074 ], [ -83.789901733999955, 35.852321624000069 ], [ -83.552497863999974, 35.820014952000065 ], [ -83.428512571999988, 35.84597778300008 ], [ -83.343406675999972, 35.911102296000024 ], [ -83.109992980999948, 35.945049286000028 ], [ -82.975318906999973, 35.983585357000038 ], [ -82.490013121999937, 36.185333253000067 ], [ -82.26886749199997, 36.24122619700006 ], [ -82.059623718999944, 36.264862062000077 ], [ -81.98030853299997, 36.515110015000062 ], [ -81.762687680999989, 36.665527343000065 ], [ -81.601699827999937, 36.741870879000032 ], [ -81.476669311999956, 36.796314239000026 ], [ -81.202621458999943, 36.831501007000043 ], [ -81.018692016999978, 36.829528810000056 ], [ -80.824127197999985, 36.867042542000036 ], [ -80.522628783999949, 37.019561769000063 ], [ -80.195991515999935, 37.150333404000037 ], [ -80.076591491999977, 37.261878968000076 ], [ -80.011276244999976, 37.235290526000028 ], [ -79.868141174999948, 37.228656769000054 ] ] ] } },
{ "type": "Feature", "properties": { "PROVINCE": "COASTAL PLAIN" }, "geometry": { "type": "Polygon", "coordinates": [ [ [ -75.792098998999961, 37.23371505800003 ], [ -75.801666259999934, 37.219795227000077 ], [ -75.841674803999979, 37.21445465100004 ], [ -75.840164183999946, 37.230300903000057 ], [ -75.792098998999961, 37.23371505800003 ] ] ] } },
{ "type": "Feature", "properties": { "PROVINCE": "COASTAL PLAIN" }, "geometry": { "type": "Polygon", "coordinates": [ [ [ -75.843933104999962, 37.190452575000052 ], [ -75.86900329599996, 37.180366516000049 ], [ -75.860466003999989, 37.200653076000037 ], [ -75.82389068599997, 37.208312988000046 ], [ -75.843933104999962, 37.190452575000052 ] ] ] } },
{ "type": "Feature", "properties": { "PROVINCE": "COASTAL PLAIN" }, "geometry": { "type": "Polygon", "coordinates": [ [ [ -75.885185241999977, 37.126625061000027 ], [ -75.924697875999982, 37.114452362000065 ], [ -75.871391295999956, 37.150470734000066 ], [ -75.885185241999977, 37.126625061000027 ] ] ] } },
{ "type": "Feature", "properties": { "PROVINCE": "COLORADO PLATEAUS" }, "geometry": { "type": "Polygon", "coordinates": [ [ [ -111.614257812999938, 36.782852174000027 ], [ -111.527519225999981, 36.154003144000058 ], [ -111.47727966399998, 36.014072419000058 ], [ -111.36688232399996, 35.903465272000062 ], [ -111.090660094999976, 35.699428557000033 ], [ -111.003402709999989, 35.55559158300008 ], [ -110.711799620999955, 35.269767762000072 ], [ -110.611145019, 35.142951965000066 ], [ -110.452644347999978, 34.985881806000066 ], [ -110.297538757999973, 34.940898895000032 ], [ -110.079292297999984, 34.94215011600005 ], [ -109.936912535999966, 34.86356353900004 ], [ -109.860908507999966, 34.75561523500005 ], [ -109.844940185999974, 34.694324494000057 ], [ -109.907730102999949, 34.517276763000041 ], [ -109.93609619199998, 34.311088562000066 ], [ -109.869941711999957, 34.146755218000067 ], [ -110.578124998999954, 34.224868775000061 ], [ -110.823661804999972, 34.292858124000077 ], [ -111.010780333999946, 34.393886568000028 ], [ -111.116928100999985, 34.43095779500004 ], [ -111.499114990999942, 34.499248505000025 ], [ -111.581192015999989, 34.530784607000044 ], [ -111.626853941999968, 34.588745116000041 ], [ -111.714851379999971, 34.782608032000041 ], [ -111.802879333999954, 34.876605988000051 ], [ -111.891639708999946, 34.919750213000043 ], [ -112.25836181699998, 34.960338593000074 ], [ -112.369735718999948, 34.995552063000048 ], [ -112.531318664999958, 35.07496261700004 ], [ -112.644119263, 35.095481874000029 ], [ -112.74310302799995, 35.065448761000027 ], [ -112.838569639999946, 35.057945251000035 ], [ -112.936439513999971, 35.102249146000077 ], [ -113.173149108999951, 35.360706330000028 ], [ -113.222175597999978, 35.434879303000059 ], [ -113.515785217999962, 35.534797668000067 ], [ -113.583999632999962, 35.574584962000074 ], [ -113.654777526999965, 35.700916290000066 ], [ -113.72389984199998, 35.74364853000003 ], [ -113.932823182, 35.793914795000035 ], [ -114.013748168999939, 35.861679077000076 ], [ -113.951614379999967, 36.28922271700003 ], [ -113.89653777999996, 36.494586945000037 ], [ -113.839668272999972, 36.62906646700003 ], [ -113.675056457999972, 36.799057007000044 ], [ -113.300354003999985, 37.05542373600008 ], [ -113.159576416, 37.086292266000044 ], [ -113.04654693599997, 37.080837249000069 ], [ -112.960861205999947, 37.060550689000024 ], [ -112.846275329999969, 36.999633790000075 ], [ -112.62557220399998, 36.963520051000046 ], [ -112.449432372, 37.043392182000048 ], [ -112.233505248999961, 37.109046937000073 ], [ -112.118171691999976, 37.141105652000078 ], [ -111.983238221999954, 37.146938324000075 ], [ -111.93326568599997, 37.080169677000072 ], [ -111.927001952999944, 36.876255036000032 ], [ -111.875198363999971, 36.798591614000031 ], [ -111.788513184999942, 36.77913284400006 ], [ -111.614257812999938, 36.782852174000027 ] ] ] } },
{ "type": "Feature", "properties": { "PROVINCE": "INTERIOR LOW PLATEAUS" }, "geometry": { "type": "Polygon", "coordinates": [ [ [ -85.680351256999984, 36.269107819000055 ], [ -85.667579650999983, 36.247211456000059 ], [ -85.707115172999977, 36.195175171000074 ], [ -85.856323241999974, 36.100715637000064 ], [ -85.996101378999981, 35.943080902000077 ], [ -86.181488036999951, 35.548824310000043 ], [ -86.259864807999975, 35.480892181000058 ], [ -86.351600646999941, 35.430000305000078 ], [ -86.541358946999935, 35.382678985000041 ], [ -86.717559813999969, 35.392856598000037 ], [ -86.982406615999935, 35.545581817000027 ], [ -87.136909485, 35.574131011000077 ], [ -87.176445006999984, 35.606018066000047 ], [ -87.157653808999953, 35.693782806000058 ], [ -87.100593566999976, 35.738563538000051 ], [ -86.937240600999985, 35.820312500000057 ], [ -86.860755919999974, 35.940349579000042 ], [ -86.797630309999988, 35.982872010000051 ], [ -86.869682311999952, 36.239173889000028 ], [ -86.85978698699995, 36.314865112000064 ], [ -86.710189818999936, 36.40422058200005 ], [ -86.582015990999935, 36.450599670000031 ], [ -86.440658568999936, 36.460613251000041 ], [ -86.268936157999974, 36.501232147000053 ], [ -86.169868468999937, 36.493968964000032 ], [ -85.92938232299997, 36.384536743000069 ], [ -85.705215453999983, 36.317611695000039 ], [ -85.680351256999984, 36.269107819000055 ] ] ] } },
{ "type": "Feature", "properties": { "PROVINCE": "OZARK PLATEAUS" }, "geometry": { "type": "Polygon", "coordinates": [ [ [ -91.487442016999978, 35.608360290000064 ], [ -91.838302610999961, 35.575450898000042 ], [ -92.265899658999956, 35.568840027000078 ], [ -92.390945434999935, 35.584846497000058 ], [ -92.733543396999949, 35.582935334000069 ], [ -92.963317870999958, 35.553958892000026 ], [ -93.286415099999942, 35.543426513000043 ], [ -93.697151183999949, 35.598472594000043 ], [ -93.835319517999949, 35.637363433000075 ], [ -94.042907714999956, 35.613750457000037 ], [ -94.134750366, 35.631958007000037 ], [ -94.485572814999955, 35.617263794000053 ], [ -94.916725158999952, 35.690586091000057 ], [ -94.884414672999981, 35.714496613000051 ], [ -94.508811949999938, 35.817913056000066 ], [ -94.386283874999947, 35.884197236000034 ], [ -94.278526305999947, 35.973136902000078 ], [ -94.054595946999939, 36.094379426000046 ], [ -93.753021240999942, 36.109096527000077 ], [ -93.575828552999951, 36.221080781000069 ], [ -93.47285461499996, 36.261341095000034 ], [ -93.385002135999969, 36.264980317000038 ], [ -93.047157286999948, 36.123329162000061 ], [ -92.816207884999983, 35.987422944000059 ], [ -92.715324401999965, 35.958389282000041 ], [ -92.402465819999975, 35.930923461000077 ], [ -91.896995543999935, 35.827495576000047 ], [ -91.746681212999988, 35.741092682000044 ], [ -91.60959625299995, 35.696689605000074 ], [ -91.487442016999978, 35.608360290000064 ] ] ] } },
{ "type": "Feature", "properties": { "PROVINCE": "BASIN AND RANGE" }, "geometry": { "type": "Polygon", "coordinates": [ [ [ -114.601600647999987, 36.077060700000061 ], [ -114.650184630999945, 35.979869841000038 ], [ -114.634185791999982, 35.73434448200004 ], [ -114.56698608399995, 35.309638976000031 ], [ -114.567695618999949, 35.153770449000035 ], [ -114.618484495999951, 35.042453764000072 ], [ -114.625732421999942, 34.913707733000024 ], [ -114.650596616999962, 34.810855864000075 ], [ -114.431648253, 34.493400573000031 ], [ -114.304534911999951, 34.377128601000038 ], [ -114.031219481999983, 34.301216126000043 ], [ -112.96878051799996, 34.214504244000068 ], [ -112.849220272999958, 34.193428041000061 ], [ -112.69229126, 34.131343841000046 ], [ -112.653656007999984, 34.049037932000033 ], [ -112.585189817999947, 33.97541809300003 ], [ -112.382995604999962, 33.926177979000045 ], [ -112.269035337999981, 33.921180727000035 ], [ -111.945121765999943, 33.863861083000074 ], [ -111.857368469999983, 33.818950654000048 ], [ -111.592559814999959, 33.592163087000074 ], [ -111.466781614999945, 33.548171999000033 ], [ -111.249839781, 33.386184695000054 ], [ -111.015403747, 33.086326598000028 ], [ -110.829879759999983, 32.742527008000025 ], [ -110.798126221999951, 32.576545716000055 ], [ -110.820648190999975, 32.51235199100006 ], [ -110.816719053999975, 32.425697326000034 ], [ -110.68859863199998, 32.225746155000024 ], [ -110.668243411, 32.104423521000058 ], [ -110.675857544999985, 32.016540528000064 ], [ -110.78926086599995, 31.648334502000068 ], [ -110.753227231999972, 31.553741457000058 ], [ -110.608894347999978, 31.337472916000024 ], [ -111.071968076999951, 31.335634232000075 ], [ -114.054306030999953, 32.256137848000037 ], [ -114.263092039999947, 32.567314148000037 ], [ -114.40058898999996, 32.726448059000063 ], [ -115.243141175999938, 33.407226563000052 ], [ -115.713668821999988, 33.910377504000053 ], [ -115.76332092499996, 33.93424987700007 ], [ -115.751068113999963, 33.98022461000005 ], [ -115.799407960999986, 34.020145417000037 ], [ -115.939567566999983, 34.091808320000041 ], [ -116.183509825999977, 34.185180666000065 ], [ -116.345558168999958, 34.22942733800005 ], [ -116.839653014999953, 34.299911499000075 ], [ -117.042411804999972, 34.37750625700005 ], [ -117.460357664999947, 34.372879029000046 ], [ -117.694747924999945, 34.461387634000062 ], [ -117.987907407999955, 34.54428481900004 ], [ -118.505256651999957, 34.666454314000077 ], [ -118.671829223999964, 34.766269684000065 ], [ -118.542976376999945, 34.893024445000037 ], [ -118.276695250999978, 35.037204743000075 ], [ -118.107933042999946, 35.15245056100008 ], [ -118.019073485999968, 35.17173385600006 ], [ -117.91283416899995, 35.238212585000042 ], [ -117.568229675999987, 35.396129607000034 ], [ -116.998474123, 35.541301727000075 ], [ -116.396553038999969, 35.62794494700006 ], [ -116.22537994399994, 35.673667908000027 ], [ -115.911499021999987, 35.719169618000024 ], [ -115.73213958599996, 35.765544893000026 ], [ -115.618972776999954, 35.820583344000056 ], [ -115.566574094999964, 35.894721985000047 ], [ -115.569908140999985, 35.966724396000075 ], [ -115.676132201999962, 36.105052950000072 ], [ -115.692314147, 36.195590974000027 ], [ -115.48506927699998, 36.239765169000066 ], [ -115.373893735999957, 36.239212035000037 ], [ -114.74472045999994, 36.119312287000071 ], [ -114.601600647999987, 36.077060700000061 ] ] ] } },
{ "type": "Feature", "properties": { "PROVINCE": "BASIN AND RANGE" }, "geometry": { "type": "Polygon", "coordinates": [ [ [ -114.601600644999962, 36.07706070100005 ], [ -114.592330933999961, 36.095600128000058 ], [ -114.46037292699998, 36.125625610000043 ], [ -114.345558168999958, 36.107265471000062 ], [ -114.191741939999986, 36.031093597000051 ], [ -114.117118835999975, 36.074779510000042 ], [ -113.978828433, 36.098541258000068 ], [ -114.013748171999964, 35.861679079000055 ], [ -113.932823182, 35.79391479800006 ], [ -113.723899839999945, 35.743648528000051 ], [ -113.65477752399994, 35.700916293000034 ], [ -113.583999635999987, 35.574584958000059 ], [ -113.515785219999941, 35.534797670000046 ], [ -113.222175596999989, 35.43487930200007 ], [ -113.173149106999972, 35.360706327000059 ], [ -112.936439512999982, 35.102249143000051 ], [ -112.838569641999982, 35.05794525400006 ], [ -112.74310302799995, 35.065448762000074 ], [ -112.644119263, 35.095481874000029 ], [ -112.531318663999969, 35.074962613000025 ], [ -112.369735716999969, 34.995552061000069 ], [ -112.258361817999969, 34.960338595000053 ], [ -111.891639712999961, 34.919750214000032 ], [ -111.802879336, 34.876605986000072 ], [ -111.71485138099996, 34.782608031000052 ], [ -111.626853941999968, 34.588745118000077 ], [ -111.581192016999978, 34.530784607000044 ], [ -111.499114991999988, 34.499248503000047 ], [ -111.116928099999939, 34.430957794000051 ], [ -111.010780336999971, 34.393886565000059 ], [ -110.823661801999947, 34.292858124000077 ], [ -110.578125001999979, 34.224868773000026 ], [ -109.739768980999941, 34.125057221000077 ], [ -109.623680111999988, 34.078186038000069 ], [ -109.484031679999987, 33.976394652000067 ], [ -108.924232483999958, 33.753356935000056 ], [ -108.718650815, 33.764957430000038 ], [ -108.504112244999988, 33.867702487000031 ], [ -108.389839171999938, 33.940277101000049 ], [ -108.094512937, 34.010055540000053 ], [ -107.775100711, 34.046272276000025 ], [ -107.420623778, 34.177028657000051 ], [ -107.321281430999989, 34.269809721000058 ], [ -107.267814634999979, 34.357116699000073 ], [ -107.057861326999955, 34.952919006000059 ], [ -107.003662108999947, 35.038665774000037 ], [ -106.897979735999968, 35.154098508000061 ], [ -106.867134092999947, 35.223556520000045 ], [ -106.837402344999987, 35.30249023600004 ], [ -106.830863953999938, 35.570858004000058 ], [ -106.783836362999978, 35.63845062200005 ], [ -106.790481568999951, 35.670810696000046 ], [ -106.727050779999956, 35.643035890000078 ], [ -106.576080323999975, 35.702953337000054 ], [ -106.487609864999968, 35.641357421000066 ], [ -106.381454465, 35.67996215800008 ], [ -106.138061525999944, 35.713008878000039 ], [ -105.962615968999955, 35.770862580000028 ], [ -105.90554809799994, 35.738395689000072 ], [ -105.908111570999949, 35.607109072000071 ], [ -106.019577023999943, 35.504943844000024 ], [ -106.040008546999957, 35.423645019000048 ], [ -106.036346433999938, 35.144725797000035 ], [ -106.078125001999979, 34.832141879000062 ], [ -106.249870299999941, 34.479530333000071 ], [ -106.50643157899998, 34.045387267000024 ], [ -106.44546509099996, 33.863552092000077 ], [ -106.375389096999982, 33.789173128000073 ], [ -106.297073362999981, 33.726531985000065 ], [ -106.197402951999948, 33.697299958000031 ], [ -106.041030881999973, 33.568477630000075 ], [ -105.998184206999952, 33.490261081000028 ], [ -105.947303768999973, 33.277042387000051 ], [ -105.875152588999981, 33.133884428000044 ], [ -105.843528745999947, 33.029273989000046 ], [ -105.845069884999987, 32.911144259000025 ], [ -105.895568849999961, 32.614238740000076 ], [ -106.022598263999953, 32.361164095000049 ], [ -106.000770571999965, 32.007194520000041 ], [ -105.924591062, 31.76863288800007 ], [ -105.795074461999945, 31.55759239300005 ], [ -105.706481932999964, 31.475940707000063 ], [ -105.177619935999985, 31.19166946200005 ], [ -104.865425107999954, 31.112171171000057 ], [ -104.596809389999976, 31.078796386000079 ], [ -104.333526611999957, 31.111619947000065 ], [ -104.148742674999937, 31.170574187000057 ], [ -103.940277098999957, 30.981664658000057 ], [ -103.759323116999951, 30.881027219000032 ], [ -103.632583615999977, 30.830072404000077 ], [ -103.405601498999943, 30.783983230000047 ], [ -102.949256897999987, 30.610723495000059 ], [ -102.812530518999949, 30.533775327000058 ], [ -102.649841306999974, 30.357023237000078 ], [ -102.498863220999965, 30.14594459500006 ], [ -102.37064361299997, 29.932107925000025 ], [ -102.33913421699998, 29.868726729000059 ], [ -102.36798095499995, 29.845483778000073 ], [ -102.37805938799994, 29.793497089000027 ], [ -102.39157867199998, 29.788162231000058 ], [ -102.385215760999984, 29.76814269700003 ], [ -102.503524777999985, 29.785650255000064 ], [ -102.52485656999994, 29.778285977000053 ], [ -102.518547058999957, 29.761020663000068 ], [ -102.552375794999989, 29.749694825000063 ], [ -102.576919552, 29.778442385000062 ], [ -102.59236907899998, 29.751041415000032 ], [ -102.617637633999948, 29.752271654000026 ], [ -102.63803863399994, 29.732532504000062 ], [ -102.676788327999986, 29.744419095000069 ], [ -102.703392027999939, 29.67364692700005 ], [ -102.73923492199998, 29.645709993000025 ], [ -102.746231077999937, 29.603363040000033 ], [ -102.764472961999957, 29.599693296000055 ], [ -102.778175355999963, 29.55441856300007 ], [ -102.805160521999937, 29.530342100000041 ], [ -102.822639467999977, 29.412044523000077 ], [ -102.854362488999982, 29.35984611300006 ], [ -102.883445738999967, 29.353572845000031 ], [ -102.90876007199995, 29.269407272000024 ], [ -102.899261476, 29.251770020000038 ], [ -102.871429440999975, 29.247924804000036 ], [ -102.866607666999982, 29.229240415000049 ], [ -102.907310487999951, 29.227697372000023 ], [ -102.950309754999978, 29.187988281000059 ], [ -102.988540650999937, 29.191068647000066 ], [ -103.037841796999942, 29.110759736000034 ], [ -103.078742981999937, 29.102256773000079 ], [ -103.103675841999973, 29.029016494000075 ], [ -103.153907774999936, 28.978893282000058 ], [ -103.225456238999982, 28.996976854000025 ], [ -103.249092101999963, 28.988462445000039 ], [ -103.267036438, 29.007663728000068 ], [ -103.28079986299997, 28.986583707000079 ], [ -103.289466857999969, 29.008358004000058 ], [ -103.317939755999987, 29.016668322000044 ], [ -103.306617738999989, 29.03354263600005 ], [ -103.33773040899996, 29.029371260000062 ], [ -103.324645998999983, 29.041252138000061 ], [ -103.335968015, 29.050544740000078 ], [ -103.375900265999974, 29.032314301000042 ], [ -103.452766414999985, 29.075792315000058 ], [ -103.474525450999977, 29.072338107000064 ], [ -103.47995758199994, 29.102462767000077 ], [ -103.523689271999956, 29.124914168000032 ], [ -103.526695249999989, 29.146848681000051 ], [ -103.619758608999973, 29.174066544000027 ], [ -103.649002074999942, 29.162067410000077 ], [ -103.66230011, 29.179517745000055 ], [ -103.72077941799995, 29.190832137000029 ], [ -103.740318299999956, 29.230548859000066 ], [ -103.76068115399994, 29.241775511000071 ], [ -103.782623291999982, 29.229995730000041 ], [ -103.768226622999975, 29.281438825000066 ], [ -103.787460325999973, 29.267457960000058 ], [ -104.046104432999982, 29.32831383000007 ], [ -104.164855953999961, 29.400905610000052 ], [ -104.182952882999984, 29.437833788000034 ], [ -104.213188168999977, 29.455474856000023 ], [ -104.205215455999962, 29.484230040000057 ], [ -104.313522338999974, 29.540534972000046 ], [ -104.332321168999954, 29.52877617200005 ], [ -104.378074647999938, 29.55079650700003 ], [ -104.535728454999969, 29.679643633000069 ], [ -104.529167173999952, 29.694135666000079 ], [ -104.578041076999966, 29.808107376000066 ], [ -104.60993194699995, 29.832439426000064 ], [ -104.622718813999938, 29.87270355000004 ], [ -104.674850465999953, 29.909448626000028 ], [ -104.669174194, 29.958282471000075 ], [ -104.688522336999938, 29.983121874000062 ], [ -104.696975706999979, 30.057462691000069 ], [ -104.675239563, 30.149122236000039 ], [ -104.703094483999962, 30.238641736000034 ], [ -104.757736207999983, 30.277513506000048 ], [ -104.759773251999945, 30.303533555000058 ], [ -104.814445497999941, 30.350620268000057 ], [ -104.80696106, 30.376594546000035 ], [ -104.853492739999979, 30.392414092000024 ], [ -104.839630129999989, 30.418210981000072 ], [ -104.863845822999963, 30.441871640000045 ], [ -104.862091065999948, 30.492778779000048 ], [ -104.891166684999973, 30.570701600000064 ], [ -104.91856384, 30.601985933000037 ], [ -104.971298219999937, 30.612440112000058 ], [ -104.998039245999962, 30.684474947000069 ], [ -105.061058045999971, 30.68801307800004 ], [ -105.116188051999984, 30.752300265000031 ], [ -105.148841859999948, 30.754903796000065 ], [ -105.192802428999983, 30.792665480000039 ], [ -105.214973446999977, 30.789333342000077 ], [ -105.214843751999979, 30.81222534300008 ], [ -105.258689881999942, 30.797790527000075 ], [ -105.288101195999957, 30.832088469000041 ], [ -105.31429290799997, 30.816644668000038 ], [ -105.315864561999945, 30.832588196000074 ], [ -105.390823362, 30.85321808100008 ], [ -105.38698577599996, 30.875831604000041 ], [ -105.409576412999968, 30.902645113000062 ], [ -105.554901125999947, 30.998420717000045 ], [ -105.603729250999947, 31.086559296000075 ], [ -105.770248410999955, 31.170907971000076 ], [ -105.858131409999942, 31.275190352000038 ], [ -105.915596007999966, 31.320180892000053 ], [ -105.940490722, 31.322973251000064 ], [ -105.957176206999975, 31.367362976000038 ], [ -105.998886106999976, 31.393939974000034 ], [ -106.090385434999973, 31.410474777000047 ], [ -106.213287351999952, 31.478248593000046 ], [ -106.242706296999984, 31.545663834000038 ], [ -106.281242370999962, 31.570484160000035 ], [ -106.383583070999975, 31.733873367000058 ], [ -106.438819885999976, 31.770029071000067 ], [ -106.490623471999982, 31.749666212000079 ], [ -106.539512636999973, 31.786600110000052 ], [ -108.203254701, 31.786903378000034 ], [ -108.208679201999985, 31.343852998000045 ], [ -110.608894344999953, 31.337472915000035 ], [ -110.753227232999961, 31.553741458000047 ], [ -110.789260866999939, 31.648334503000058 ], [ -110.675857539999981, 32.016540530000043 ], [ -110.668243408999956, 32.104423522000047 ], [ -110.68859863199998, 32.225746154000035 ], [ -110.816719053999975, 32.42569732700008 ], [ -110.820648193999943, 32.51235199100006 ], [ -110.798126218999982, 32.576545712000041 ], [ -110.829879762999951, 32.74252701100005 ], [ -111.015403745999947, 33.086326599000074 ], [ -111.249839784999949, 33.386184695000054 ], [ -111.46678161799997, 33.548171999000033 ], [ -111.592559816999938, 33.592163085000038 ], [ -111.857368471999962, 33.818950654000048 ], [ -111.945121762999975, 33.863861087000032 ], [ -112.269035340999949, 33.921180723000077 ], [ -112.382995604999962, 33.926177980000034 ], [ -112.585189819, 33.975418088000026 ], [ -112.653656004999959, 34.049037934000069 ], [ -112.692291258999944, 34.131343840000056 ], [ -112.849220273999947, 34.193428039000025 ], [ -112.96878051799996, 34.214504244000068 ], [ -114.031219481, 34.301216124000064 ], [ -114.304534914999977, 34.377128602000028 ], [ -114.431648250999956, 34.493400574000077 ], [ -114.650596617999952, 34.810855864000075 ], [ -114.625732420999952, 34.913707731000045 ], [ -114.618484499999965, 35.04245376700004 ], [ -114.56769561599998, 35.153770450000025 ], [ -114.56698608499994, 35.309638977000077 ], [ -114.634185791, 35.734344479000072 ], [ -114.650184629999956, 35.979869840000049 ], [ -114.601600644999962, 36.07706070100005 ] ] ] } },
{ "type": "Feature", "properties": { "PROVINCE": "GREAT PLAINS" }, "geometry": { "type": "Polygon", "coordinates": [ [ [ -105.218727112999943, 35.517585754000038 ], [ -105.038024901999961, 35.567935945000045 ], [ -104.949676513999975, 35.572200777000035 ], [ -104.882759093999937, 35.533473967000077 ], [ -104.825164793999988, 35.529239654000037 ], [ -104.762367247999975, 35.552463531000058 ], [ -104.567893979999951, 35.560047150000059 ], [ -104.300468444999979, 35.632472992000032 ], [ -103.708572387999936, 35.889141083000027 ], [ -103.362167358999955, 36.088932037000063 ], [ -103.445587156999977, 35.793270112000073 ], [ -103.39723205699994, 35.658374785000035 ], [ -103.335487364999949, 35.600894929000049 ], [ -103.020835875999978, 35.530731202000027 ], [ -102.954765320999968, 35.489246368000067 ], [ -102.980468749999943, 35.41121673400005 ], [ -103.038269042999957, 35.342769624000027 ], [ -103.370277404999968, 35.017131805000076 ], [ -103.457763670999952, 34.972965241000054 ], [ -103.635055541999975, 34.927780150000046 ], [ -104.015594482999973, 34.781719208000027 ], [ -104.055969237999989, 34.705883026000038 ], [ -104.062644957999964, 34.624000548000026 ], [ -103.975730896999949, 34.446842193000066 ], [ -103.95369720399998, 34.321865081000055 ], [ -104.005233764999957, 34.147953034000068 ], [ -103.94272613399994, 33.999706269000058 ], [ -103.794525146999945, 33.862571715000058 ], [ -103.729797362999989, 33.751060485000039 ], [ -103.709838867999963, 33.643474578000053 ], [ -103.740547179999965, 33.518745422000052 ], [ -103.781265259999941, 33.449401855000076 ], [ -103.811218262999944, 33.316719055000078 ], [ -103.799232483999958, 33.063289644000065 ], [ -103.766304014999946, 32.958011627000076 ], [ -103.621017456999937, 32.828372955000077 ], [ -103.513778685999966, 32.770080567000036 ], [ -103.400421141999971, 32.624069214000031 ], [ -103.348052976999952, 32.529224395000028 ], [ -103.333465575999981, 32.103134155000077 ], [ -103.311805725999989, 32.008300782000049 ], [ -103.223731994, 31.851190566000071 ], [ -102.939880371999948, 31.452251434000061 ], [ -102.722297667999953, 31.222133636000024 ], [ -102.919029234999982, 31.149394990000076 ], [ -103.225982665999936, 31.09514045700007 ], [ -103.346710205999955, 31.106580734000033 ], [ -103.438644409999938, 31.026889802000028 ], [ -103.510780333999946, 30.877820969000027 ], [ -103.516685484999982, 30.806598664000035 ], [ -103.632583616999966, 30.830072404000077 ], [ -103.759323120999966, 30.881027222000057 ], [ -103.940277099999946, 30.981664657000067 ], [ -104.119956970999965, 31.13479232800006 ], [ -104.339157103, 31.403873442000076 ], [ -104.453483580999944, 31.516708375000064 ], [ -104.550376891999974, 31.691446305000056 ], [ -104.777313232999973, 31.902893065000058 ], [ -104.832138060999966, 31.992113112000027 ], [ -104.922927857, 32.535579680000069 ], [ -104.960098266999978, 32.718399048000038 ], [ -105.00534057699997, 32.840023042000041 ], [ -105.075790404999964, 33.255287171000077 ], [ -105.120208741999988, 33.423179627000025 ], [ -105.264854432, 33.729637146000073 ], [ -105.342224120999958, 33.85052108800005 ], [ -105.595436096999947, 34.15705108800006 ], [ -105.640342711999949, 34.254425049000076 ], [ -105.631881712999984, 34.398628235000047 ], [ -105.55755615299995, 34.584171295000033 ], [ -105.544013975999974, 34.717582701000026 ], [ -105.546089171999938, 34.888198853000063 ], [ -105.634544371999937, 35.188358307000044 ], [ -105.628822325999977, 35.263774872000056 ], [ -105.414581297999973, 35.419292450000057 ], [ -105.345451353999977, 35.43210601800007 ], [ -105.229377748, 35.491161347000059 ], [ -105.218727112999943, 35.517585754000038 ] ] ] } },
{ "type": "Feature", "properties": { "PROVINCE": "COASTAL PLAIN" }, "geometry": { "type": "Polygon", "coordinates": [ [ [ -75.702880858999947, 35.99056243900003 ], [ -75.735084533999952, 36.004886627000076 ], [ -75.729804992999959, 36.027858734000063 ], [ -75.711021422999977, 36.007656098000041 ], [ -75.69676971399997, 36.018039703000056 ], [ -75.702880858999947, 35.99056243900003 ] ] ] } },
{ "type": "Feature", "properties": { "PROVINCE": "COASTAL PLAIN" }, "geometry": { "type": "Polygon", "coordinates": [ [ [ -75.919364928999983, 35.933692932000042 ], [ -75.947601317999954, 35.958721161000028 ], [ -75.917739868999945, 35.974502564000034 ], [ -75.871391295999956, 35.968818665000072 ], [ -75.873977660999969, 35.952564240000072 ], [ -75.919364928999983, 35.933692932000042 ] ] ] } },
{ "type": "Feature", "properties": { "PROVINCE": "COASTAL PLAIN" }, "geometry": { "type": "Polygon", "coordinates": [ [ [ -75.619400023999958, 35.819934845000034 ], [ -75.655822753999985, 35.828540802000077 ], [ -75.661041259999934, 35.866428375000055 ], [ -75.721138000999986, 35.939449310000043 ], [ -75.670722961999957, 35.925819397000055 ], [ -75.664253233999943, 35.899696351000046 ], [ -75.642822265999939, 35.90663528500005 ], [ -75.615295409999987, 35.861572266000053 ], [ -75.644569396999941, 35.866279602000077 ], [ -75.620796202999941, 35.844966889000034 ], [ -75.619400023999958, 35.819934845000034 ] ] ] } },
{ "type": "Feature", "properties": { "PROVINCE": "COASTAL PLAIN" }, "geometry": { "type": "Polygon", "coordinates": [ [ [ -80.849380492999956, 32.208431243000064 ], [ -80.793556212999988, 32.185108186000036 ], [ -80.873672485999975, 32.133010863000038 ], [ -80.834281920999956, 32.144245147000049 ], [ -80.836174009, 32.117794038000056 ], [ -80.923675537999941, 32.058757782000043 ], [ -80.893768310999974, 32.04304122800005 ], [ -80.912628172999973, 32.038330078000058 ], [ -81.006912230999944, 32.100898744000062 ], [ -81.048912046999988, 32.085926056000062 ], [ -81.105415344999983, 32.105445862000067 ], [ -81.063346861999946, 32.073936462000063 ], [ -80.995361327999944, 32.085044862000075 ], [ -80.937995909999984, 32.039535522000051 ], [ -80.847610472999975, 32.022884370000043 ], [ -80.848381041999971, 31.993240356000058 ], [ -80.867294310999966, 31.994464874000073 ], [ -80.85890197599997, 31.969963074000077 ], [ -80.923957824999945, 31.942943572000047 ], [ -80.925338742999941, 32.015434264000078 ], [ -80.965576172999988, 32.036979676000044 ], [ -80.93279266199994, 32.006248476000053 ], [ -80.932502746999944, 31.981174470000042 ], [ -80.964218138999968, 31.969053270000074 ], [ -80.954902647999972, 31.957277296000029 ], [ -80.975784300999976, 31.942960740000046 ], [ -81.005706787999941, 31.961393356000031 ], [ -80.999847410999962, 32.011146545000031 ], [ -81.031890868999938, 32.024536132000037 ], [ -81.02346801799996, 31.999534606000054 ], [ -81.007247925999934, 31.998313903000053 ], [ -81.019699096999943, 31.958074569000075 ], [ -80.966835020999952, 31.917045594000058 ], [ -80.935493467999947, 31.913663863000068 ], [ -80.993652342999951, 31.860719679000056 ], [ -81.070976255999938, 31.876422882000043 ], [ -81.13481902999996, 31.966089249000049 ], [ -81.14206695699994, 31.944583894000061 ], [ -81.109367369999973, 31.922111510000036 ], [ -81.107429504999971, 31.898872377000032 ], [ -81.129058835999956, 31.902305604000048 ], [ -81.170822143999942, 31.954319 ], [ -81.184768677999955, 31.948244095000064 ], [ -81.158035277999943, 31.92891693200005 ], [ -81.188789368999949, 31.92813682600007 ], [ -81.146568298999966, 31.919456481000054 ], [ -81.138084411999955, 31.892179488000068 ], [ -81.087097167999957, 31.872163774000057 ], [ -81.132820128999981, 31.86304283000004 ], [ -81.179832456999975, 31.906341553000061 ], [ -81.207603454999969, 31.900453567000056 ], [ -81.196975708999958, 31.917314529000066 ], [ -81.210891722999975, 31.926532745000031 ], [ -81.239685057999964, 31.903415679000034 ], [ -81.284118651999961, 31.948976517000062 ], [ -81.239501953999934, 31.891561509000041 ], [ -81.204765318999989, 31.919431685000063 ], [ -81.220161437999934, 31.897247316000062 ], [ -81.17940521099996, 31.896728514000074 ], [ -81.141464234999944, 31.853515624000067 ], [ -81.087280271999987, 31.845708846000036 ], [ -81.066993710999952, 31.82036209000006 ], [ -81.039001465999945, 31.823362350000025 ], [ -81.061035154999956, 31.777542113000038 ], [ -81.136817932999975, 31.727075576000061 ], [ -81.171791075999977, 31.779754637000053 ], [ -81.196365355999944, 31.784845353000037 ], [ -81.175170898999966, 31.735801697000056 ], [ -81.261230469999987, 31.764060974000074 ], [ -81.269775391999985, 31.793615342000066 ], [ -81.317420960999982, 31.807207109000046 ], [ -81.317779538999957, 31.79625511200004 ], [ -81.277229310999985, 31.787601470000027 ], [ -81.272880554999972, 31.751611711000066 ], [ -81.228752136999958, 31.745573043000036 ], [ -81.190490722999982, 31.715566637000052 ], [ -81.206184384999972, 31.685287475000052 ], [ -81.272331237999936, 31.682729721000044 ], [ -81.272659300999976, 31.669494629000042 ], [ -81.176307679, 31.666442870000026 ], [ -81.16997527999996, 31.674722673000076 ], [ -81.195960997999975, 31.685398102000079 ], [ -81.138038636999966, 31.698778151000056 ], [ -81.133354186999952, 31.634037016000036 ], [ -81.173721312999987, 31.562435150000056 ], [ -81.18898010099997, 31.613836288000073 ], [ -81.240829469999937, 31.640304564000076 ], [ -81.25219726499995, 31.633678438000061 ], [ -81.229393005999952, 31.619331358000068 ], [ -81.231819152999947, 31.602422713000067 ], [ -81.200531006999938, 31.595005034000053 ], [ -81.219421384999976, 31.564683913000067 ], [ -81.259323120999966, 31.573822021000069 ], [ -81.265457152999943, 31.553674700000045 ], [ -81.286140442999965, 31.570322039000075 ], [ -81.310150144999966, 31.560005187000058 ], [ -81.316879270999948, 31.577266692000023 ], [ -81.324058530999935, 31.556190490000063 ], [ -81.365150452999956, 31.539722442000027 ], [ -81.333587644999966, 31.54740524500005 ], [ -81.30152893099995, 31.524963381000077 ], [ -81.263580322999985, 31.536809922000032 ], [ -81.302558898999962, 31.489353180000023 ], [ -81.25665283099994, 31.505853651000052 ], [ -81.237197875999982, 31.532541275000028 ], [ -81.214424132999966, 31.518642425000053 ], [ -81.194931028999974, 31.543497084000023 ], [ -81.172103882999977, 31.525485991000039 ], [ -81.27032470599994, 31.385196685000039 ], [ -81.294097900999986, 31.396791459000042 ], [ -81.307144164999954, 31.440916062000042 ], [ -81.324180602999945, 31.43295669400004 ], [ -81.34270477299998, 31.449625016000027 ], [ -81.322196961999964, 31.410158158000058 ], [ -81.33953857399996, 31.388494492000063 ], [ -81.352630614999953, 31.401575089000062 ], [ -81.375579832999961, 31.395360946000039 ], [ -81.375831603999984, 31.378465651000056 ], [ -81.318145750999975, 31.39148902900007 ], [ -81.296859740999935, 31.36845779500004 ], [ -81.307815549999987, 31.34961128100008 ], [ -81.28554534999995, 31.364479066000058 ], [ -81.279129026999954, 31.331682207000028 ], [ -81.432586668999988, 31.344425201000035 ], [ -81.457717893999984, 31.371034621000035 ], [ -81.482765195999946, 31.362943649000044 ], [ -81.421638487999985, 31.331325532000051 ], [ -81.380897523999977, 31.330011369000033 ], [ -81.410346983999943, 31.311481474000061 ], [ -81.39153289799998, 31.263217928000074 ], [ -81.390632628999981, 31.303865432000066 ], [ -81.375320433999946, 31.316841125000053 ], [ -81.278572080999936, 31.288362504000077 ], [ -81.278076171999942, 31.265035628000078 ], [ -81.263679502999935, 31.268852233000075 ], [ -81.293457030999946, 31.222391128000027 ], [ -81.331314085999963, 31.247058867000078 ], [ -81.315246581999986, 31.213457107000067 ], [ -81.344047544999967, 31.175666808000074 ], [ -81.37117004199996, 31.167112349000035 ], [ -81.384552001999964, 31.136348726000051 ], [ -81.417839050999987, 31.145063399000037 ], [ -81.411529539999947, 31.181680679000067 ], [ -81.429901122999979, 31.222547531000032 ], [ -81.46182251, 31.182857515000023 ], [ -81.438018799999952, 31.137495041000079 ], [ -81.45684814599997, 31.114412308000055 ], [ -81.517448423999952, 31.154708862000064 ], [ -81.554588317999958, 31.223613739000029 ], [ -81.616409302999955, 31.21085929700007 ], [ -81.561882017999949, 31.213008880000075 ], [ -81.535057066999968, 31.180957794000051 ], [ -81.535942078999938, 31.143035887000053 ], [ -81.55259704599996, 31.147373198000025 ], [ -81.510833740999942, 31.115062713000043 ], [ -81.525260924999941, 31.086545944000079 ], [ -81.474899290999986, 31.049310683000044 ], [ -81.535125730999937, 31.076166154000077 ], [ -81.486358641999971, 31.033624649000046 ], [ -81.481109618999938, 31.009025573000031 ], [ -81.461387635999984, 31.010656359000052 ], [ -81.480598448999956, 30.981163026000047 ], [ -81.490997315999948, 30.995187759000032 ], [ -81.503440854999951, 30.975830079000048 ], [ -81.542167662999987, 30.992660521000062 ], [ -81.595314025999983, 30.981857299000069 ], [ -81.634010313999966, 30.995912553000039 ], [ -81.650199890999943, 30.978769304000025 ], [ -81.619430543999954, 30.98744583000007 ], [ -81.557090759999937, 30.963666916000079 ], [ -81.533836363999967, 30.975414277000027 ], [ -81.492347717999962, 30.952678682000055 ], [ -81.469688414999951, 30.967601776000038 ], [ -81.447471618999941, 30.948247911000067 ], [ -81.515701294999985, 30.889303207000069 ], [ -81.490303037999979, 30.841205596000066 ], [ -81.572669982999969, 30.865064621000045 ], [ -81.539176941999983, 30.834594725000045 ], [ -81.513610838999966, 30.834491730000025 ], [ -81.539352417999964, 30.815855027000055 ], [ -81.488983154999971, 30.769010543000036 ], [ -81.502044676999958, 30.72677993700006 ], [ -81.541603088999977, 30.709320069000057 ], [ -81.590133666999975, 30.716859820000025 ], [ -81.536483764999957, 30.683628082000041 ], [ -81.492424009999979, 30.683233260000065 ], [ -81.532821654999964, 30.659370421000062 ], [ -81.493675232999976, 30.667821884000034 ], [ -81.490867615999946, 30.628673553000056 ], [ -81.517906189999962, 30.55614853000003 ], [ -81.480949402999954, 30.528869629000042 ], [ -81.458168028999978, 30.448059083000032 ], [ -81.674453735999975, 30.394638060000034 ], [ -82.010101318999943, 30.270317076000026 ], [ -82.342041015999939, 30.124105454000073 ], [ -83.661796569999979, 32.880718232000049 ], [ -83.458618162999983, 32.951515198000038 ], [ -82.351165771999945, 33.515407562000064 ], [ -82.007942199999945, 33.538379668000061 ], [ -81.846984862999989, 33.625091552000072 ], [ -81.681282044999989, 33.799503327000025 ], [ -81.54054260099997, 33.897670746000074 ], [ -81.122833251999964, 33.992534638000052 ], [ -81.022140503999935, 34.028724671000077 ], [ -80.844711303999986, 34.137077331000057 ], [ -80.711921691999976, 34.244625093000025 ], [ -80.323692319999964, 34.60071182300004 ], [ -80.106056213999977, 34.737106324000024 ], [ -79.756797788999961, 34.883262634000062 ], [ -79.603782652999939, 34.977081299000076 ], [ -79.325073241999974, 35.169525148000048 ], [ -79.001564024999936, 35.471347808000075 ], [ -78.773391722999975, 35.627052308000032 ], [ -78.087356566999972, 35.88453674200008 ], [ -78.043540954999969, 35.920890807000035 ], [ -76.962669372999983, 34.706542968000065 ], [ -77.105880737999939, 34.680568694000044 ], [ -77.080169679999983, 34.709915162000073 ], [ -77.110870362999947, 34.726581574000079 ], [ -77.111167906999981, 34.748401640000054 ], [ -77.148536682999975, 34.764450073000035 ], [ -77.116577148999966, 34.693553923000024 ], [ -77.144248963999985, 34.671058656000071 ], [ -77.187355042999968, 34.700275421000072 ], [ -77.158012390999943, 34.661853791000055 ], [ -77.202400207999972, 34.640201568000066 ], [ -77.219444273999954, 34.647880554000039 ], [ -77.212348937999934, 34.627716065000072 ], [ -77.316703795999956, 34.551090242000043 ], [ -77.371894834999978, 34.585975646000065 ], [ -77.406005859999937, 34.584465028000068 ], [ -77.346900940999944, 34.630847929000026 ], [ -77.315383912999948, 34.637397767000039 ], [ -77.378364561999945, 34.675182343000074 ], [ -77.351638793999939, 34.688209533000077 ], [ -77.370780943999989, 34.68455123800004 ], [ -77.399337766999963, 34.716541289000077 ], [ -77.368614195999953, 34.73175430200007 ], [ -77.419860838999966, 34.721542358000079 ], [ -77.43521881099997, 34.747776030000068 ], [ -77.437324521999983, 34.684211731000062 ], [ -77.414398192999954, 34.70097351000004 ], [ -77.372352600999989, 34.638240816000064 ], [ -77.402381895999952, 34.609378814000024 ], [ -77.431724547999977, 34.617298126000037 ], [ -77.457283019999977, 34.604679108000028 ], [ -77.438842771999987, 34.604728699000077 ], [ -77.421112061999963, 34.567077636000079 ], [ -77.397979736999957, 34.574287415000072 ], [ -77.362686158999963, 34.544868471000029 ], [ -77.39120483499994, 34.543235777000064 ], [ -77.375183105999952, 34.521060944000055 ], [ -77.47075653099995, 34.499999999000067 ], [ -77.586448668999935, 34.42110443200005 ], [ -77.609420775, 34.435211181000057 ], [ -77.602310178999971, 34.412796021000077 ], [ -77.670005796999988, 34.366451263000044 ], [ -77.683059693999951, 34.376708982000025 ], [ -77.684272764999946, 34.354915619000053 ], [ -77.750228881999988, 34.305217743000071 ], [ -77.821701049999945, 34.218940733000068 ], [ -77.839363096999989, 34.223361969000052 ], [ -77.828697205999958, 34.207252504000053 ], [ -77.843055725999989, 34.190246582000043 ], [ -77.864097594999976, 34.192909240000063 ], [ -77.849647520999952, 34.173095702000069 ], [ -77.894111633999955, 34.06935119700006 ], [ -77.926467894999973, 34.062206268000068 ], [ -77.929298399999936, 34.12272262700003 ], [ -77.960311889999957, 34.188728332000039 ], [ -77.974029539999947, 34.173969270000043 ], [ -77.948638915999936, 34.062602995000077 ], [ -77.958236693999936, 33.99275588900008 ], [ -78.023399354999981, 33.913860322000062 ], [ -78.024002075999988, 33.890228271000069 ], [ -78.226570128999981, 33.912605287000076 ], [ -78.191993712999988, 33.923892975000058 ], [ -78.211311340999941, 33.926467897000066 ], [ -78.22890472399996, 33.956291200000067 ], [ -78.227859495999951, 33.928993223000077 ], [ -78.24929046799997, 33.911586760000034 ], [ -78.37288665899996, 33.903388976000031 ], [ -78.348510741999974, 33.930778505000035 ], [ -78.363609314999962, 33.950088500000049 ], [ -78.394447325999977, 33.904598235000037 ], [ -78.541099547999977, 33.875167847000057 ], [ -78.554634093999937, 33.860347749000027 ], [ -78.571868897999934, 33.875499725000054 ], [ -78.54692840499996, 33.888881684000069 ], [ -78.622589110999968, 33.865707396000062 ], [ -78.582664488999967, 33.871139526000036 ], [ -78.558204651999972, 33.847644807000052 ], [ -78.671508787999983, 33.818538665000062 ], [ -78.810836792999964, 33.744567871000072 ], [ -79.000694274999944, 33.572631837000074 ], [ -79.120864867999956, 33.430778502000067 ], [ -79.148361203999968, 33.380939482000031 ], [ -79.150146484999937, 33.31725311200006 ], [ -79.174407957999961, 33.360656738000046 ], [ -79.204116820999957, 33.303081512000063 ], [ -79.260177612999939, 33.297996519000037 ], [ -79.274230957999976, 33.321746826000037 ], [ -79.182876588999989, 33.444431305000023 ], [ -79.257423400999983, 33.357128143000068 ], [ -79.265327452999941, 33.393123626000033 ], [ -79.272789, 33.359046936000027 ], [ -79.287651061999952, 33.356410982000057 ], [ -79.29161834599995, 33.282268525000063 ], [ -79.204803466999977, 33.23528671300005 ], [ -79.20541382, 33.174308777000078 ], [ -79.184379578999938, 33.194187163000038 ], [ -79.188995360999968, 33.171463012000061 ], [ -79.234252930999958, 33.14037323000008 ], [ -79.238914488999967, 33.168621063000046 ], [ -79.269966125999986, 33.189300537000065 ], [ -79.310653686999956, 33.177265169000066 ], [ -79.253936765999981, 33.145507813000052 ], [ -79.249153136999951, 33.130004882000037 ], [ -79.268417356999976, 33.120571135000034 ], [ -79.282394409999938, 33.149330139000028 ], [ -79.349151611999957, 33.15493011600006 ], [ -79.27989959599995, 33.122917174000065 ], [ -79.30255127099997, 33.101669309000044 ], [ -79.287788392999971, 33.098846437000077 ], [ -79.339912416999937, 33.08778 ], [ -79.374603272999934, 33.063854218000074 ], [ -79.376396176999947, 33.045200348000037 ], [ -79.398231507999981, 33.052600862000077 ], [ -79.371070861999954, 33.026054382000041 ], [ -79.40982818699996, 33.039005280000026 ], [ -79.439987182999971, 33.030509949000077 ], [ -79.375572204999969, 33.010601044000055 ], [ -79.492225646999941, 32.992061616000058 ], [ -79.475067137999986, 33.022026062000066 ], [ -79.495391845999961, 33.010284425000066 ], [ -79.507804869999973, 33.037651061000076 ], [ -79.58294677799995, 33.006084440000052 ], [ -79.624832153999989, 32.941135408000036 ], [ -79.606315610999957, 32.927867888000037 ], [ -79.618400571999985, 32.914710999000079 ], [ -79.570213316999968, 32.934112547000041 ], [ -79.568107604999966, 32.918170930000031 ], [ -79.661148071999946, 32.886619569000061 ], [ -79.650825499999939, 32.872928619000049 ], [ -79.703872679999961, 32.853500367000038 ], [ -79.725891113999978, 32.802558900000065 ], [ -79.85638427799995, 32.75817489700006 ], [ -79.849273681999989, 32.768638612000075 ], [ -79.879241943999943, 32.791442871000072 ], [ -79.905433653999978, 32.788738250000051 ], [ -79.888717650999979, 32.856822967000028 ], [ -79.845794678999937, 32.877456665000068 ], [ -79.836830138999971, 32.903282164000075 ], [ -79.897148133999963, 32.862491609000074 ], [ -79.915756224999939, 32.82790374700005 ], [ -79.959495544999982, 32.887916564000079 ], [ -79.924400330999958, 32.914413452000076 ], [ -79.92547607399996, 32.93990707200004 ], [ -79.936424254999963, 32.915328980000027 ], [ -79.962112426999965, 32.904411316000051 ], [ -79.966499328999987, 32.873004914000035 ], [ -79.936485291999986, 32.84157562200005 ], [ -79.92726135199996, 32.777366638000046 ], [ -79.95835113399994, 32.79104232800006 ], [ -79.973060607999969, 32.837947845000031 ], [ -80.024375914999951, 32.837947845000031 ], [ -79.976341246999937, 32.828388214000029 ], [ -79.949638367999967, 32.76144409300008 ], [ -79.896743775999937, 32.755489348000026 ], [ -79.884788514999968, 32.72724151500006 ], [ -79.873313903999986, 32.741802214000074 ], [ -79.878837585999975, 32.699459076000039 ], [ -79.964416501999949, 32.638946533000023 ], [ -79.958419800999934, 32.65716171400004 ], [ -80.008529664999969, 32.642593383000076 ], [ -79.999267576999955, 32.691326140000058 ], [ -80.024864196999943, 32.645778655000072 ], [ -80.047187805999954, 32.642585755000027 ], [ -80.003623963999985, 32.628475190000074 ], [ -79.998184204999973, 32.607524873000045 ], [ -80.04444885199996, 32.609336854000048 ], [ -80.168991087999984, 32.558658601000047 ], [ -80.262222289999954, 32.624073028000055 ], [ -80.236251830999947, 32.677413942000044 ], [ -80.212814331999937, 32.674274443000058 ], [ -80.215042113999971, 32.689754486000027 ], [ -80.181297302999951, 32.707118990000026 ], [ -80.209106445999964, 32.714355469000054 ], [ -80.221580504999963, 32.692020417000037 ], [ -80.254241943999943, 32.680564882000056 ], [ -80.249267575999966, 32.659172058000024 ], [ -80.284027099999946, 32.630397795000079 ], [ -80.314544675999969, 32.637607575000061 ], [ -80.320472716999973, 32.622104644000046 ], [ -80.274749755999949, 32.623588561000076 ], [ -80.194023132999973, 32.562721253000063 ], [ -80.324234009999941, 32.475872041000059 ], [ -80.341209410999966, 32.507713317000025 ], [ -80.403388975999974, 32.548507692000044 ], [ -80.382415769999966, 32.612934111000072 ], [ -80.401039124999954, 32.621391298000049 ], [ -80.413497923999955, 32.609504701000048 ], [ -80.422485352999956, 32.624336242000027 ], [ -80.395294190999948, 32.648342133000028 ], [ -80.428848267999967, 32.629032136000035 ], [ -80.416191100999981, 32.603118898000048 ], [ -80.396614073999956, 32.616271974000028 ], [ -80.395904540999936, 32.574039460000051 ], [ -80.418060301999958, 32.545265197000049 ], [ -80.377716063999969, 32.524906157000032 ], [ -80.363426207999964, 32.491241457000058 ], [ -80.410064696999939, 32.471038820000047 ], [ -80.411964417999968, 32.523422243000027 ], [ -80.422698975999936, 32.497413636000033 ], [ -80.474884033999956, 32.497211458000038 ], [ -80.520446775999972, 32.527198792000036 ], [ -80.540191650999986, 32.561454774000026 ], [ -80.550849912999979, 32.557453156000065 ], [ -80.526596067999947, 32.509281158000078 ], [ -80.551612853999984, 32.510070799000061 ], [ -80.582916258999944, 32.553649904000054 ], [ -80.590957642999967, 32.537208557000042 ], [ -80.570068357999958, 32.505882263000046 ], [ -80.714874268999949, 32.528747558000077 ], [ -80.674514770999963, 32.514873504000036 ], [ -80.681968690999952, 32.496154786000034 ], [ -80.609718321999935, 32.502029419000053 ], [ -80.594932555999947, 32.486621855000067 ], [ -80.55688476499995, 32.486812591000046 ], [ -80.550224302999936, 32.466800689000024 ], [ -80.603836060999981, 32.442382812000062 ], [ -80.549606321999988, 32.455413818000068 ], [ -80.46858978399996, 32.444389345000047 ], [ -80.459663390999935, 32.402965547000065 ], [ -80.556549070999949, 32.360157012000059 ], [ -80.551002503999939, 32.342868804000034 ], [ -80.468719482999973, 32.373767853000061 ], [ -80.473670958999946, 32.384681703000069 ], [ -80.437477112999943, 32.415809633000038 ], [ -80.433448789999943, 32.373908998000047 ], [ -80.449546814999962, 32.341491700000063 ], [ -80.482124329999976, 32.345916747000047 ], [ -80.454833985999983, 32.317321776000028 ], [ -80.511711121999952, 32.306594849000078 ], [ -80.573799133999955, 32.269386292000036 ], [ -80.560577390999981, 32.315937041000041 ], [ -80.621948241999974, 32.257282259000078 ], [ -80.64582061599998, 32.261253356000054 ], [ -80.634239196999943, 32.372509003000062 ], [ -80.654174803999979, 32.35507965100004 ], [ -80.671600342999966, 32.362266539000075 ], [ -80.663085936999948, 32.448429108000028 ], [ -80.687026978999938, 32.452842712000063 ], [ -80.669494627999939, 32.435180665000075 ], [ -80.687339781999981, 32.425502779000055 ], [ -80.686256408999952, 32.363090516000057 ], [ -80.666488646999937, 32.334957122000048 ], [ -80.66728210399998, 32.300319671000068 ], [ -80.679725646999941, 32.297512053000048 ], [ -80.758399961999942, 32.359897612000054 ], [ -80.788177488999963, 32.407989503000067 ], [ -80.808876035999958, 32.467983245000028 ], [ -80.792968750999989, 32.492462160000059 ], [ -80.867172239999945, 32.532695770000032 ], [ -80.838058469999964, 32.505126954000048 ], [ -80.821868896999945, 32.400711060000049 ], [ -80.787277220999954, 32.372001649000026 ], [ -80.79945373299995, 32.341384889000039 ], [ -80.834388732999969, 32.362094880000029 ], [ -80.799308777999954, 32.326805114000024 ], [ -80.808212278999974, 32.29575348000003 ], [ -80.869148254999971, 32.314895629000034 ], [ -80.878540038999972, 32.330772399000068 ], [ -80.882598875999975, 32.304763793000063 ], [ -80.81998443699996, 32.280632019000052 ], [ -80.798912046999988, 32.287616728000046 ], [ -80.787246704999973, 32.314128876000041 ], [ -80.762413026, 32.268730163000043 ], [ -80.743347168999946, 32.258373259000052 ], [ -80.719085692999954, 32.272201537000058 ], [ -80.666610718999948, 32.220111849000034 ], [ -80.732559203999983, 32.145866393000063 ], [ -80.819267271999934, 32.10469818100006 ], [ -80.783256528999971, 32.183815003000063 ], [ -80.775733946999935, 32.244941711000024 ], [ -80.817588805999947, 32.205448150000052 ], [ -80.849380492999956, 32.208431243000064 ] ], [ [ -80.880302427999936, 32.195404054000051 ], [ -80.849380492999956, 32.208431243000064 ], [ -80.869354247, 32.234230041000046 ], [ -80.880302427999936, 32.195404054000051 ] ], [ [ -79.836830138999971, 32.903282164000075 ], [ -79.832054138, 32.917045594000058 ], [ -79.80033111399996, 32.929740905000074 ], [ -79.835861205999947, 32.924335481000071 ], [ -79.836830138999971, 32.903282164000075 ] ], [ [ -80.395294190999948, 32.648342133000028 ], [ -80.392234802999951, 32.656719208000027 ], [ -80.415992737999943, 32.669158935000041 ], [ -80.395294190999948, 32.648342133000028 ] ] ] } },
{ "type": "Feature", "properties": { "PROVINCE": "OUACHITA" }, "geometry": { "type": "Polygon", "coordinates": [ [ [ -94.916725157999963, 35.690586090000068 ], [ -94.485572814999955, 35.617263794000053 ], [ -94.134750366999981, 35.631958008000026 ], [ -94.042907715999945, 35.613750457000037 ], [ -93.835319517999949, 35.637363434000065 ], [ -93.69715118299996, 35.598472596000079 ], [ -93.286415099999942, 35.543426513000043 ], [ -92.963317870999958, 35.553958893000072 ], [ -92.733543395999959, 35.582935334000069 ], [ -92.390945433999946, 35.584846497000058 ], [ -92.265899657999967, 35.568840027000078 ], [ -91.838302610999961, 35.575450899000032 ], [ -91.397926329999962, 35.612560273000042 ], [ -91.494018555999958, 35.427597046000074 ], [ -91.658653258999948, 35.22697067200005 ], [ -91.869338988999971, 35.069030762000068 ], [ -92.187072753999985, 35.076133727000069 ], [ -92.521980285999973, 35.104843139000025 ], [ -92.805068969, 35.154884338000045 ], [ -93.072402953999983, 35.091720581000061 ], [ -93.196121214999948, 35.081222533000073 ], [ -93.483222961999957, 35.089794158000075 ], [ -93.701164244999973, 35.116664886000024 ], [ -94.039794922999988, 35.056449889000078 ], [ -94.195312499999943, 35.080913544000055 ], [ -94.303443908999952, 35.121765136000079 ], [ -94.751342773999966, 35.050685883000028 ], [ -95.240730285999973, 35.00896072300003 ], [ -95.884323120999966, 34.784103394000056 ], [ -95.953399657999967, 34.777668001000052 ], [ -95.916397094, 34.86127472000004 ], [ -95.642730713999981, 35.259090423000032 ], [ -95.475387571999988, 35.612743378000062 ], [ -95.358558654999968, 35.816356659000064 ], [ -94.916725157999963, 35.690586090000068 ] ] ] } },
{ "type": "Feature", "properties": { "PROVINCE": "COASTAL PLAIN" }, "geometry": { "type": "Polygon", "coordinates": [ [ [ -75.670410156999935, 35.223499298000036 ], [ -75.595352172999981, 35.264793396000073 ], [ -75.521080016999974, 35.281536102000075 ], [ -75.474128722999978, 35.589176178000059 ], [ -75.494300842999962, 35.688526153000055 ], [ -75.509117125999978, 35.687271118000069 ], [ -75.533233641999971, 35.769039154000041 ], [ -75.523155212999939, 35.776378632000046 ], [ -75.478439330999947, 35.697914124000079 ], [ -75.456581115999938, 35.617576599000074 ], [ -75.508377074999942, 35.276962280000077 ], [ -75.528221130999952, 35.226821900000061 ], [ -75.595214843999941, 35.227981567000029 ], [ -75.737808227999949, 35.186874389000025 ], [ -75.75255584699994, 35.195133209000062 ], [ -75.714210509999987, 35.20601272600004 ], [ -75.691169737999985, 35.235164642000029 ], [ -75.670410156999935, 35.223499298000036 ] ] ] } },
{ "type": "Feature", "properties": { "PROVINCE": "COLORADO PLATEAUS" }, "geometry": { "type": "Polygon", "coordinates": [ [ [ -109.844940185999974, 34.694324493000067 ], [ -109.466484068999989, 34.613578797000059 ], [ -109.096916197999974, 34.629852295000035 ], [ -108.95477294899996, 34.648536682000042 ], [ -108.783569335999971, 34.696895599000072 ], [ -108.668464660999973, 34.74130630500008 ], [ -108.55381011999998, 34.817390441000043 ], [ -108.433677672999977, 34.925731659000064 ], [ -108.379524230999948, 35.043773650000048 ], [ -108.448310851999963, 35.196472168000071 ], [ -108.608863829999962, 35.448589325000057 ], [ -108.598243712999988, 35.538719177000075 ], [ -108.554321288999972, 35.617710113000044 ], [ -108.446342468999944, 35.651836396000078 ], [ -108.072257996999952, 35.58313369800004 ], [ -107.617630004999967, 35.437477112000067 ], [ -107.514099120999958, 35.460838318000071 ], [ -107.309059142999956, 35.554950714000029 ], [ -107.169952391999971, 35.595413208000025 ], [ -106.896987914999954, 35.594158173000039 ], [ -106.831214904999968, 35.562404633000028 ], [ -106.837402342999951, 35.302490234000061 ], [ -106.867134093999937, 35.223556520000045 ], [ -106.897979736999957, 35.154098511000029 ], [ -107.00366211, 35.038665772000058 ], [ -107.057861326999955, 34.952919006000059 ], [ -107.195411680999939, 34.576629638000043 ], [ -107.221023558999946, 34.467754364000029 ], [ -107.321281432999967, 34.269809723000037 ], [ -107.420623778999982, 34.177028655000072 ], [ -107.540275572999974, 34.123863220000032 ], [ -107.775100707999968, 34.04627227800006 ], [ -108.094512939999959, 34.010055542000032 ], [ -108.389839171999938, 33.94027709900007 ], [ -108.504112242999952, 33.867702484000063 ], [ -108.718650818999947, 33.764957428000059 ], [ -108.924232482999969, 33.753356934000067 ], [ -109.484031677999951, 33.976394654000046 ], [ -109.623680114999956, 34.078186035000044 ], [ -109.739768980999941, 34.125057220000031 ], [ -109.869941710999967, 34.146755218000067 ], [ -109.936096191, 34.311088562000066 ], [ -109.907730102999949, 34.517276763000041 ], [ -109.844940185999974, 34.694324493000067 ] ] ] } },
{ "type": "Feature", "properties": { "PROVINCE": "BASIN AND RANGE" }, "geometry": { "type": "Polygon", "coordinates": [ [ [ -105.414581299999952, 35.419292450000057 ], [ -105.628822326999966, 35.263774872000056 ], [ -105.634544372999983, 35.188358307000044 ], [ -105.546089172999984, 34.888198851000027 ], [ -105.544013976999963, 34.717582702000072 ], [ -105.55755615299995, 34.584171295000033 ], [ -105.631881713999974, 34.398628234000057 ], [ -105.640342711999949, 34.25442504800003 ], [ -105.595436095999958, 34.157051086000024 ], [ -105.342224120999958, 33.850521087000061 ], [ -105.264854430999947, 33.729637145000027 ], [ -105.120208740999942, 33.423179626000035 ], [ -105.075790405999953, 33.255287171000077 ], [ -105.005340575, 32.840023042000041 ], [ -104.960098266999978, 32.718399048000038 ], [ -104.922927857, 32.535579680000069 ], [ -104.832138061999956, 31.992113114000063 ], [ -104.777313232999973, 31.902893067000036 ], [ -104.550376892999964, 31.691446305000056 ], [ -104.453483582999979, 31.516708374000075 ], [ -104.339157103, 31.403873443000066 ], [ -104.148742674999937, 31.170574189000035 ], [ -104.226730345999954, 31.135229111000058 ], [ -104.596809386999951, 31.078796386000079 ], [ -104.736099241999966, 31.088075639000067 ], [ -105.100578307999967, 31.167818070000067 ], [ -105.263679503999981, 31.232444764000036 ], [ -105.706481932999964, 31.475940704000038 ], [ -105.795074461999945, 31.557592391000071 ], [ -105.924591063999969, 31.76863288800007 ], [ -106.000770569999986, 32.007194521000031 ], [ -106.022598265999989, 32.361164092000024 ], [ -105.895568847999982, 32.61423873800004 ], [ -105.845069885999976, 32.911144257000046 ], [ -105.843528748999972, 33.029273986000078 ], [ -105.875152588, 33.13388443100007 ], [ -105.947303771999941, 33.27704238900003 ], [ -105.998184202999937, 33.49026107800006 ], [ -106.041030884999941, 33.568477631000064 ], [ -106.197402952999937, 33.697299958000031 ], [ -106.297073363999971, 33.72653198200004 ], [ -106.37538909899996, 33.789173127000026 ], [ -106.445465086999945, 33.863552092000077 ], [ -106.506431580999958, 34.045387267000024 ], [ -106.249870299999941, 34.479530333000071 ], [ -106.078125, 34.832141876000037 ], [ -106.043853758999944, 35.035686493000071 ], [ -106.040008544999978, 35.423645020000038 ], [ -106.019577025999979, 35.504943849000028 ], [ -105.908111572999985, 35.607109070000035 ], [ -105.896270752999953, 35.549194335000038 ], [ -105.788528442999961, 35.520381927000074 ], [ -105.662673949999942, 35.542243957000039 ], [ -105.60282897999997, 35.51779556300005 ], [ -105.543403625999986, 35.459770203000062 ], [ -105.455574034999984, 35.411674498000025 ], [ -105.414581299999952, 35.419292450000057 ] ] ] } },
{ "type": "Feature", "properties": { "PROVINCE": "COASTAL PLAIN" }, "geometry": { "type": "Polygon", "coordinates": [ [ [ -76.016586303999986, 35.067131043000074 ], [ -75.987876891999974, 35.121597290000068 ], [ -75.959403990999988, 35.117439270000034 ], [ -75.761680602999945, 35.193191529000046 ], [ -76.016586303999986, 35.067131043000074 ] ] ] } },
{ "type": "Feature", "properties": { "PROVINCE": "OUACHITA" }, "geometry": { "type": "Polygon", "coordinates": [ [ [ -91.86933898999996, 35.069030763000058 ], [ -91.968917846999943, 34.996963500000049 ], [ -92.06948852499994, 34.852252961000033 ], [ -92.260269165999944, 34.690151214000025 ], [ -92.55457305799996, 34.52720260600006 ], [ -92.801933287999987, 34.335273742000027 ], [ -93.177543639999953, 34.13132476800007 ], [ -93.603279112999985, 34.073249817000033 ], [ -93.904113769, 34.140357971000071 ], [ -94.132095337999942, 34.14422225900006 ], [ -94.454040526999961, 34.109573364000028 ], [ -94.759552002999953, 34.101009370000043 ], [ -95.178909300999976, 34.183101654000041 ], [ -95.459884643999942, 34.255752563000044 ], [ -95.953002929999968, 34.437034608000033 ], [ -96.096160888999975, 34.430484771000067 ], [ -95.953399658999956, 34.777667999000073 ], [ -95.884323120999966, 34.784103394000056 ], [ -95.240730286999963, 35.008960724000076 ], [ -94.751342773999966, 35.050685882000039 ], [ -94.303443907999963, 35.121765136000079 ], [ -94.195312500999989, 35.080913544000055 ], [ -94.039794921999942, 35.056449890000067 ], [ -93.701164244999973, 35.116664886000024 ], [ -93.483222959999978, 35.089794160000054 ], [ -93.196121216999984, 35.081222535000052 ], [ -93.072402954999973, 35.091720581000061 ], [ -92.805068969999979, 35.154884338000045 ], [ -92.521980285999973, 35.104843140000071 ], [ -92.187072754999974, 35.076133728000059 ], [ -91.86933898999996, 35.069030763000058 ] ] ] } },
{ "type": "Feature", "properties": { "PROVINCE": "PACIFIC BORDER" }, "geometry": { "type": "Polygon", "coordinates": [ [ [ -120.634048460999963, 35.126895904000037 ], [ -120.514038085999971, 35.088638306000064 ], [ -120.231185911999944, 34.955764772000066 ], [ -119.940818786999955, 34.806350707000036 ], [ -119.665946959999985, 34.622169496000026 ], [ -119.527267455999947, 34.569011689000035 ], [ -119.411010741999974, 34.566310882000039 ], [ -119.30986022899998, 34.588916779000044 ], [ -119.179069518999938, 34.633850098000039 ], [ -118.708564756999976, 34.733112336000033 ], [ -118.671829223999964, 34.766269684000065 ], [ -118.505256654, 34.666454316000056 ], [ -117.987907408999945, 34.54428482000003 ], [ -117.694747923999955, 34.461387634000062 ], [ -117.460357664999947, 34.372879027000067 ], [ -117.042411804999972, 34.377506256000061 ], [ -116.839653013999964, 34.299911498000029 ], [ -116.345558165999989, 34.22942733800005 ], [ -116.083580017999964, 34.153282165000064 ], [ -115.799407960999986, 34.020145417000037 ], [ -115.751068115999942, 33.980224609000061 ], [ -115.76589202699995, 33.924610138000048 ], [ -115.83601379299995, 33.896877287000052 ], [ -116.383720397, 33.933250427000075 ], [ -116.480094908999945, 33.934108735000052 ], [ -116.56503295999994, 33.911575318000075 ], [ -116.577087401999961, 33.854827881000062 ], [ -116.567016601999967, 33.787406920000024 ], [ -116.210700988999974, 33.542381287000069 ], [ -116.082527159, 33.407978059000072 ], [ -116.082656859999986, 33.244865418000074 ], [ -116.261985778999986, 33.203815460000044 ], [ -116.428939819, 33.134677886000077 ], [ -116.446136473999957, 33.060447694000061 ], [ -116.659584045999964, 33.282672883000032 ], [ -116.879241942999954, 33.38801193200004 ], [ -117.04798126299994, 33.416393279000033 ], [ -117.236557006999988, 33.372554778000051 ], [ -117.406608580999944, 33.228794097000048 ], [ -117.510658262999982, 33.33606719900007 ], [ -117.873344421999946, 33.593173981000064 ], [ -117.89289856, 33.616218567000033 ], [ -117.876716612999985, 33.64863205100005 ], [ -117.901733397999976, 33.617511749000073 ], [ -117.927062989999968, 33.615039826000043 ], [ -117.884918213999981, 33.593082429000049 ], [ -117.928565978, 33.602291106000052 ], [ -118.127159117999952, 33.765602111000078 ], [ -118.119148253999981, 33.74658203000007 ], [ -118.179039000999978, 33.762359618000062 ], [ -118.206413268999938, 33.746616365000079 ], [ -118.211853026999961, 33.777023315000065 ], [ -118.27571106, 33.762695314000041 ], [ -118.270668030999957, 33.724552156000073 ], [ -118.286895750999975, 33.703907013000048 ], [ -118.355873106999979, 33.734493254000029 ], [ -118.40509033099994, 33.738452910000035 ], [ -118.428955079, 33.775451659000055 ], [ -118.388175964999959, 33.812324524000076 ], [ -118.412117004999971, 33.882968902000073 ], [ -118.445404052999947, 33.948028565000072 ], [ -118.541854858999955, 34.037254333000078 ], [ -118.746734619, 34.026615144000061 ], [ -118.80990600399997, 34.002006532000053 ], [ -119.128898619999973, 34.116153717000032 ], [ -119.092880248999961, 34.097717285000044 ], [ -119.12057495199997, 34.095851900000071 ], [ -119.199279783999941, 34.151664734000065 ], [ -119.216339111999957, 34.14634323000007 ], [ -119.25750732399996, 34.225555419000045 ], [ -119.194427490999942, 34.235855103000063 ], [ -119.266761779999968, 34.238101959000062 ], [ -119.274971007999966, 34.271579742000029 ], [ -119.319053649999944, 34.276615144000061 ], [ -119.482963560999963, 34.375953673000026 ], [ -119.606292726, 34.416435242000034 ], [ -119.681282041999964, 34.409736634000069 ], [ -119.699165344999983, 34.395233153000049 ], [ -119.800308227999949, 34.419208527000023 ], [ -119.869430540999986, 34.404796599000065 ], [ -120.011489868999945, 34.461662293000074 ], [ -120.140159607999976, 34.471904756000072 ], [ -120.456199646999949, 34.442501069000059 ], [ -120.509399413999972, 34.521377564000034 ], [ -120.641288757999973, 34.572341918000063 ], [ -120.601623534999987, 34.704025267000077 ], [ -120.631668091999984, 34.759906768000064 ], [ -120.608154297999988, 34.855617524000024 ], [ -120.665946959999985, 34.903812409000068 ], [ -120.616767881999976, 35.074821471000064 ], [ -120.634048460999963, 35.126895904000037 ] ] ] } },
{ "type": "Feature", "properties": { "PROVINCE": "COASTAL PLAIN" }, "geometry": { "type": "Polygon", "coordinates": [ [ [ -76.116035460999967, 35.012748719000058 ], [ -76.080192565999937, 35.06563568100006 ], [ -76.035278319999975, 35.064582825000059 ], [ -76.116035460999967, 35.012748719000058 ] ] ] } },
{ "type": "Feature", "properties": { "PROVINCE": "COASTAL PLAIN" }, "geometry": { "type": "Polygon", "coordinates": [ [ [ -76.529304503999981, 34.643508911000026 ], [ -76.424850462999984, 34.750350952000076 ], [ -76.434410094999976, 34.761550903000057 ], [ -76.415382384999987, 34.761425019000058 ], [ -76.40044402999996, 34.793689728000061 ], [ -76.288749694999979, 34.879734039000027 ], [ -76.467140197999981, 34.694824219000054 ], [ -76.537429809999935, 34.586933136000027 ], [ -76.55650329599996, 34.610225678000063 ], [ -76.536094664999951, 34.616893768000068 ], [ -76.529304503999981, 34.643508911000026 ] ] ] } },
{ "type": "Feature", "properties": { "PROVINCE": "COASTAL PLAIN" }, "geometry": { "type": "Polygon", "coordinates": [ [ [ -97.595932007999977, 27.314416883000035 ], [ -97.580207826999981, 27.315650940000069 ], [ -97.610542298999974, 27.29006195200003 ], [ -97.641387938999969, 27.300901415000055 ], [ -97.636718750999989, 27.322006227000031 ], [ -97.661064148999969, 27.328083040000024 ], [ -97.651115416999971, 27.337081907000027 ], [ -97.670265197, 27.346727373000078 ], [ -97.686157227999956, 27.401473997000039 ], [ -97.695289612999943, 27.385078432000057 ], [ -97.768806458999961, 27.466396330000066 ], [ -97.78385162099994, 27.458419802000037 ], [ -97.719818115999942, 27.385152815000026 ], [ -97.746673585999986, 27.394027712000025 ], [ -97.743530274999955, 27.377365112000064 ], [ -97.706893918999981, 27.371503830000051 ], [ -97.690834045999964, 27.341648100000043 ], [ -97.686729428999968, 27.323577881000062 ], [ -97.723701477999953, 27.334989549000056 ], [ -97.72360992299997, 27.31931114300005 ], [ -97.674156187999984, 27.316385270000069 ], [ -97.660827635999965, 27.29949188300003 ], [ -97.701690675999942, 27.279644015000031 ], [ -97.785179135999954, 27.288351061000071 ], [ -97.775878904999956, 27.272939680000036 ], [ -97.734260560999985, 27.264211655000054 ], [ -97.652221676999943, 27.278089524000052 ], [ -97.637779236999961, 27.246410369000046 ], [ -97.548423767999964, 27.230529783000065 ], [ -97.551094056999943, 27.208454131000053 ], [ -97.536529539999947, 27.236246107000056 ], [ -97.499107361999961, 27.242280961000063 ], [ -97.49255371199996, 27.256881715000077 ], [ -97.427482602999987, 27.265455245000055 ], [ -97.437873839999952, 27.208061219000058 ], [ -97.437530519999939, 27.236646650000068 ], [ -97.449378967999962, 27.232784271000071 ], [ -97.454795836999949, 27.136053084000025 ], [ -97.446723936999945, 27.150619505000066 ], [ -97.462493896999945, 27.099794388000078 ], [ -97.489379884999948, 27.10367012100005 ], [ -97.50376892099996, 27.081869127000061 ], [ -97.480384824999987, 27.062852861000067 ], [ -97.507247922999966, 27.049652101000049 ], [ -97.481010437999942, 27.024106980000056 ], [ -97.47926330599995, 26.996839525000041 ], [ -97.553939819999982, 27.00091743400003 ], [ -97.568824766999967, 26.97818946700005 ], [ -97.544769285999962, 26.894083022000075 ], [ -97.508804322999936, 26.872459413000058 ], [ -97.513175964999959, 26.897029878000069 ], [ -97.476219179999987, 26.857364653000047 ], [ -97.496406556999943, 26.844461440000032 ], [ -97.55493163899996, 26.894321443000024 ], [ -97.558319090999987, 26.846387865000054 ], [ -97.573112487999936, 26.843961714000045 ], [ -97.555206297999973, 26.812610627000026 ], [ -97.495834350999985, 26.794118882000078 ], [ -97.447029112999985, 26.573060991000034 ], [ -97.42564391999997, 26.560056685000063 ], [ -97.418968198999949, 26.495191573000056 ], [ -97.432807921999938, 26.489063261000069 ], [ -97.44620514099995, 26.549472810000054 ], [ -97.44641113199998, 26.490785599000048 ], [ -97.505958558999964, 26.495927813000037 ], [ -97.446716307999964, 26.480623245000061 ], [ -97.462783815999956, 26.467151644000069 ], [ -97.441055295999945, 26.466619492000063 ], [ -97.448486327999944, 26.454782485000067 ], [ -97.475807190999944, 26.454063418000032 ], [ -97.476348874999985, 26.470254899000054 ], [ -97.494186401999968, 26.448036193000064 ], [ -97.444236752999984, 26.444509507000078 ], [ -97.468650817999958, 26.404888153000059 ], [ -97.422866818999978, 26.414857864000055 ], [ -97.420364380999956, 26.397226334000038 ], [ -97.447624204999954, 26.380794527000035 ], [ -97.399635314999955, 26.38052749600007 ], [ -97.423614498999939, 26.355695723000053 ], [ -97.368949891999989, 26.359411238000064 ], [ -97.375076294999985, 26.323961260000033 ], [ -97.351585386999943, 26.349258422000048 ], [ -97.368400573999963, 26.310842513000068 ], [ -97.365768431, 26.26452636700003 ], [ -97.336212161, 26.273946761000047 ], [ -97.353050230999941, 26.251251220000029 ], [ -97.317565918999946, 26.256814956000028 ], [ -97.353515623999954, 26.236000060000038 ], [ -97.36437988299997, 26.210371019000036 ], [ -97.353614806999985, 26.182802201000072 ], [ -97.343704224999954, 26.226959230000034 ], [ -97.317131042999961, 26.205457688000024 ], [ -97.328552244999969, 26.161802293000051 ], [ -97.302589413999954, 26.121335984000041 ], [ -97.315856931999974, 26.132324217000075 ], [ -97.329269408999949, 26.12202835100004 ], [ -97.212745665999989, 26.079616547000057 ], [ -97.225112914999954, 26.054958344000056 ], [ -97.253372191999972, 26.068672180000078 ], [ -97.253845213999966, 26.037673952000034 ], [ -97.342002866999962, 25.984897613000044 ], [ -97.325561521999987, 25.97984314100006 ], [ -97.272521971999936, 26.019655228000033 ], [ -97.276573178999968, 26.002634049000051 ], [ -97.256454468999948, 26.002563477000024 ], [ -97.267890928999975, 25.974628447000043 ], [ -97.223915099999942, 25.997528076000037 ], [ -97.216743469999983, 25.985761644000036 ], [ -97.177291870999966, 26.008298872000069 ], [ -97.193061826999951, 26.034189223000055 ], [ -97.183586120999962, 26.062627792000058 ], [ -97.243759155999953, 26.03833198600006 ], [ -97.174247743999956, 26.07116699200003 ], [ -97.172470094999937, 25.954927446000056 ], [ -97.199661256999946, 25.969558716000051 ], [ -97.275024414999962, 25.955373763000068 ], [ -97.307395936999967, 25.965480804000038 ], [ -97.304695131999949, 25.939022064000028 ], [ -97.342864989999953, 25.940011979000076 ], [ -97.348922730999959, 25.922573090000071 ], [ -97.367782593999948, 25.930465697000045 ], [ -97.38124847499995, 25.917379380000057 ], [ -97.37184143099995, 25.879171371000041 ], [ -97.390876768999988, 25.863908770000023 ], [ -97.377548216999969, 25.856161117000056 ], [ -97.38589477499994, 25.845722201000058 ], [ -97.425506590999987, 25.864780426000038 ], [ -97.434608459999936, 25.845556258000045 ], [ -97.463768004999963, 25.861562727000035 ], [ -97.469085693999943, 25.886234285000057 ], [ -97.533638000999986, 25.895208361000073 ], [ -97.566505432999975, 25.941825865000055 ], [ -97.590354917999946, 25.933589937000079 ], [ -97.575195312999938, 25.954530716000079 ], [ -97.613189695999949, 25.962360382000043 ], [ -97.642997742999967, 25.994522095000036 ], [ -97.629112243999941, 26.005775450000044 ], [ -97.655128478999984, 26.010997774000032 ], [ -97.648246764999953, 26.023801803000026 ], [ -97.763786314999948, 26.030532837000067 ], [ -97.775840759999937, 26.051156999000057 ], [ -97.783348082999964, 26.032806395000023 ], [ -97.802268982999976, 26.06097793400005 ], [ -97.819168090999938, 26.049303053000074 ], [ -98.04035186699997, 26.059751512000048 ], [ -98.04319000199996, 26.045459746000063 ], [ -98.076637267999956, 26.034982679000052 ], [ -98.083496093999941, 26.066112520000047 ], [ -98.140792844999964, 26.069936752000046 ], [ -98.147705079, 26.052476885000033 ], [ -98.187026977999949, 26.073534014000074 ], [ -98.183784483999943, 26.060058595000044 ], [ -98.200981138999964, 26.055732729000056 ], [ -98.292236329, 26.098459242000047 ], [ -98.271644590999983, 26.12124824600005 ], [ -98.292564390999985, 26.133161545000064 ], [ -98.312370300999987, 26.124696732000075 ], [ -98.308738705999986, 26.10428237900004 ], [ -98.328231811999956, 26.11200142000007 ], [ -98.347480774999951, 26.15903282000005 ], [ -98.384811402999958, 26.156383516000062 ], [ -98.453689577999967, 26.22126197700004 ], [ -98.484947205999958, 26.22126197700004 ], [ -98.488815308999961, 26.201894760000073 ], [ -98.565650939999955, 26.249694826000052 ], [ -98.568931580999958, 26.234016419000056 ], [ -98.598075866999977, 26.240427015000023 ], [ -98.600273133999963, 26.26080322200005 ], [ -98.678222654999956, 26.242404936000071 ], [ -98.726158140999985, 26.274909975000071 ], [ -98.716888427999947, 26.287740709000047 ], [ -98.766654966999965, 26.300365446000058 ], [ -98.753211973999953, 26.32285881200005 ], [ -98.80102538899996, 26.333129882000037 ], [ -98.820137022999972, 26.375413895000065 ], [ -98.909202574999938, 26.360671999000033 ], [ -98.939582826999981, 26.39565086500005 ], [ -98.961479186999952, 26.38062095500004 ], [ -98.993995667999968, 26.407747267000047 ], [ -99.071334836999938, 26.403383254000062 ], [ -99.107032774999936, 26.419870374000027 ], [ -99.116912839999941, 26.442136765000043 ], [ -99.101776122999979, 26.488677977000066 ], [ -99.129661561999967, 26.531419754000069 ], [ -99.168983459999936, 26.546060562000036 ], [ -99.175781247999964, 26.630180358000075 ], [ -99.192947386999947, 26.635395051000046 ], [ -99.220947266999985, 26.732580186000064 ], [ -99.249626160999981, 26.758644103000051 ], [ -99.285835266, 26.85767936600007 ], [ -99.324302670999941, 26.874086378000072 ], [ -99.33760833499997, 26.926778795000075 ], [ -99.390830994999988, 26.946943286000078 ], [ -99.393028257999958, 26.995862961000057 ], [ -99.424888612999951, 27.024183275000041 ], [ -99.455383301999973, 27.028959272000066 ], [ -99.461227417999964, 27.070503233000068 ], [ -99.444740292999938, 27.10177993700006 ], [ -99.437477111999954, 27.199502944000074 ], [ -99.465591429999961, 27.270185471000048 ], [ -99.500282285999958, 27.271278381000059 ], [ -99.502632141999982, 27.306322096000031 ], [ -99.543907164999951, 27.318954467000026 ], [ -99.51618194699995, 27.346485139000038 ], [ -99.49081420899995, 27.491052629000023 ], [ -99.52706146099996, 27.504581451000035 ], [ -99.522598267999967, 27.569971085000077 ], [ -99.549507141999982, 27.612920762000044 ], [ -99.584861753999974, 27.612144468000054 ], [ -99.599548342, 27.648120882000057 ], [ -99.629768371999944, 27.65329551700006 ], [ -99.64830017099996, 27.63401985400003 ], [ -99.66571044799997, 27.637298585000053 ], [ -99.672782898999969, 27.66356849500005 ], [ -99.714820861999954, 27.661848067000051 ], [ -99.765899658999956, 27.728736879000053 ], [ -99.799209594999979, 27.740774157000033 ], [ -99.81605529999996, 27.780395505000058 ], [ -99.843788145999952, 27.772613523000075 ], [ -99.875061036999966, 27.797971724000035 ], [ -99.881660462999946, 27.849990843000057 ], [ -99.910911557999952, 27.880851747000065 ], [ -99.900093077999941, 27.90661239800005 ], [ -99.946327206999968, 27.956340792000049 ], [ -99.942192078999938, 27.987163545000044 ], [ -99.99364471399997, 28.003740311000058 ], [ -100.019393922999939, 28.064458847000026 ], [ -100.062156678999941, 28.094799040000055 ], [ -100.097259523, 28.154556276000051 ], [ -100.214416504999974, 28.202207566000027 ], [ -100.223808290999955, 28.241727827000034 ], [ -100.27597045999994, 28.252178190000052 ], [ -100.298263549999945, 28.280622484000048 ], [ -100.293243406999977, 28.320629121000024 ], [ -100.351921080999944, 28.394449234000035 ], [ -100.346420286999944, 28.439500806000069 ], [ -100.377113343999952, 28.478914259000078 ], [ -100.346153256999969, 28.501071929000034 ], [ -100.419883729, 28.544452669000066 ], [ -100.403526303999968, 28.589992521000056 ], [ -100.453437802999986, 28.620567324000035 ], [ -100.453567502999988, 28.643989561000069 ], [ -100.498268128999939, 28.661243437000053 ], [ -100.541221618999941, 28.807970049000062 ], [ -100.581962586999964, 28.838054659000079 ], [ -100.582107545999975, 28.859628676000057 ], [ -100.604614256, 28.88062095500004 ], [ -100.590148923999948, 28.894470216000059 ], [ -100.64758300799997, 28.922595975000036 ], [ -100.63726806699998, 28.934589387000074 ], [ -100.656181333999939, 28.957881929000052 ], [ -100.669136046999938, 29.080314639000051 ], [ -100.688682555999947, 29.112304689000041 ], [ -100.768974302999936, 29.166807176000077 ], [ -100.777297973999964, 29.219953535000059 ], [ -100.804046630999949, 29.249887465000029 ], [ -100.777671816999941, 29.273496629000078 ], [ -100.532020566999961, 29.333150864000061 ], [ -100.346755978999965, 29.337982178000061 ], [ -100.05929565699995, 29.301702502000069 ], [ -99.374938962999977, 29.384754183000041 ], [ -98.724235533999945, 29.563289645000054 ], [ -98.474647521999941, 29.601642608000077 ], [ -98.285873410999955, 29.661380768000072 ], [ -98.14492034899996, 29.733263014000045 ], [ -97.859893796999984, 30.014482500000042 ], [ -97.53015899899998, 30.553409576000035 ], [ -97.335342407999974, 31.182527542000059 ], [ -97.197448730999952, 31.421705245000055 ], [ -97.147010801999954, 31.545215606000056 ], [ -97.143455502999984, 31.694292067000049 ], [ -97.181343077999941, 31.852920532000041 ], [ -97.262924194999982, 32.077148439000041 ], [ -97.286003110999957, 32.222942353000064 ], [ -97.226165770999955, 32.506763460000059 ], [ -97.139305117, 32.790584563000039 ], [ -97.067344664999951, 33.348358155000028 ], [ -96.977188111999965, 33.736190794000038 ], [ -96.909614561999945, 33.94768905400008 ], [ -96.826339721999943, 34.115871429000038 ], [ -96.673141480999959, 34.26140975900006 ], [ -96.537193298999966, 34.349136354000052 ], [ -96.342926026999976, 34.418800354000041 ], [ -95.953002929999968, 34.437034607000044 ], [ -95.459884644999988, 34.25575256500008 ], [ -95.178909300999976, 34.183101654000041 ], [ -94.759552, 34.101009371000032 ], [ -94.45404052899994, 34.109573363000038 ], [ -94.132095336999953, 34.144222261000039 ], [ -93.904113769, 34.140357969000036 ], [ -93.603279114999964, 34.073249815000054 ], [ -93.177543638999964, 34.131324769000059 ], [ -92.80193328699994, 34.335273742000027 ], [ -92.554573058999949, 34.52720260600006 ], [ -92.208305356999972, 34.731533053000078 ], [ -92.181999204999954, 34.696712496000032 ], [ -92.132896424999956, 34.485137939000026 ], [ -92.045188904999975, 34.345676422000054 ], [ -91.972290039999962, 34.137935640000023 ], [ -91.962333677999936, 34.012733458000071 ], [ -91.986976622999975, 33.791328428000043 ], [ -92.030174253999974, 33.644264221000071 ], [ -92.097396849999939, 33.510910036000041 ], [ -92.178802489999953, 33.290046690000054 ], [ -92.184677122999972, 33.218265536000047 ], [ -92.130432126999949, 33.057754517000035 ], [ -92.052841186999956, 32.942726136000033 ], [ -92.042060852999953, 32.828701018000061 ], [ -92.071945190999941, 32.701858521000077 ], [ -92.07141113199998, 32.469818116000056 ], [ -92.056800839999937, 32.355640410000035 ], [ -91.950553891999959, 32.050662995000039 ], [ -91.956497191999972, 31.97729873600008 ], [ -92.009651184999939, 31.867368698000064 ], [ -92.156646729999977, 31.688966749000031 ], [ -92.26813507199995, 31.494655611000042 ], [ -92.324188231999983, 31.27422142000006 ], [ -92.280769345999943, 31.093399049000027 ], [ -92.108154295999952, 30.813379286000043 ], [ -92.085548400999983, 30.708513262000054 ], [ -91.961318967999944, 30.375762940000072 ], [ -91.924667357999965, 30.151937485000076 ], [ -91.834091186999956, 29.900432587000068 ], [ -91.760887145999959, 29.751195909000046 ], [ -91.839332580999951, 29.717836379000062 ], [ -91.861251832999983, 29.726430892000053 ], [ -91.871795652999936, 29.732255937000048 ], [ -91.852272034999942, 29.747798918000058 ], [ -91.881179808999946, 29.765958787000045 ], [ -91.846626282999978, 29.808397292000052 ], [ -91.823936461999949, 29.786891937000064 ], [ -91.827499389999957, 29.839042665000079 ], [ -91.888702390999981, 29.844591139000045 ], [ -91.929077149999955, 29.821712494000053 ], [ -91.961112975999981, 29.837486266000042 ], [ -91.942993164999962, 29.847513199000048 ], [ -91.967079162999937, 29.84188843000004 ], [ -91.973327636999954, 29.806056975000047 ], [ -92.13715362399995, 29.730741501000068 ], [ -92.130104064999955, 29.77352714400007 ], [ -92.166221619999988, 29.768526076000057 ], [ -92.159957885999972, 29.75355720500005 ], [ -92.199699402999954, 29.763120653000044 ], [ -92.19464874199997, 29.737127306000048 ], [ -92.162796020999963, 29.710872649000066 ], [ -92.179328920999978, 29.702219012000057 ], [ -92.158470153999986, 29.690814972000055 ], [ -92.136947632999977, 29.691337585000042 ], [ -92.153923032999955, 29.712921140000049 ], [ -92.095031736999942, 29.711589813000046 ], [ -92.13250732399996, 29.683654787000023 ], [ -92.104583738999963, 29.614202500000033 ], [ -92.094100951999962, 29.631410600000038 ], [ -92.03468322599997, 29.645185469000069 ], [ -92.008583069999986, 29.632957457000032 ], [ -92.061027527999954, 29.614318849000028 ], [ -92.040084840999953, 29.598768236000069 ], [ -92.14953613199998, 29.592033385000036 ], [ -92.297370912999952, 29.541572572000064 ], [ -92.607421876999979, 29.588628770000071 ], [ -92.75072479399995, 29.628452302000028 ], [ -93.107490540999947, 29.767114640000045 ], [ -93.233657836999953, 29.788993838000067 ], [ -93.331291196999985, 29.772771834000025 ], [ -93.342605589999948, 29.789793014000054 ], [ -93.344360352999956, 29.770938872000045 ], [ -93.46258544899996, 29.779081346000055 ], [ -93.72199249099998, 29.758792878000065 ], [ -93.830680848999975, 29.704547882000043 ], [ -93.900321960999975, 29.808132171000068 ], [ -93.791458128999977, 29.85052108900004 ], [ -93.751739500999975, 29.95886802800004 ], [ -93.754501343999948, 29.98167419300006 ], [ -93.857780455999944, 29.990310669000053 ], [ -93.854850766999959, 29.965503690000048 ], [ -93.952545163999957, 29.817579268000031 ], [ -93.939750673, 29.782192232000057 ], [ -93.902931212999988, 29.767665861000069 ], [ -93.901145932999952, 29.747575760000075 ], [ -93.878501893999953, 29.740768433000028 ], [ -93.835250853, 29.674585344000036 ], [ -93.92916870199997, 29.684549330000038 ], [ -94.065582275999986, 29.674287797000034 ], [ -94.683532717, 29.431756971000027 ], [ -94.767631532999985, 29.362724306000075 ], [ -94.785438538999983, 29.383495330000073 ], [ -94.682113646999937, 29.475343703000078 ], [ -94.610824584999989, 29.490646363000053 ], [ -94.572883604999959, 29.533283235000056 ], [ -94.506385802999944, 29.514789582000049 ], [ -94.473274228999969, 29.547077179000041 ], [ -94.477523803999986, 29.560144426000079 ], [ -94.53342437799995, 29.552558898000029 ], [ -94.564567563999958, 29.580144881000024 ], [ -94.777671814999962, 29.532310488000064 ], [ -94.789581296999984, 29.559961317000045 ], [ -94.777183531, 29.548351290000028 ], [ -94.752937316999976, 29.558197022000058 ], [ -94.715034481999965, 29.625654222000037 ], [ -94.688018799999952, 29.768405913000038 ], [ -94.700477599999942, 29.754791261000037 ], [ -94.705429075999973, 29.76787567100007 ], [ -94.729797361999942, 29.765388490000078 ], [ -94.735923765999985, 29.793207170000073 ], [ -94.829612730999941, 29.760082246000024 ], [ -94.887359619999984, 29.668766019000032 ], [ -94.932785034999938, 29.665386201000047 ], [ -94.946800233999966, 29.702739716000053 ], [ -95.005760191999968, 29.727937699000051 ], [ -95.007743837999953, 29.712432860000035 ], [ -95.051307677999944, 29.757997514000067 ], [ -95.052848813999958, 29.741096497000058 ], [ -95.067001341999969, 29.759626387000026 ], [ -95.047691345999965, 29.765630720000047 ], [ -95.048805234999975, 29.782192232000057 ], [ -95.075187683999957, 29.772380829000042 ], [ -95.059043884999937, 29.804670335000026 ], [ -95.095153809999942, 29.817306518000066 ], [ -95.068542478999973, 29.795469283000045 ], [ -95.086044314, 29.775621415000046 ], [ -95.096389770999963, 29.787553788000025 ], [ -95.102119444999971, 29.770843505000073 ], [ -95.077362057999949, 29.762388230000056 ], [ -95.065765380999949, 29.736177445000067 ], [ -95.028846741999985, 29.728996277000078 ], [ -95.026687620999951, 29.712383269000043 ], [ -95.03961181699998, 29.724899294000068 ], [ -95.056945801999973, 29.71651268200003 ], [ -95.025382997999941, 29.690303805000042 ], [ -94.986968991999959, 29.682119372000045 ], [ -95.015548706999937, 29.643978121000032 ], [ -94.984275815999979, 29.604917527000055 ], [ -95.014320375999944, 29.559494020000045 ], [ -94.997734071999957, 29.529823303000057 ], [ -94.920188905999964, 29.505294800000058 ], [ -94.926147458999935, 29.473260878000076 ], [ -94.944000244999984, 29.481437682000035 ], [ -94.983238221999954, 29.457098010000038 ], [ -94.943962098999975, 29.46491241700005 ], [ -94.938201903999982, 29.438938140000062 ], [ -94.952705382999966, 29.42446708600005 ], [ -94.913650512999936, 29.420347216000039 ], [ -94.907142637999982, 29.432435989000055 ], [ -94.925132752999957, 29.438327789000027 ], [ -94.912078855999937, 29.445978167000078 ], [ -94.890884396999979, 29.432588577000047 ], [ -94.891334531999973, 29.399559020000027 ], [ -94.816360474999954, 29.366613388000076 ], [ -94.89167785799998, 29.394063951000078 ], [ -94.898986817999969, 29.309011458000043 ], [ -94.938735962999942, 29.309501646000058 ], [ -94.951339721999943, 29.326160428000037 ], [ -94.959678649999944, 29.292112349000035 ], [ -94.984786987999939, 29.274909973000035 ], [ -95.010963439999955, 29.283468244000062 ], [ -94.998626711999975, 29.253509523000048 ], [ -95.066574095999954, 29.196115492000047 ], [ -95.11616515999998, 29.175762177000024 ], [ -95.122016904999953, 29.200826644000074 ], [ -95.217811581999968, 29.225772860000063 ], [ -95.15206146099996, 29.187482834000036 ], [ -95.164985656999988, 29.117792129000065 ], [ -95.139877319999982, 29.082672118000062 ], [ -95.156829831999971, 29.078380584000058 ], [ -95.182228086999942, 29.117643358000066 ], [ -95.198356626999953, 29.106357573000025 ], [ -95.196441647999961, 29.088420867000025 ], [ -95.175827023999943, 29.083826066000029 ], [ -95.219963074999953, 29.051338198000053 ], [ -95.212715146999983, 29.032180784000047 ], [ -95.227752685999974, 29.033767700000055 ], [ -95.236267089999956, 29.003362657000025 ], [ -95.156867982999984, 29.068735123000067 ], [ -95.135108947999981, 29.065919877000056 ], [ -95.240325926999958, 28.99619102500003 ], [ -95.311782834999974, 28.921215056000051 ], [ -95.371406552999986, 28.898063661000037 ], [ -95.375991820999957, 28.871608733000073 ], [ -95.393882751999968, 28.88708114700006 ], [ -95.68326568699996, 28.727214814000035 ], [ -95.671546934999981, 28.752941131000057 ], [ -95.737693786999955, 28.729850769000052 ], [ -95.786590575, 28.739133834000029 ], [ -95.937545778999947, 28.690721512000039 ], [ -95.956390382999984, 28.622943879000047 ], [ -95.702384949999953, 28.719247820000078 ], [ -96.206832886999962, 28.488664629000027 ], [ -96.22199249199997, 28.485521314000039 ], [ -96.171379090999949, 28.527864456000032 ], [ -95.99188232299997, 28.596693039000058 ], [ -95.983993528999974, 28.653400422000061 ], [ -96.011718749999943, 28.637887954000064 ], [ -96.056747434999977, 28.640474322000046 ], [ -96.231681822999974, 28.569999694000046 ], [ -96.239273071999946, 28.597389219000036 ], [ -96.212554931999989, 28.603343965000079 ], [ -96.211601258999963, 28.589977263000037 ], [ -96.157714842999951, 28.611503602000028 ], [ -96.177787778999971, 28.626470565000034 ], [ -96.212226867999959, 28.61068535000004 ], [ -96.240699765999977, 28.635131835000038 ], [ -96.194213864999938, 28.676235200000065 ], [ -96.190811158999963, 28.717016218000026 ], [ -96.151306150999972, 28.762939451000079 ], [ -96.182479858999955, 28.751646041000072 ], [ -96.21241760099997, 28.686990739000066 ], [ -96.286216735999972, 28.661996843000054 ], [ -96.262176512999986, 28.677246094000054 ], [ -96.270622254999978, 28.709249495000051 ], [ -96.272567749999951, 28.677146911000079 ], [ -96.301086427999962, 28.666187285000035 ], [ -96.303375244999984, 28.637769699000046 ], [ -96.364410397999961, 28.618255615000066 ], [ -96.358917236999957, 28.649322510000047 ], [ -96.391754147999961, 28.670194626000068 ], [ -96.387649535999969, 28.717388153000059 ], [ -96.399101259999952, 28.728801725000039 ], [ -96.429336547999981, 28.714189530000056 ], [ -96.449928284999942, 28.755306245000043 ], [ -96.432128907999981, 28.697280884000065 ], [ -96.403648376999968, 28.719764708000071 ], [ -96.423118589999945, 28.677219390000062 ], [ -96.407272337999984, 28.659225463000041 ], [ -96.419036864999953, 28.638938906000078 ], [ -96.394638062999945, 28.627090453000051 ], [ -96.4005661, 28.609823228000039 ], [ -96.382385254999974, 28.622539519000043 ], [ -96.375640870999973, 28.610363008000036 ], [ -96.491455079, 28.557220461000043 ], [ -96.480339048999952, 28.587652209000055 ], [ -96.465248106999979, 28.576583861000074 ], [ -96.437408447999985, 28.597265244000027 ], [ -96.454635618999987, 28.656206132000079 ], [ -96.468910217999962, 28.662191389000043 ], [ -96.462486267999964, 28.629810334000069 ], [ -96.483520508999959, 28.598329542000045 ], [ -96.512145994999969, 28.608457567000073 ], [ -96.496528626999975, 28.62219619800004 ], [ -96.511985777999939, 28.649814607000053 ], [ -96.516357419999963, 28.632034301000033 ], [ -96.570648193999943, 28.636541368000053 ], [ -96.572463988999971, 28.808441163000055 ], [ -96.591812131999973, 28.780117036000036 ], [ -96.577003477999938, 28.760810851000031 ], [ -96.575088498999946, 28.693206789000044 ], [ -96.584136963, 28.713253020000025 ], [ -96.660087583999939, 28.72299576000006 ], [ -96.660263064, 28.679349898000055 ], [ -96.606956482999976, 28.623908997000058 ], [ -96.614860535999981, 28.569463731000042 ], [ -96.642852782999967, 28.569427489000077 ], [ -96.610603331999982, 28.559217452000041 ], [ -96.592849729999955, 28.562330245000055 ], [ -96.596290585999952, 28.579908373000023 ], [ -96.566963194999971, 28.574377062000053 ], [ -96.517837522999969, 28.546129226000062 ], [ -96.486831665999944, 28.506500244000051 ], [ -96.53292083599996, 28.48179626600006 ], [ -96.563674926999965, 28.489685060000056 ], [ -96.562431336999964, 28.469415666000032 ], [ -96.518760678999968, 28.461107254000069 ], [ -96.476753232999954, 28.499732972000061 ], [ -96.390975950999973, 28.434337618000029 ], [ -96.579132081999944, 28.351310728000044 ], [ -96.610969545999978, 28.318292617000054 ], [ -96.597572326999966, 28.33951759200005 ], [ -96.665679932999979, 28.30713653600003 ], [ -96.64439391999997, 28.322566988000062 ], [ -96.671478273999981, 28.317436220000047 ], [ -96.652442930999939, 28.34121704100005 ], [ -96.687850950999973, 28.321624757000052 ], [ -96.702621459999989, 28.340478898000072 ], [ -96.704071046999957, 28.396167754000032 ], [ -96.741027831999986, 28.40373992800005 ], [ -96.748588562999942, 28.435695650000071 ], [ -96.782508851999978, 28.455572131000054 ], [ -96.787361144999977, 28.477785112000049 ], [ -96.824134824999987, 28.44992065200006 ], [ -96.788597104999951, 28.446529388000044 ], [ -96.761306763999983, 28.414470674000029 ], [ -96.780654905999938, 28.395742416000076 ], [ -96.844230652999954, 28.424768449000055 ], [ -96.852539060999959, 28.401031493000062 ], [ -96.806770324999945, 28.367792132000034 ], [ -96.778198242999963, 28.229637145000027 ], [ -96.880241394999985, 28.164585112000054 ], [ -96.856536864999953, 28.163888932000077 ], [ -96.88065338399997, 28.139291762000028 ], [ -96.90899658099994, 28.125854494000066 ], [ -96.906700134999937, 28.146493910000061 ], [ -96.951164243999983, 28.114646913000058 ], [ -96.940788268999938, 28.159439085000031 ], [ -96.915061950999984, 28.185840609000024 ], [ -96.934852598999953, 28.209413531000052 ], [ -96.912986755999952, 28.257081988000039 ], [ -96.975570679999976, 28.211036684000078 ], [ -96.941337586999964, 28.187059403000035 ], [ -96.963279725999939, 28.165143968000052 ], [ -96.97376251299994, 28.11713218500006 ], [ -97.033882140999935, 28.13768768500006 ], [ -97.016174317999969, 28.142715452000061 ], [ -97.007064821999961, 28.181564329000025 ], [ -97.023429869999973, 28.200424196000029 ], [ -97.033889769999973, 28.196575164000024 ], [ -97.021514890999981, 28.181509016000064 ], [ -97.132102963999955, 28.130718233000039 ], [ -97.135681150999972, 28.162097932000052 ], [ -97.168258664999939, 28.159749986000065 ], [ -97.175559995999947, 28.142002106000064 ], [ -97.155174255999952, 28.119375227000035 ], [ -97.214584348999949, 28.068492889000026 ], [ -97.23247527999996, 28.073101043000065 ], [ -97.230346679999968, 28.059240341000077 ], [ -97.260566709999978, 28.064624786000024 ], [ -97.241500855999959, 28.048946379000029 ], [ -97.270561217999955, 28.026227951000067 ], [ -97.209518433999961, 28.066059114000041 ], [ -97.152175903999989, 28.039690020000023 ], [ -97.150177, 28.000190733000068 ], [ -97.117805481999937, 28.020355223000024 ], [ -97.132499693999989, 28.042842863000033 ], [ -97.114906309999981, 28.045127868000066 ], [ -97.123344421999946, 28.054559707000067 ], [ -97.057037352999942, 28.079895020000038 ], [ -97.049255370999958, 28.110969544000056 ], [ -97.019660949999945, 28.102321627000038 ], [ -97.024070737999978, 28.020532606000074 ], [ -97.036132811999948, 28.029153824000048 ], [ -97.064376829999958, 27.971944811000071 ], [ -97.195732114999942, 27.812524795000058 ], [ -97.247291562999976, 27.822626115000048 ], [ -97.213607788, 27.831415178000043 ], [ -97.248992920999967, 27.865489957000079 ], [ -97.283752438999954, 27.871448515000054 ], [ -97.36131286799997, 27.840257645000065 ], [ -97.36598205699994, 27.855566026000076 ], [ -97.345893858999943, 27.873481748000074 ], [ -97.461662291999971, 27.86986732500003 ], [ -97.461586, 27.855134962000079 ], [ -97.479629514999942, 27.853263854000033 ], [ -97.501426694999964, 27.875347136000073 ], [ -97.521972657, 27.863927842000066 ], [ -97.480079648999947, 27.820585253000047 ], [ -97.388809205999962, 27.831729892000055 ], [ -97.396827697, 27.771146775000034 ], [ -97.318061827999941, 27.71253585900007 ], [ -97.349777219999964, 27.715637207000043 ], [ -97.320281982999973, 27.690944670000079 ], [ -97.333374025999944, 27.665941237000027 ], [ -97.352386475999936, 27.664575577000051 ], [ -97.353630064999948, 27.64111328000007 ], [ -97.399490355999944, 27.633497241000043 ], [ -97.347770691999983, 27.631752016000064 ], [ -97.319725035999966, 27.659606934000067 ], [ -97.30947876099998, 27.708171847000074 ], [ -97.250061035999977, 27.689142225000069 ], [ -97.264427184999988, 27.689054488000068 ], [ -97.303489687999956, 27.589168548000032 ], [ -97.331726071999981, 27.56263732900004 ], [ -97.412528989999942, 27.32134437600007 ], [ -97.443107604999966, 27.323474885000053 ], [ -97.478973388999975, 27.302207947000056 ], [ -97.510375975999978, 27.328775407000023 ], [ -97.464073179999957, 27.322599412000045 ], [ -97.457061765999981, 27.335340500000029 ], [ -97.472892759999979, 27.352779388000044 ], [ -97.494888302999982, 27.334402086000068 ], [ -97.492530823999971, 27.379987718000052 ], [ -97.477317809999988, 27.393453599000054 ], [ -97.487548825999966, 27.445323943000062 ], [ -97.474342345999958, 27.459756850000076 ], [ -97.49099731299998, 27.450014114000055 ], [ -97.50730133199994, 27.469758987000034 ], [ -97.522956846999989, 27.459066390000032 ], [ -97.498703001999957, 27.431299211000066 ], [ -97.538261414999965, 27.441253664000044 ], [ -97.53223418999994, 27.421028136000075 ], [ -97.561676022999961, 27.410650253000028 ], [ -97.536933898999962, 27.399934770000073 ], [ -97.506515500999967, 27.426414488000034 ], [ -97.485336305999965, 27.398715971000058 ], [ -97.506011963999981, 27.373392104000061 ], [ -97.511779786999966, 27.385974883000074 ], [ -97.513191223999968, 27.372640611000065 ], [ -97.53204345599994, 27.374465944000065 ], [ -97.520668029999968, 27.361291884000025 ], [ -97.55104827699995, 27.353242873000056 ], [ -97.537033082999983, 27.343235016000051 ], [ -97.56521606299998, 27.322219849000078 ], [ -97.570228577999956, 27.343544007000048 ], [ -97.595932007999977, 27.314416883000035 ] ], [ [ -97.621154787999956, 27.312435150000056 ], [ -97.595932007999977, 27.314416883000035 ], [ -97.612319943999978, 27.317768099000034 ], [ -97.627571108999973, 27.357299805000025 ], [ -97.634834288999969, 27.334873198000025 ], [ -97.621154787999956, 27.312435150000056 ] ], [ [ -95.198356626999953, 29.106357573000025 ], [ -95.23281097499995, 29.08222580000006 ], [ -95.249160764999942, 29.097644805000073 ], [ -95.277976988999967, 29.077322008000067 ], [ -95.243667604999985, 29.084081649000041 ], [ -95.238227843999937, 29.069602967000037 ], [ -95.198356626999953, 29.106357573000025 ] ], [ [ -97.150177, 28.000190733000068 ], [ -97.174674985999957, 27.982761381000046 ], [ -97.175376890999985, 27.961608885000032 ], [ -97.150177, 28.000190733000068 ] ], [ [ -97.538261414999965, 27.441253664000044 ], [ -97.533119199999987, 27.53257751600006 ], [ -97.545326231999979, 27.481710435000025 ], [ -97.579338074999953, 27.473279952000041 ], [ -97.61047363199998, 27.494266510000045 ], [ -97.583580015999985, 27.467845917000034 ], [ -97.547164914999939, 27.47115326100004 ], [ -97.538261414999965, 27.441253664000044 ] ] ] } },
{ "type": "Feature", "properties": { "PROVINCE": "COASTAL PLAIN" }, "geometry": { "type": "Polygon", "coordinates": [ [ [ -76.569580077999944, 34.693328858000029 ], [ -76.584716796999942, 34.705135346000077 ], [ -76.528923034999934, 34.689403534000064 ], [ -76.569580077999944, 34.693328858000029 ] ] ] } },
{ "type": "Feature", "properties": { "PROVINCE": "COASTAL PLAIN" }, "geometry": { "type": "Polygon", "coordinates": [ [ [ -77.088264465999941, 34.658317566000051 ], [ -76.81236267099996, 34.706108093000068 ], [ -76.688171386999954, 34.693111420000037 ], [ -76.930938720999961, 34.678375244000051 ], [ -77.100738525999986, 34.638633728000059 ], [ -77.088264465999941, 34.658317566000051 ] ] ] } },
{ "type": "Feature", "properties": { "PROVINCE": "COASTAL PLAIN" }, "geometry": { "type": "Polygon", "coordinates": [ [ [ -76.529304503999981, 34.643508911000026 ], [ -76.538330078999934, 34.62923431400003 ], [ -76.648284911999951, 34.68424987800006 ], [ -76.529304503999981, 34.643508911000026 ] ] ] } },
{ "type": "Feature", "properties": { "PROVINCE": "COASTAL PLAIN" }, "geometry": { "type": "Polygon", "coordinates": [ [ [ -77.375183105999952, 34.521060944000055 ], [ -77.342964171999938, 34.53396987900004 ], [ -77.636253356999987, 34.359405517000027 ], [ -77.468505858999947, 34.483589173000041 ], [ -77.375183105999952, 34.521060944000055 ] ] ] } },
{ "type": "Feature", "properties": { "PROVINCE": "COASTAL PLAIN" }, "geometry": { "type": "Polygon", "coordinates": [ [ [ -77.727531432999967, 34.285465241000054 ], [ -77.752189635999969, 34.258979797000052 ], [ -77.756752013999971, 34.274070739000024 ], [ -77.727531432999967, 34.285465241000054 ] ] ] } },
{ "type": "Feature", "properties": { "PROVINCE": "COASTAL PLAIN" }, "geometry": { "type": "Polygon", "coordinates": [ [ [ -77.8125, 34.210132599000076 ], [ -77.790016174999948, 34.238800049000076 ], [ -77.772201537999933, 34.23982238800005 ], [ -77.8125, 34.210132599000076 ] ] ] } },
{ "type": "Feature", "properties": { "PROVINCE": "COASTAL PLAIN" }, "geometry": { "type": "Polygon", "coordinates": [ [ [ -77.874977111999954, 34.079460144000052 ], [ -77.859970092999959, 34.14101028400006 ], [ -77.820625304999965, 34.178009033000023 ], [ -77.874977111999954, 34.079460144000052 ] ] ] } },
{ "type": "Feature", "properties": { "PROVINCE": "PACIFIC BORDER" }, "geometry": { "type": "Polygon", "coordinates": [ [ [ -119.81112670899995, 33.964752197000053 ], [ -119.870941161999951, 33.979202271000077 ], [ -119.889053344999979, 34.00467300400004 ], [ -119.87398529099994, 34.031875611000032 ], [ -119.927688597999975, 34.059181213000045 ], [ -119.907966612999985, 34.080596924000076 ], [ -119.816589355999952, 34.054660797000054 ], [ -119.753662108999947, 34.062992096000073 ], [ -119.667922973999964, 34.02134323100006 ], [ -119.630142211999953, 34.019023895000032 ], [ -119.604476928999986, 34.047344208000027 ], [ -119.572593688999973, 34.055786133000026 ], [ -119.523101806999989, 34.034591675000058 ], [ -119.539367675, 34.006500244000051 ], [ -119.58987426799996, 33.991737366000052 ], [ -119.657981872999983, 33.990196228000059 ], [ -119.71804046699998, 33.964248657000041 ], [ -119.81112670899995, 33.964752197000053 ] ] ] } },
{ "type": "Feature", "properties": { "PROVINCE": "PACIFIC BORDER" }, "geometry": { "type": "Polygon", "coordinates": [ [ [ -120.326591491999977, 34.021125794000056 ], [ -120.44729614299996, 34.029422760000045 ], [ -120.417251586999953, 34.052600860000041 ], [ -120.37148284899996, 34.058940888000052 ], [ -120.365005492999956, 34.075958252000078 ], [ -120.352806091, 34.050388336000026 ], [ -120.305725097, 34.039005279000037 ], [ -120.300598144, 34.02277755700004 ], [ -120.326591491999977, 34.021125794000056 ] ] ] } },
{ "type": "Feature", "properties": { "PROVINCE": "COASTAL PLAIN" }, "geometry": { "type": "Polygon", "coordinates": [ [ [ -77.934684752999942, 33.94393539500004 ], [ -77.926422118999938, 34.043109894000054 ], [ -77.88834381099997, 34.056972504000044 ], [ -77.929229735999968, 33.939132690000065 ], [ -77.934684752999942, 33.94393539500004 ] ] ] } },
{ "type": "Feature", "properties": { "PROVINCE": "PACIFIC BORDER" }, "geometry": { "type": "Polygon", "coordinates": [ [ [ -119.963386535999973, 33.947765351000044 ], [ -120.109176634999983, 33.894813538000051 ], [ -120.173492430999943, 33.924449920000029 ], [ -120.217658996999944, 33.988273621000076 ], [ -120.248489379999967, 33.996509552000077 ], [ -120.220420836999949, 34.015029908000031 ], [ -120.165176390999989, 34.006095886000026 ], [ -120.133972167999957, 34.02968216000005 ], [ -120.070579528999986, 34.025470733000077 ], [ -120.031806944999971, 34.040588379000042 ], [ -120.031768798999963, 33.996929168000065 ], [ -119.974678038999969, 33.982494354000039 ], [ -119.963386535999973, 33.947765351000044 ] ] ] } },
{ "type": "Feature", "properties": { "PROVINCE": "BASIN AND RANGE" }, "geometry": { "type": "Polygon", "coordinates": [ [ [ -116.446136473999957, 33.060447694000061 ], [ -116.428939819, 33.134677886000077 ], [ -116.261985778999986, 33.203815460000044 ], [ -116.082656859999986, 33.244865417000028 ], [ -116.082527160999973, 33.407978058000026 ], [ -116.210700988999974, 33.542381287000069 ], [ -116.567016601999967, 33.78740692100007 ], [ -116.577087401999961, 33.854827881000062 ], [ -116.565032957999961, 33.911575318000075 ], [ -116.480094908999945, 33.934108734000063 ], [ -116.38372039799998, 33.933250427000075 ], [ -115.836013793999939, 33.896877289000031 ], [ -115.763320922999981, 33.934249879000049 ], [ -115.713668822999978, 33.910377503000063 ], [ -115.509071349999942, 33.67817688100007 ], [ -115.118209838999974, 33.296249389000025 ], [ -114.400588988999971, 32.726448059000063 ], [ -114.263092041999982, 32.567314148000037 ], [ -114.054306029999964, 32.256137848000037 ], [ -114.821762084999989, 32.487174989000039 ], [ -114.804656982999973, 32.521366119000049 ], [ -114.817115783999952, 32.535335540000062 ], [ -114.797828674999948, 32.547275543000069 ], [ -114.809394835999967, 32.616046906000065 ], [ -114.774147033999952, 32.633815766000055 ], [ -114.722045898999966, 32.720859527000073 ], [ -115.909034727999938, 32.635013580000077 ], [ -116.391410827999948, 33.004085541000052 ], [ -116.446136473999957, 33.060447694000061 ] ] ] } },
{ "type": "Feature", "properties": { "PROVINCE": "COASTAL PLAIN" }, "geometry": { "type": "Polygon", "coordinates": [ [ [ -77.966590881999934, 33.842391967000026 ], [ -78.012290954999969, 33.87183761600005 ], [ -77.972923278999986, 33.896617890000073 ], [ -77.959426879999967, 33.883647918000065 ], [ -77.948791503999985, 33.909378052000079 ], [ -77.966590881999934, 33.842391967000026 ] ] ] } },
{ "type": "Feature", "properties": { "PROVINCE": "COASTAL PLAIN" }, "geometry": { "type": "Polygon", "coordinates": [ [ [ -78.457908629999963, 33.885910034000062 ], [ -78.387901305999947, 33.899963379000042 ], [ -78.468147277999947, 33.871498108000026 ], [ -78.457908629999963, 33.885910034000062 ] ] ] } },
{ "type": "Feature", "properties": { "PROVINCE": "PACIFIC BORDER" }, "geometry": { "type": "Polygon", "coordinates": [ [ [ -118.259574889999953, 33.721488952000072 ], [ -118.264366149999944, 33.744174957000041 ], [ -118.226036071999943, 33.765506744000049 ], [ -118.217002868999941, 33.752868652000075 ], [ -118.236793517999956, 33.747203827000078 ], [ -118.215187072999981, 33.742431640000063 ], [ -118.245567321999943, 33.743015290000073 ], [ -118.259574889999953, 33.721488952000072 ] ] ] } },
{ "type": "Feature", "properties": { "PROVINCE": "PACIFIC BORDER" }, "geometry": { "type": "Polygon", "coordinates": [ [ [ -119.026931763, 33.460819244000049 ], [ -119.04123687799995, 33.481948853000063 ], [ -119.019805907999967, 33.483238220000032 ], [ -119.026931763, 33.460819244000049 ] ] ] } },
{ "type": "Feature", "properties": { "PROVINCE": "PACIFIC BORDER" }, "geometry": { "type": "Polygon", "coordinates": [ [ [ -118.475601195999957, 33.348194123000042 ], [ -118.481338500999982, 33.419551849000072 ], [ -118.503662108999947, 33.436550140000065 ], [ -118.556434632, 33.434482575000061 ], [ -118.599159239999949, 33.479393005000077 ], [ -118.534233092999955, 33.480731964000029 ], [ -118.488952636999954, 33.444023132000041 ], [ -118.467033385999969, 33.448852540000075 ], [ -118.362396240999942, 33.411014557000044 ], [ -118.29459381099997, 33.334453583000027 ], [ -118.30403137199994, 33.307498932000044 ], [ -118.449836729999959, 33.321674347000055 ], [ -118.475601195999957, 33.348194123000042 ] ] ] } },
{ "type": "Feature", "properties": { "PROVINCE": "LOWER CALIFORNIAN" }, "geometry": { "type": "Polygon", "coordinates": [ [ [ -116.446136474999946, 33.060447693000071 ], [ -116.391410827999948, 33.004085541000052 ], [ -115.909034728999984, 32.635013580000077 ], [ -117.129203795999956, 32.535907745000031 ], [ -117.153404236999961, 32.638095856000064 ], [ -117.194351195999957, 32.682212829000036 ], [ -117.228691100999981, 32.69484329200003 ], [ -117.199844359999986, 32.718521118000069 ], [ -117.166023254999971, 32.693592071000069 ], [ -117.106445312999938, 32.597431183000026 ], [ -117.124549865999938, 32.678985596000075 ], [ -117.198791503999985, 32.738971710000044 ], [ -117.232528686999956, 32.714340210000046 ], [ -117.231933592999951, 32.671726227000079 ], [ -117.248283385999969, 32.680290223000043 ], [ -117.252792357999965, 32.750671386000079 ], [ -117.22290038999995, 32.785797120000041 ], [ -117.246925353999984, 32.793491364000033 ], [ -117.252845764999961, 32.767517090000069 ], [ -117.282524108999951, 32.83029556300005 ], [ -117.285324095999954, 32.85123062200006 ], [ -117.255859374999943, 32.856307983000079 ], [ -117.25486755299994, 32.888175965000073 ], [ -117.328437804999965, 33.111484527000073 ], [ -117.406608582, 33.228794098000037 ], [ -117.236557006999988, 33.372554779000041 ], [ -117.047981261999951, 33.416393280000079 ], [ -116.879241943999943, 33.38801193300003 ], [ -116.659584045999964, 33.282672882000043 ], [ -116.446136474999946, 33.060447693000071 ] ] ] } },
{ "type": "Feature", "properties": { "PROVINCE": "COASTAL PLAIN" }, "geometry": { "type": "Polygon", "coordinates": [ [ [ -79.18148040799997, 33.209182739000028 ], [ -79.200645446999943, 33.266654968000068 ], [ -79.165473937999934, 33.321918487000062 ], [ -79.18148040799997, 33.209182739000028 ] ] ] } },
{ "type": "Feature", "properties": { "PROVINCE": "PACIFIC BORDER" }, "geometry": { "type": "Polygon", "coordinates": [ [ [ -119.412979125999982, 33.217628479000041 ], [ -119.454277037999987, 33.204906464000032 ], [ -119.529914854999959, 33.219646454000042 ], [ -119.570014953999987, 33.271553040000072 ], [ -119.518684386999951, 33.280433654000035 ], [ -119.446907043999943, 33.250125885000045 ], [ -119.412979125999982, 33.217628479000041 ] ] ] } },
{ "type": "Feature", "properties": { "PROVINCE": "COASTAL PLAIN" }, "geometry": { "type": "Polygon", "coordinates": [ [ [ -79.363082885999972, 32.998695373000032 ], [ -79.338996886999951, 33.066383362000067 ], [ -79.338157653999986, 33.035881043000074 ], [ -79.363082885999972, 32.998695373000032 ] ] ] } },
{ "type": "Feature", "properties": { "PROVINCE": "PACIFIC BORDER" }, "geometry": { "type": "Polygon", "coordinates": [ [ [ -118.349479675999987, 32.818542480000076 ], [ -118.385635375999982, 32.825851440000065 ], [ -118.419105529999968, 32.804946899000072 ], [ -118.493110656999988, 32.851360321000072 ], [ -118.571929931999989, 32.970958710000048 ], [ -118.57994079599996, 33.016376495000031 ], [ -118.601310729999966, 33.017898560000049 ], [ -118.596794128999989, 33.037994385000047 ], [ -118.560562133999952, 33.032577515000071 ], [ -118.495880126999964, 32.940567016000045 ], [ -118.349479675999987, 32.818542480000076 ] ] ] } },
{ "type": "Feature", "properties": { "PROVINCE": "COASTAL PLAIN" }, "geometry": { "type": "Polygon", "coordinates": [ [ [ -79.836830138999971, 32.903282166000054 ], [ -79.835861205999947, 32.924335480000025 ], [ -79.800331115999938, 32.929740906000063 ], [ -79.832054138, 32.917045594000058 ], [ -79.836830138999971, 32.903282166000054 ] ] ] } },
{ "type": "Feature", "properties": { "PROVINCE": "COASTAL PLAIN" }, "geometry": { "type": "Polygon", "coordinates": [ [ [ -80.395294189999959, 32.648342133000028 ], [ -80.415992736999954, 32.669158935000041 ], [ -80.392234801999962, 32.656719208000027 ], [ -80.395294189999959, 32.648342133000028 ] ] ] } },
{ "type": "Feature", "properties": { "PROVINCE": "GREAT PLAINS" }, "geometry": { "type": "Polygon", "coordinates": [ [ [ -101.331962584999985, 32.146011353000063 ], [ -101.264076232999969, 32.281452178000052 ], [ -101.267738341999973, 32.359767914000031 ], [ -101.343894957999964, 32.473129272000051 ], [ -101.053131101999952, 32.434146880000071 ], [ -100.816673278999986, 32.448005676000037 ], [ -100.654869079999969, 32.480072022000058 ], [ -100.332351683999946, 32.479511261000027 ], [ -100.195388793999939, 32.468685151000045 ], [ -100.073028564999959, 32.439731598000037 ], [ -99.95048522999997, 32.402656554000032 ], [ -99.677711485999964, 32.277462006000064 ], [ -99.535156249999943, 32.254817962000061 ], [ -99.08989715599995, 32.141330719000052 ], [ -98.934654235999972, 32.126216889000034 ], [ -98.608139038, 32.033134460000042 ], [ -98.434745788999976, 32.046489716000053 ], [ -98.389366148999954, 32.167201995000028 ], [ -98.409782410999981, 32.266330719000052 ], [ -98.367835997999975, 32.370967865000068 ], [ -98.332855226, 32.440265655000076 ], [ -98.203018187999987, 32.51212692200005 ], [ -97.742996215999938, 32.624809266000057 ], [ -97.50183868299996, 32.629287720000036 ], [ -97.19145965599995, 32.608535767000035 ], [ -97.263687132999962, 32.357627868000066 ], [ -97.286003111999946, 32.222942353000064 ], [ -97.262924193999936, 32.077148436000073 ], [ -97.181343077999941, 31.852920532000041 ], [ -97.143455505999952, 31.694292068000038 ], [ -97.147010802999944, 31.545215608000035 ], [ -97.197448728999973, 31.421705247000034 ], [ -97.335342405999938, 31.18252754100007 ], [ -97.530158995999955, 30.553409577000025 ], [ -97.692024230999948, 30.280031204000068 ], [ -97.881889342999955, 30.416721344000052 ], [ -97.975006101999952, 30.454505921000077 ], [ -98.034271240999942, 30.442810058000077 ], [ -98.208763122999983, 30.296974182000042 ], [ -98.319511413999976, 30.265415193000024 ], [ -98.441917419999982, 30.275308608000046 ], [ -98.557167054, 30.301198958000043 ], [ -98.682563782999978, 30.374942779000037 ], [ -98.755233764999957, 30.394802093000067 ], [ -98.835296630999949, 30.411306381000031 ], [ -99.158439636999958, 30.427101136000033 ], [ -99.349494934999939, 30.502264023000066 ], [ -99.42171478299997, 30.569828034000068 ], [ -99.426834107, 30.70113563600006 ], [ -99.395034789999954, 30.921274186000062 ], [ -99.463264465999941, 31.03694534300007 ], [ -99.439254759999983, 31.120735167000078 ], [ -99.452384947999974, 31.195793152000078 ], [ -99.553138732999969, 31.256292342000052 ], [ -99.798995971999943, 31.342422486000032 ], [ -100.290382385999976, 31.46517181300004 ], [ -100.438980102999949, 31.526893614000073 ], [ -100.38746643099995, 31.608366013000079 ], [ -100.260482786999944, 31.63093185300005 ], [ -100.214355468999941, 31.656139374000077 ], [ -100.261665344999983, 31.718994140000063 ], [ -100.367172241, 31.775480271000049 ], [ -100.768531799999948, 31.924253465000049 ], [ -101.304054259999987, 32.084781647000057 ], [ -101.331962584999985, 32.146011353000063 ] ] ] } },
{ "type": "Feature", "properties": { "PROVINCE": "COASTAL PLAIN" }, "geometry": { "type": "Polygon", "coordinates": [ [ [ -80.510528564999959, 32.461521149000077 ], [ -80.536628722999978, 32.464588166000055 ], [ -80.541160582999964, 32.491901398000039 ], [ -80.476913451999962, 32.473968505000073 ], [ -80.476844786999948, 32.46212005600006 ], [ -80.510528564999959, 32.461521149000077 ] ] ] } },
{ "type": "Feature", "properties": { "PROVINCE": "COASTAL PLAIN" }, "geometry": { "type": "Polygon", "coordinates": [ [ [ -80.747520446999943, 32.299362182000039 ], [ -80.780387877999942, 32.333316803000059 ], [ -80.773986816, 32.34429550200008 ], [ -80.735130309999988, 32.307643891000055 ], [ -80.747520446999943, 32.299362182000039 ] ] ] } },
{ "type": "Feature", "properties": { "PROVINCE": "COASTAL PLAIN" }, "geometry": { "type": "Polygon", "coordinates": [ [ [ -80.849380492999956, 32.208431244000053 ], [ -80.880302428999983, 32.195404053000061 ], [ -80.869354247999979, 32.234230041000046 ], [ -80.849380492999956, 32.208431244000053 ] ] ] } },
{ "type": "Feature", "properties": { "PROVINCE": "GREAT PLAINS" }, "geometry": { "type": "Polygon", "coordinates": [ [ [ -102.722297667999953, 31.222133636000024 ], [ -102.340354919999982, 31.408382417000041 ], [ -101.911102295999967, 31.667291641000077 ], [ -101.620025633999944, 31.867105485000025 ], [ -101.331962584999985, 32.146011353000063 ], [ -101.304054259999987, 32.084781647000057 ], [ -100.768531798999959, 31.92425346300007 ], [ -100.367172239999945, 31.77548027000006 ], [ -100.261665342999947, 31.718994139000074 ], [ -100.214355469999987, 31.656139375000066 ], [ -100.260482788, 31.630931854000039 ], [ -100.387466429999961, 31.608366012000033 ], [ -100.43898010199996, 31.526893616000052 ], [ -100.29038238399994, 31.46517181300004 ], [ -99.798995973, 31.342422485000043 ], [ -99.553138731999979, 31.25629234400003 ], [ -99.452384947999974, 31.195793152000078 ], [ -99.439254759999983, 31.120735167000078 ], [ -99.463264463999963, 31.036945342000024 ], [ -99.395034789999954, 30.921274185000073 ], [ -99.42683410799998, 30.701135635000071 ], [ -99.421714781999981, 30.569828034000068 ], [ -99.349494934999939, 30.502264023000066 ], [ -99.158439636999958, 30.427101137000079 ], [ -98.835296631999938, 30.411306381000031 ], [ -98.682563779999953, 30.374942778000047 ], [ -98.557167054, 30.301198958000043 ], [ -98.319511413999976, 30.265415191000045 ], [ -98.208763123999972, 30.296974181000053 ], [ -98.034271239999953, 30.442810059000067 ], [ -97.975006103999988, 30.454505920000031 ], [ -97.881889342999955, 30.416721344000052 ], [ -97.692024230999948, 30.280031206000046 ], [ -97.859893797999973, 30.014482499000053 ], [ -97.969581605999963, 29.893440246000068 ], [ -98.14492034999995, 29.733263016000024 ], [ -98.285873413, 29.661380768000072 ], [ -98.474647521999941, 29.601642608000077 ], [ -98.724235535, 29.563289643000076 ], [ -99.374938963999966, 29.384754181000062 ], [ -100.059295654999971, 29.301702498000054 ], [ -100.346755982, 29.337982177000072 ], [ -100.53202056799995, 29.33315086500005 ], [ -100.777671812999984, 29.273496627000043 ], [ -100.804046631999938, 29.249887467000065 ], [ -100.876632690999941, 29.281560897000077 ], [ -100.90163421699998, 29.322626114000059 ], [ -101.009429930999943, 29.373485565000067 ], [ -101.067733762999978, 29.473777772000062 ], [ -101.154846189999944, 29.485717774000079 ], [ -101.193611144999977, 29.521965027000078 ], [ -101.261810303999937, 29.526693344000023 ], [ -101.247238158999949, 29.568567276000067 ], [ -101.254966735999972, 29.628963470000031 ], [ -101.275375366, 29.625061035000044 ], [ -101.295616149999944, 29.577165605000062 ], [ -101.309310911999944, 29.581125260000078 ], [ -101.306243896999945, 29.652645112000073 ], [ -101.335853577999956, 29.666028977000053 ], [ -101.368789672999981, 29.657373429000074 ], [ -101.395378111999946, 29.74041747900003 ], [ -101.416488647999984, 29.745641707000061 ], [ -101.40166473499994, 29.770111085000053 ], [ -101.448806761999947, 29.760791777000065 ], [ -101.470855711999945, 29.788896561000058 ], [ -101.538734437999949, 29.763223649000054 ], [ -101.544342039999947, 29.810323716000028 ], [ -101.569343566999976, 29.797599792000028 ], [ -101.581878660999962, 29.765354155000068 ], [ -101.623046875999989, 29.77391052300004 ], [ -101.640060424999945, 29.757164 ], [ -101.759490966999977, 29.787366868000049 ], [ -101.80560302799995, 29.780200959000069 ], [ -101.803138732999969, 29.811849593000034 ], [ -101.819496154999968, 29.814325332000067 ], [ -101.827972411999951, 29.793111800000077 ], [ -101.851409912999941, 29.80645942600006 ], [ -101.924629212999946, 29.788700103000053 ], [ -101.973724364999953, 29.818971635000025 ], [ -101.984275818999947, 29.79816818300003 ], [ -102.030212401999961, 29.805566786000043 ], [ -102.064407347999975, 29.784769057000062 ], [ -102.149017332999961, 29.803291322000064 ], [ -102.181747434999977, 29.847534178000046 ], [ -102.240715026999965, 29.848628999000027 ], [ -102.248527527999954, 29.864957810000078 ], [ -102.262428282999963, 29.853677749000042 ], [ -102.26284026999997, 29.868785858000024 ], [ -102.282150269999988, 29.862886429000071 ], [ -102.292564390999985, 29.877784729000041 ], [ -102.339134214999945, 29.868726730000049 ], [ -102.498863218999986, 30.14594459500006 ], [ -102.649841306999974, 30.357023239000057 ], [ -102.812530516999971, 30.533775330000026 ], [ -102.949256896999941, 30.610723496000048 ], [ -103.405601501999968, 30.783983231000036 ], [ -103.516685485999972, 30.806598662000056 ], [ -103.510780332999957, 30.877820970000073 ], [ -103.438644408999949, 31.026889802000028 ], [ -103.346710205999955, 31.10658073500008 ], [ -103.225982664999947, 31.09514045800006 ], [ -102.919029235999972, 31.149394990000076 ], [ -102.722297667999953, 31.222133636000024 ] ] ] } },
{ "type": "Feature", "properties": { "PROVINCE": "COASTAL PLAIN" }, "geometry": { "type": "Polygon", "coordinates": [ [ [ -81.439086913999972, 31.167627334000031 ], [ -81.457504271999937, 31.180629730000078 ], [ -81.440200804999961, 31.200037002000045 ], [ -81.439086913999972, 31.167627334000031 ] ] ] } },
{ "type": "Feature", "properties": { "PROVINCE": "COASTAL PLAIN" }, "geometry": { "type": "Polygon", "coordinates": [ [ [ -81.444610595999961, 31.027324677000024 ], [ -81.469902037999987, 31.068105697000078 ], [ -81.501609801999962, 31.078645706000032 ], [ -81.501762389999953, 31.11609840400007 ], [ -81.440162658999952, 31.077630996000039 ], [ -81.430679320999957, 31.049705505000077 ], [ -81.444610595999961, 31.027324677000024 ] ] ] } },
{ "type": "Feature", "properties": { "PROVINCE": "COASTAL PLAIN" }, "geometry": { "type": "Polygon", "coordinates": [ [ [ -81.444610595999961, 31.027324677000024 ], [ -81.425399779999964, 31.058179856000038 ], [ -81.438354492999963, 31.095926285000075 ], [ -81.410385131999988, 31.115926743000045 ], [ -81.403869628999985, 31.079010010000047 ], [ -81.430007933999946, 31.01189613300005 ], [ -81.444610595999961, 31.027324677000024 ] ] ] } },
{ "type": "Feature", "properties": { "PROVINCE": "COASTAL PLAIN" }, "geometry": { "type": "Polygon", "coordinates": [ [ [ -81.46968841599994, 30.761039734000065 ], [ -81.46987914999994, 30.860216141000024 ], [ -81.503303527999947, 30.881702423000036 ], [ -81.435417174999941, 30.930126190000067 ], [ -81.416397094999979, 30.970579147000024 ], [ -81.403495788999976, 30.933734894000054 ], [ -81.461380004999967, 30.772577286000057 ], [ -81.452445983999951, 30.719213486000058 ], [ -81.47870636, 30.730293274000076 ], [ -81.46968841599994, 30.761039734000065 ] ] ] } },
{ "type": "Feature", "properties": { "PROVINCE": "COASTAL PLAIN" }, "geometry": { "type": "Polygon", "coordinates": [ [ [ -87.93202972399996, 30.75922584500006 ], [ -87.942260741999974, 30.792947769000079 ], [ -87.919731140999943, 30.82964897100004 ], [ -87.93202972399996, 30.75922584500006 ] ] ] } },
{ "type": "Feature", "properties": { "PROVINCE": "COASTAL PLAIN" }, "geometry": { "type": "Polygon", "coordinates": [ [ [ -81.512138366999977, 30.68341255200005 ], [ -81.542015075999984, 30.69350624100008 ], [ -81.495925903999989, 30.715501785000072 ], [ -81.512138366999977, 30.68341255200005 ] ] ] } },
{ "type": "Feature", "properties": { "PROVINCE": "COASTAL PLAIN" }, "geometry": { "type": "Polygon", "coordinates": [ [ [ -81.43614959699994, 30.522176742000056 ], [ -81.463043212999935, 30.547435761000031 ], [ -81.457519530999946, 30.583852768000042 ], [ -81.481742857999961, 30.64076232900004 ], [ -81.444038390999935, 30.704740524000044 ], [ -81.425033568999936, 30.699708939000061 ], [ -81.43614959699994, 30.522176742000056 ] ] ] } },
{ "type": "Feature", "properties": { "PROVINCE": "COASTAL PLAIN" }, "geometry": { "type": "Polygon", "coordinates": [ [ [ -81.443450927999947, 30.45265579200003 ], [ -81.464797973999964, 30.511787414000025 ], [ -81.435592650999979, 30.490581512000063 ], [ -81.436386108999955, 30.474594117000038 ], [ -81.41089630099998, 30.475025177000077 ], [ -81.410774230999948, 30.462858200000028 ], [ -81.443450927999947, 30.45265579200003 ] ] ] } },
{ "type": "Feature", "properties": { "PROVINCE": "COASTAL PLAIN" }, "geometry": { "type": "Polygon", "coordinates": [ [ [ -81.443450927999947, 30.45265579200003 ], [ -81.410774230999948, 30.462858200000028 ], [ -81.415336608999951, 30.417961121000076 ], [ -81.424697875999982, 30.453557968000041 ], [ -81.443450927999947, 30.45265579200003 ] ] ] } },
{ "type": "Feature", "properties": { "PROVINCE": "COASTAL PLAIN" }, "geometry": { "type": "Polygon", "coordinates": [ [ [ -82.681701661999966, 27.524429321000071 ], [ -82.574981689999959, 27.512464524000052 ], [ -82.638801575999935, 27.536638261000064 ], [ -82.591995237999981, 27.527526857000055 ], [ -82.56963348499994, 27.552715301000035 ], [ -82.554275513999983, 27.582239151000067 ], [ -82.626396177999936, 27.555196762000037 ], [ -82.609352110999964, 27.574544906000028 ], [ -82.58734893899998, 27.573940277000077 ], [ -82.596725463999974, 27.584337233000042 ], [ -82.573547363999978, 27.587844848000032 ], [ -82.564613342999962, 27.609252930000025 ], [ -82.540054320999957, 27.608106613000075 ], [ -82.562873839999952, 27.615194322000036 ], [ -82.535575865999988, 27.678009033000023 ], [ -82.493827818999989, 27.683740617000069 ], [ -82.509811401999968, 27.696170806000055 ], [ -82.486190796999949, 27.711162568000077 ], [ -82.456413268999938, 27.711692810000045 ], [ -82.440223694999986, 27.690956115000063 ], [ -82.442276000999982, 27.719575883000061 ], [ -82.471343994999984, 27.724555968000061 ], [ -82.469932555999947, 27.749849320000067 ], [ -82.432632446999946, 27.759370803000024 ], [ -82.381942748999961, 27.825590133000048 ], [ -82.395263671999942, 27.883079528000053 ], [ -82.422248840999941, 27.904582978000064 ], [ -82.40749359199998, 27.914283751000028 ], [ -82.421180725999989, 27.934017181000058 ], [ -82.401649474999942, 27.947721481000031 ], [ -82.415359498999976, 27.952722549000043 ], [ -82.434196472999986, 27.929790496000066 ], [ -82.46150970399998, 27.943004608000024 ], [ -82.485069274999944, 27.916975023000077 ], [ -82.469406126999957, 27.822601319000057 ], [ -82.53592681799995, 27.830467225000064 ], [ -82.550559997999983, 27.867712021000045 ], [ -82.529380796999988, 27.885536195000043 ], [ -82.524314879999963, 27.94202232400005 ], [ -82.550086976999978, 27.970359802000075 ], [ -82.615409851999971, 27.971693038000069 ], [ -82.612976074999949, 27.982673643000055 ], [ -82.562065122999968, 27.981277465000062 ], [ -82.603439331999937, 27.990697861000058 ], [ -82.612457275999986, 28.01303482000003 ], [ -82.645561217999955, 28.028852463000078 ], [ -82.650764465999941, 28.007165909000037 ], [ -82.662666319999971, 28.036018372000058 ], [ -82.69838714499997, 28.046169281000061 ], [ -82.67279052799995, 28.010515213000076 ], [ -82.700721740999938, 27.975355149000052 ], [ -82.645202635999965, 27.978424072000053 ], [ -82.644737243999941, 27.966600419000031 ], [ -82.715637206999986, 27.960098266000045 ], [ -82.725540160999969, 27.940565108000044 ], [ -82.618339537999987, 27.885227204000046 ], [ -82.565093992999948, 27.893436431000055 ], [ -82.564262388999964, 27.878509523000048 ], [ -82.610664368999949, 27.868904113000042 ], [ -82.597366333999958, 27.836771012000042 ], [ -82.608055114999956, 27.855020524000054 ], [ -82.632270811999945, 27.853376388000072 ], [ -82.620658873999957, 27.84707641500006 ], [ -82.630752562999987, 27.837219237000056 ], [ -82.596412659999942, 27.819707870000059 ], [ -82.621543883999948, 27.820854186000076 ], [ -82.607582092999962, 27.793306351000069 ], [ -82.632759094999983, 27.793067933000032 ], [ -82.621406553999975, 27.76420784000004 ], [ -82.642654418999939, 27.743135452000047 ], [ -82.629745482999965, 27.714691163000055 ], [ -82.65808868299996, 27.695650100000023 ], [ -82.693481443999985, 27.74265289300007 ], [ -82.738090513999964, 27.759944915000062 ], [ -82.757728575999977, 27.803743361000045 ], [ -82.752861022, 27.843215942000029 ], [ -82.765098571999943, 27.830179215000044 ], [ -82.775619506999988, 27.83873748700006 ], [ -82.775154113999974, 27.80511283900006 ], [ -82.825981139999953, 27.838638306000064 ], [ -82.736846924999952, 27.735042571000065 ], [ -82.719825743999934, 27.690380096000069 ], [ -82.741004941999961, 27.685867309000059 ], [ -82.769165038999972, 27.767658234000066 ], [ -82.833114622999972, 27.82408523600003 ], [ -82.856567383999959, 27.879459380000071 ], [ -82.829872132999981, 27.960268020000058 ], [ -82.843727110999964, 27.895711898000059 ], [ -82.830749512999944, 27.899528504000045 ], [ -82.775154113999974, 28.078073501000063 ], [ -82.788711547999981, 28.089002609000033 ], [ -82.776145934999988, 28.11122703500007 ], [ -82.796005247999972, 28.167398453000033 ], [ -82.766235350999978, 28.146858214000076 ], [ -82.749176025999986, 28.163900375000026 ], [ -82.77915954499997, 28.173027040000079 ], [ -82.790946959999985, 28.196710585000062 ], [ -82.747283934999984, 28.222270965000064 ], [ -82.743804930999943, 28.281511306000027 ], [ -82.718772888999979, 28.30431556700006 ], [ -82.737258910999969, 28.308015823000062 ], [ -82.710517882999966, 28.335369110000045 ], [ -82.70742034899996, 28.397819520000041 ], [ -82.673652647999972, 28.428508758000078 ], [ -82.668441772999984, 28.511255263000066 ], [ -82.647010804, 28.53228759700005 ], [ -82.652359008999952, 28.573331832000065 ], [ -82.638824462999935, 28.590435030000037 ], [ -82.656364438999958, 28.608364105000078 ], [ -82.644294738999974, 28.627799988000049 ], [ -82.655685422999966, 28.643724442000064 ], [ -82.630760192999958, 28.659601211000052 ], [ -82.649414063999984, 28.675720215000069 ], [ -82.636077881999938, 28.692750930000045 ], [ -82.652061461999949, 28.735511781000071 ], [ -82.642356871999937, 28.730661391000069 ], [ -82.635116576999962, 28.76032447800003 ], [ -82.659584045999964, 28.758678437000071 ], [ -82.667678832999968, 28.796096800000043 ], [ -82.69110107399996, 28.810489654000037 ], [ -82.656532286999948, 28.81830596900005 ], [ -82.634803771999941, 28.784662246000039 ], [ -82.646194456999979, 28.83180999800004 ], [ -82.632812500999989, 28.842937469000049 ], [ -82.631637572999978, 28.89250183200005 ], [ -82.687019347999978, 28.90130805900003 ], [ -82.67704772899998, 28.919412614000066 ], [ -82.725891112999989, 28.953279495000061 ], [ -82.727844236999942, 28.988679886000057 ], [ -82.757316589999959, 28.995401381000079 ], [ -82.748764038, 29.065412522000031 ], [ -82.794082640999989, 29.099142073000053 ], [ -82.776206968999986, 29.119344711000053 ], [ -82.805290222999986, 29.139806746000033 ], [ -82.803047180999954, 29.176919938000026 ], [ -82.837959289999958, 29.162641525000026 ], [ -82.857810971999982, 29.178730011000027 ], [ -82.884742737999943, 29.168830870000079 ], [ -82.961830139999961, 29.191774369000029 ], [ -82.996910094999976, 29.171026230000052 ], [ -83.03961944699995, 29.174301147000051 ], [ -83.056594847999975, 29.200838090000047 ], [ -83.044898984999975, 29.207914353000035 ], [ -83.066429138, 29.203811646000077 ], [ -83.069786072999989, 29.231872560000056 ], [ -83.053565978999984, 29.232883454000046 ], [ -83.068321225999966, 29.264408112000069 ], [ -83.156349182999975, 29.295957566000027 ], [ -83.136123655999938, 29.319854737000071 ], [ -83.157882689999951, 29.313167572000054 ], [ -83.152084348999949, 29.333223342000053 ], [ -83.18041229399995, 29.348966598000061 ], [ -83.16907501299994, 29.361564637000072 ], [ -83.200912475999985, 29.383338928000057 ], [ -83.187606810999966, 29.391311644000041 ], [ -83.204360962999942, 29.391208647000042 ], [ -83.210266114999968, 29.423889160000044 ], [ -83.266296387999944, 29.442937849000032 ], [ -83.27399444699995, 29.429340363000051 ], [ -83.307853697999974, 29.475877763000028 ], [ -83.397773742999959, 29.524414062000062 ], [ -83.383773803999986, 29.539268494000055 ], [ -83.408454893999988, 29.579164504000062 ], [ -83.386367797999981, 29.602111816000047 ], [ -83.414688109999986, 29.672330855000041 ], [ -82.895088194999971, 29.83436966000005 ], [ -82.746299743999941, 29.899242401000038 ], [ -82.219612121999944, 30.183202744000027 ], [ -81.67445373399994, 30.394638063000059 ], [ -81.458168028999978, 30.448059082000043 ], [ -81.464126586999953, 30.385423661000061 ], [ -81.480796813999973, 30.380542754000032 ], [ -81.443260193999947, 30.357187270000054 ], [ -81.442993161999937, 30.319637300000068 ], [ -81.423721311999941, 30.291908264000028 ], [ -81.432785032999959, 30.247817994000059 ], [ -81.37107849299997, 30.096195222000063 ], [ -81.368438721999951, 30.032867431000057 ], [ -81.302742003999981, 29.913087845000064 ], [ -81.309867857999961, 29.876264572000025 ], [ -81.321510315999944, 29.875730514000054 ], [ -81.306930541999975, 29.841251373000034 ], [ -81.316482544999985, 29.829240800000036 ], [ -81.243789672999981, 29.737943649000044 ], [ -81.22161865299995, 29.678380967000066 ], [ -81.246757507999973, 29.659645080000075 ], [ -81.221267700999988, 29.64443016000007 ], [ -81.110168458999965, 29.430807113000071 ], [ -81.097053526999957, 29.351799010000036 ], [ -81.082351685999981, 29.352579116000072 ], [ -80.966415405999953, 29.126033782000036 ], [ -80.972946166999975, 29.111612319000074 ], [ -80.91338348499994, 29.055358887000068 ], [ -80.897132873999965, 29.010534287000041 ], [ -80.915283202999944, 29.039821626000048 ], [ -80.914955137999982, 29.007652282000038 ], [ -80.762413026, 28.736335754000038 ], [ -80.852737425999976, 28.804176330000075 ], [ -80.829505918999985, 28.651458740000066 ], [ -80.804389954999976, 28.617713927000068 ], [ -80.802078247999987, 28.556905746000041 ], [ -80.74719238299997, 28.398992538000073 ], [ -80.58275604399995, 28.031059265000067 ], [ -80.492240906999939, 27.87017822100006 ], [ -80.509765625999989, 27.82583999700006 ], [ -80.481849669999974, 27.845722200000068 ], [ -80.392745971999943, 27.684724808000055 ], [ -80.357376097999975, 27.555662154000061 ], [ -80.192489623999961, 27.172760011000037 ], [ -80.22389984199998, 27.218212127000072 ], [ -80.268760681999936, 27.211221695000063 ], [ -80.289619444999971, 27.241815566000071 ], [ -80.326789856999937, 27.248262406000038 ], [ -80.258163451999962, 27.158973693000064 ], [ -80.259590149999951, 27.194141387000059 ], [ -80.221275330999958, 27.202842713000052 ], [ -80.147964477999949, 27.109069826000052 ], [ -80.090126036999948, 26.974424361000047 ], [ -80.114608765999947, 26.973838805000071 ], [ -80.104393005999952, 26.958063127000059 ], [ -80.129875182999967, 26.96584320200003 ], [ -80.081573485999968, 26.924068451000039 ], [ -80.07529449599997, 26.853946686000029 ], [ -80.050910949999945, 26.797199249000073 ], [ -80.051559446999988, 26.585405349000041 ], [ -80.125320434999935, 26.107297897000024 ], [ -80.106971739999949, 26.085954665000031 ], [ -80.115837097999986, 25.827772139000047 ], [ -80.13001251299994, 25.777038574000073 ], [ -80.14137268099995, 25.788297654000075 ], [ -80.124702454999976, 25.86347580100005 ], [ -80.13394164999994, 25.950649261000024 ], [ -80.133872985999972, 25.910779952000041 ], [ -80.180725097999982, 25.835321427000054 ], [ -80.188690184999984, 25.761999131000039 ], [ -80.237113952999948, 25.733413695000024 ], [ -80.246337891999985, 25.696779250000077 ], [ -80.267654420999975, 25.692764282000041 ], [ -80.255004880999934, 25.686090468000032 ], [ -80.279457092999962, 25.629346848000068 ], [ -80.288513183999953, 25.63722991800006 ], [ -80.305358887999944, 25.615350723000063 ], [ -80.310752869999988, 25.540914536000059 ], [ -80.337333677999936, 25.497703553000065 ], [ -80.319580076999955, 25.442033768000044 ], [ -80.326354981999941, 25.403379440000037 ], [ -80.303955077999944, 25.384601592000024 ], [ -80.417625425999972, 25.267135619000044 ], [ -80.424995422999984, 25.227678298000058 ], [ -80.38691711499996, 25.204406737000056 ], [ -80.394401548999952, 25.187128066000071 ], [ -80.449310303999937, 25.230278015000067 ], [ -80.446472168999946, 25.245000840000046 ], [ -80.483039855999948, 25.227695464000078 ], [ -80.435913084999981, 25.202671050000049 ], [ -80.438705442999947, 25.180046083000036 ], [ -80.451225281999939, 25.179273606000038 ], [ -80.448120116999974, 25.198631287000069 ], [ -80.468566894999981, 25.216365814000028 ], [ -80.503044128999989, 25.206911088000027 ], [ -80.523605348, 25.223108292000063 ], [ -80.498138427999947, 25.222929002000058 ], [ -80.505165100999989, 25.23999595600003 ], [ -80.565093993999938, 25.245388032000051 ], [ -80.582069397999987, 25.221435548000045 ], [ -80.551895141999978, 25.225551606000067 ], [ -80.542686462999939, 25.202806474000056 ], [ -80.556655884999941, 25.211847305000049 ], [ -80.574348448999956, 25.198766708000051 ], [ -80.578987121999944, 25.211837768000066 ], [ -80.620925902999943, 25.186605453000027 ], [ -80.611625670999956, 25.207372667000072 ], [ -80.652694701999962, 25.194995882000057 ], [ -80.663764954999976, 25.181661606000034 ], [ -80.641487121999944, 25.175510407000047 ], [ -80.675689697999985, 25.147035598000059 ], [ -80.657363890999989, 25.167903899000066 ], [ -80.677124023999966, 25.17269897500006 ], [ -80.707847594999976, 25.147525787000063 ], [ -80.729797363999978, 25.169437408000078 ], [ -80.750129698999956, 25.151964189000068 ], [ -80.767807008999966, 25.163799285000039 ], [ -80.777549742999952, 25.146690370000044 ], [ -80.788146973999972, 25.165731430000051 ], [ -80.801094053999975, 25.156745912000076 ], [ -80.80171966599994, 25.184650422000061 ], [ -80.819404602999953, 25.18754959100005 ], [ -80.82460784899996, 25.169439316000023 ], [ -80.856475830999955, 25.185703276000027 ], [ -80.900085449999949, 25.170783997000058 ], [ -80.905319214999963, 25.146865844000047 ], [ -81.089988707999964, 25.122509003000062 ], [ -81.143188475999978, 25.165670395000063 ], [ -81.170272826999962, 25.243909835000068 ], [ -81.143341063999969, 25.324474334000058 ], [ -81.124237060999974, 25.326908111000023 ], [ -81.080596924999952, 25.290676117000032 ], [ -81.090782164999951, 25.27672386200004 ], [ -81.068504334999943, 25.272974014000056 ], [ -81.069808959999989, 25.24702835100004 ], [ -80.977867126999968, 25.210025788000053 ], [ -80.919860838999966, 25.222297669000056 ], [ -80.909370421999938, 25.27058601300007 ], [ -80.967330932999971, 25.308462145000078 ], [ -80.960990906999939, 25.324893953000071 ], [ -80.977539061999948, 25.343267440000034 ], [ -81.021614075999935, 25.331281663000027 ], [ -81.090744017999953, 25.377454759000045 ], [ -81.144699095999954, 25.388120650000076 ], [ -81.148399354999981, 25.414266586000053 ], [ -81.135337829999969, 25.415567397000075 ], [ -81.169486998999957, 25.46341896000007 ], [ -81.156883239999956, 25.485620499000049 ], [ -81.211143492999952, 25.512029647000077 ], [ -81.21101379199996, 25.535219193000046 ], [ -81.150680540999986, 25.570713044000058 ], [ -81.145965574999934, 25.554742814000065 ], [ -81.104164122999975, 25.559452058000034 ], [ -81.082481382999958, 25.542285919000051 ], [ -81.058319091999977, 25.554693221000036 ], [ -81.07198333599996, 25.532091140000034 ], [ -81.033432005999941, 25.522068024000077 ], [ -81.055397033999952, 25.562917708000043 ], [ -81.023323059999939, 25.563377381000066 ], [ -81.102890014999957, 25.584909440000047 ], [ -81.10852813799994, 25.602312089000065 ], [ -81.130050658999949, 25.602766038000027 ], [ -81.107131958999958, 25.610136031000025 ], [ -81.121131897999987, 25.620937347000051 ], [ -81.172561644999973, 25.56375312800003 ], [ -81.234657286999948, 25.574239732000024 ], [ -81.21880340499996, 25.580999374000044 ], [ -81.243225096999936, 25.604278564000026 ], [ -81.231857298999955, 25.611225129000047 ], [ -81.254211425999983, 25.646469117000038 ], [ -81.274703980999959, 25.647777559000076 ], [ -81.263534543999981, 25.671428681000066 ], [ -81.280708312999934, 25.689752580000061 ], [ -81.219360350999978, 25.723840713000072 ], [ -81.202667237999947, 25.685590743000034 ], [ -81.183601377999935, 25.685718537000071 ], [ -81.18471526899998, 25.734445573000073 ], [ -81.199829101999967, 25.723024369000029 ], [ -81.242034911999951, 25.773454666000077 ], [ -81.25782013099996, 25.76900863700007 ], [ -81.250152587999935, 25.81318664500003 ], [ -81.279243469999983, 25.803148270000065 ], [ -81.315925599999957, 25.824222565000071 ], [ -81.327026365999984, 25.854793548000032 ], [ -81.348838805999947, 25.829261779000035 ], [ -81.463867185999959, 25.872756956000046 ], [ -81.456901549999941, 25.882213592000028 ], [ -81.472930906999977, 25.883304597000063 ], [ -81.459228515999939, 25.897130965000031 ], [ -81.47699737399995, 25.904310228000043 ], [ -81.503913879999971, 25.887290954000036 ], [ -81.509422302999951, 25.909740447000047 ], [ -81.525215147999972, 25.905256272000031 ], [ -81.546226502999957, 25.929689407000069 ], [ -81.56431579499997, 25.91880035500003 ], [ -81.566467283999941, 25.893404006000026 ], [ -81.580993650999972, 25.894420624000077 ], [ -81.58846282899998, 25.907211303000054 ], [ -81.575057982999965, 25.903459548000058 ], [ -81.574066162999941, 25.925657274000059 ], [ -81.603408813999977, 25.921674728000028 ], [ -81.594230652999954, 25.935688018000064 ], [ -81.615859985999975, 25.935577392000027 ], [ -81.617111204999958, 25.952762604000043 ], [ -81.639068602999942, 25.922554017000039 ], [ -81.659042359999944, 25.937194824000073 ], [ -81.656837463999977, 25.91858482400005 ], [ -81.696434021999949, 25.933023454000079 ], [ -81.702377319999982, 25.911935806000031 ], [ -81.728454588999966, 25.913356782000051 ], [ -81.743560790999936, 25.971340181000073 ], [ -81.726287842999966, 25.975339890000043 ], [ -81.690048218999948, 25.941123962000063 ], [ -81.661842344999968, 25.987783432000072 ], [ -81.711219786999948, 25.974788665000062 ], [ -81.72056579599996, 25.991338730000052 ], [ -81.686576843999944, 25.997499466000079 ], [ -81.737304688999984, 25.999824523000029 ], [ -81.708068846999936, 26.047372818000042 ], [ -81.743858336999949, 26.034791945000052 ], [ -81.75270080599995, 26.063356400000032 ], [ -81.779594421999946, 26.071466445000056 ], [ -81.786506653999936, 26.144660950000059 ], [ -81.794082642999967, 26.096792220000054 ], [ -81.808341978999977, 26.093135835000055 ], [ -81.828285217999962, 26.277576447000058 ], [ -81.813858030999938, 26.284465789000024 ], [ -81.830566407999981, 26.307266234000053 ], [ -81.838615417999961, 26.295984267000051 ], [ -81.861778257999958, 26.357862472000079 ], [ -81.838012694999975, 26.35841369700006 ], [ -81.844879150999986, 26.423406601000067 ], [ -81.880630492999956, 26.487545012000055 ], [ -81.887367247999975, 26.47159767200003 ], [ -81.872459411999955, 26.453044892000037 ], [ -81.889648436999948, 26.441158295000037 ], [ -81.913871764999953, 26.466966630000059 ], [ -81.919700621999937, 26.448209761000044 ], [ -81.930114745999958, 26.45319175800006 ], [ -81.946777341999962, 26.478731155000048 ], [ -82.012458802999959, 26.480955125000037 ], [ -81.996742246999986, 26.494297027000073 ], [ -82.012672423999959, 26.513326646000053 ], [ -82.000137327999937, 26.523075104000043 ], [ -81.980476378999981, 26.508543016000033 ], [ -81.928771972999982, 26.534978867000063 ], [ -81.884277344999987, 26.642988206000041 ], [ -81.773910521999937, 26.710266113000046 ], [ -81.897094725999978, 26.663766860000067 ], [ -81.948806763999983, 26.540288925000027 ], [ -81.991165160999969, 26.532018661000052 ], [ -81.99504852299998, 26.548789978000059 ], [ -82.01834869399994, 26.523223877000078 ], [ -82.041587829999969, 26.524461746000043 ], [ -82.044204711999953, 26.547660829000051 ], [ -82.060546875999989, 26.544042588000025 ], [ -82.070182799999941, 26.569320680000033 ], [ -82.04890441799995, 26.594963073000031 ], [ -82.085685730999955, 26.689983369000061 ], [ -82.051765442999965, 26.86671066200006 ], [ -82.093978881999988, 26.891645432000075 ], [ -82.097869872, 26.921785355000054 ], [ -81.991439817999947, 26.963056564000055 ], [ -81.997764587999939, 26.982660292000048 ], [ -81.970771788999969, 27.008068084000058 ], [ -81.982933042999946, 27.009399414000029 ], [ -81.984931944999971, 27.047779084000069 ], [ -81.993515013999968, 26.999597550000033 ], [ -82.020790099999942, 26.966806413000029 ], [ -82.074729918999935, 26.95381164500003 ], [ -82.12117004199996, 26.963169098000037 ], [ -82.119781493999938, 26.946504592000053 ], [ -82.154144286999951, 26.939298628000074 ], [ -82.143493651999961, 26.925567627000078 ], [ -82.171630858999947, 26.934316634000027 ], [ -82.184661863999963, 26.979049683000028 ], [ -82.211212157999967, 26.963266372000078 ], [ -82.275787353999988, 27.032207489000029 ], [ -82.241104125999982, 26.96651077100006 ], [ -82.193626403999986, 26.944246292000059 ], [ -82.176490782999963, 26.913694382000074 ], [ -82.149833678999983, 26.840805054000043 ], [ -82.153831481999987, 26.790128706000075 ], [ -82.172958374999951, 26.794435501000066 ], [ -82.159873963999985, 26.817573547000052 ], [ -82.173095701999955, 26.830465318000051 ], [ -82.195335388999979, 26.806692122000072 ], [ -82.212753296999949, 26.829410554000049 ], [ -82.224182128999985, 26.809448244000066 ], [ -82.245849608999947, 26.813821792000056 ], [ -82.245422363999978, 26.838747026000078 ], [ -82.258216856999979, 26.822519302000046 ], [ -82.279060363999974, 26.835632323000027 ], [ -82.285194395999952, 26.875534059000074 ], [ -82.266876219999972, 26.889745712000035 ], [ -82.29211425799997, 26.880826951000074 ], [ -82.287765502999946, 26.847444535000079 ], [ -82.311119079999969, 26.861553191000041 ], [ -82.290161133999959, 26.823966981000069 ], [ -82.338584898999954, 26.888706207000041 ], [ -82.311561584999936, 26.877265929000032 ], [ -82.333793637999975, 26.936115265000069 ], [ -82.398170469999968, 26.998516082000037 ], [ -82.343627928999979, 26.903633117000027 ], [ -82.380035400999986, 26.947294235000072 ], [ -82.509422303999941, 27.194625855000027 ], [ -82.503959653999971, 27.205080033000058 ], [ -82.489265442999965, 27.187591553000061 ], [ -82.506927489999953, 27.23699188300003 ], [ -82.531127930999958, 27.260278702000051 ], [ -82.514480591999984, 27.210453035000057 ], [ -82.569953919999989, 27.274278641000024 ], [ -82.557624817999965, 27.306217194000055 ], [ -82.540466309999942, 27.285444261000066 ], [ -82.532737730999941, 27.331802367000023 ], [ -82.551017759999979, 27.335083008000026 ], [ -82.57724761999998, 27.41972351000004 ], [ -82.685928345999969, 27.473844530000065 ], [ -82.650123596999947, 27.473344804000078 ], [ -82.638885497, 27.50345992900003 ], [ -82.665824888999964, 27.493587495000043 ], [ -82.681701661999966, 27.524429321000071 ] ], [ [ -82.574981689999959, 27.512464524000052 ], [ -82.529724121999948, 27.507358552000028 ], [ -82.488258361999954, 27.478067397000075 ], [ -82.484680176999973, 27.492713928000057 ], [ -82.514205932999971, 27.511989595000045 ], [ -82.427291871999955, 27.522861480000074 ], [ -82.469352722999986, 27.53513717800007 ], [ -82.574981689999959, 27.512464524000052 ] ] ] } },
{ "type": "Feature", "properties": { "PROVINCE": "COASTAL PLAIN" }, "geometry": { "type": "Polygon", "coordinates": [ [ [ -81.45920562799995, 30.388448715000038 ], [ -81.455230712999935, 30.436830521000047 ], [ -81.441284179999968, 30.439975739000033 ], [ -81.414863585999967, 30.406040192000034 ], [ -81.45920562799995, 30.388448715000038 ] ] ] } },
{ "type": "Feature", "properties": { "PROVINCE": "COASTAL PLAIN" }, "geometry": { "type": "Polygon", "coordinates": [ [ [ -86.791694640999935, 30.404340744000024 ], [ -86.623512267999956, 30.414775848000033 ], [ -86.521621703999983, 30.400674819000074 ], [ -86.737762450999981, 30.403030396000077 ], [ -87.245094299999948, 30.321580887000039 ], [ -87.292976378999981, 30.333162308000055 ], [ -87.203048705999947, 30.335506439000028 ], [ -86.791694640999935, 30.404340744000024 ] ] ] } },
{ "type": "Feature", "properties": { "PROVINCE": "COASTAL PLAIN" }, "geometry": { "type": "Polygon", "coordinates": [ [ [ -81.377227783999956, 30.250261307000073 ], [ -81.290603637999936, 29.934146881000061 ], [ -81.355659485, 30.045671463000076 ], [ -81.358787536999955, 30.098939896000047 ], [ -81.423179625999978, 30.248256683000079 ], [ -81.414871214999948, 30.288831711000057 ], [ -81.443237304999968, 30.379161835000048 ], [ -81.411598205999951, 30.397220612000069 ], [ -81.412208556999985, 30.384881973000063 ], [ -81.394294738999974, 30.393369675000031 ], [ -81.401336669999978, 30.337324143000046 ], [ -81.377227783999956, 30.250261307000073 ] ] ] } },
{ "type": "Feature", "properties": { "PROVINCE": "COASTAL PLAIN" }, "geometry": { "type": "Polygon", "coordinates": [ [ [ -88.808097839999959, 30.365568161000056 ], [ -88.864555358999951, 30.389694214000031 ], [ -88.833862304999968, 30.38676834100005 ], [ -88.808097839999959, 30.365568161000056 ] ] ] } },
{ "type": "Feature", "properties": { "PROVINCE": "COASTAL PLAIN" }, "geometry": { "type": "Polygon", "coordinates": [ [ [ -88.314933775999975, 30.235544205000053 ], [ -88.120399474999942, 30.267131805000076 ], [ -88.071983337999939, 30.253702163000071 ], [ -88.314933775999975, 30.235544205000053 ] ] ] } },
{ "type": "Feature", "properties": { "PROVINCE": "COASTAL PLAIN" }, "geometry": { "type": "Polygon", "coordinates": [ [ [ -88.526565551999965, 30.219778061000056 ], [ -88.754615783999952, 30.249931336000031 ], [ -88.700614928999983, 30.257329940000034 ], [ -88.582481384999937, 30.229867935000073 ], [ -88.517974852999942, 30.231597900000054 ], [ -88.526565551999965, 30.219778061000056 ] ] ] } },
{ "type": "Feature", "properties": { "PROVINCE": "COASTAL PLAIN" }, "geometry": { "type": "Polygon", "coordinates": [ [ [ -89.065895080999951, 30.236595154000042 ], [ -89.09378051799996, 30.192224503000034 ], [ -89.082572936999952, 30.215518951000035 ], [ -89.101036071999943, 30.221994400000028 ], [ -89.085151671999938, 30.228340149000076 ], [ -89.148002623999957, 30.23862648000005 ], [ -89.065895080999951, 30.236595154000042 ] ] ] } },
{ "type": "Feature", "properties": { "PROVINCE": "COASTAL PLAIN" }, "geometry": { "type": "Polygon", "coordinates": [ [ [ -88.400360107999973, 30.212179184000036 ], [ -88.467010497999979, 30.206876755000053 ], [ -88.49697876, 30.219053269000028 ], [ -88.400360107999973, 30.212179184000036 ] ] ] } },
{ "type": "Feature", "properties": { "PROVINCE": "COASTAL PLAIN" }, "geometry": { "type": "Polygon", "coordinates": [ [ [ -89.44039154099994, 30.136213302000044 ], [ -89.44091033899997, 30.15726470900006 ], [ -89.417137145999959, 30.161825180000051 ], [ -89.409233092999955, 30.143972397000027 ], [ -89.44039154099994, 30.136213302000044 ] ] ] } },
{ "type": "Feature", "properties": { "PROVINCE": "COASTAL PLAIN" }, "geometry": { "type": "Polygon", "coordinates": [ [ [ -85.645545959999936, 30.086416244000077 ], [ -85.683021545999964, 30.093683243000044 ], [ -85.720054626999968, 30.127483368000071 ], [ -85.707923888999971, 30.132541656000058 ], [ -85.645545959999936, 30.086416244000077 ] ] ] } },
{ "type": "Feature", "properties": { "PROVINCE": "COASTAL PLAIN" }, "geometry": { "type": "Polygon", "coordinates": [ [ [ -89.271110533999945, 30.068254471000046 ], [ -89.311180114999956, 30.077028275000032 ], [ -89.294242858999951, 30.098508835000075 ], [ -89.281120300999987, 30.074682236000058 ], [ -89.283180235999964, 30.091163635000044 ], [ -89.268394469999976, 30.09616851800007 ], [ -89.282608031999985, 30.109012604000043 ], [ -89.236625671999946, 30.129964829000073 ], [ -89.271110533999945, 30.068254471000046 ] ] ] } },
{ "type": "Feature", "properties": { "PROVINCE": "COASTAL PLAIN" }, "geometry": { "type": "Polygon", "coordinates": [ [ [ -89.215782164999951, 30.049816131000057 ], [ -89.227966307999964, 30.033367157000043 ], [ -89.235252380999952, 30.064054489000057 ], [ -89.253158569999982, 30.073249817000033 ], [ -89.238288879999971, 30.103881836000028 ], [ -89.223510741999974, 30.104303360000074 ], [ -89.236801146999937, 30.074127197000053 ], [ -89.223579406999988, 30.085536956000055 ], [ -89.221557616999974, 30.058069229000068 ], [ -89.204666137999936, 30.061229706000063 ], [ -89.203018187999987, 30.079532623000034 ], [ -89.181922912999937, 30.077186585000049 ], [ -89.192604064999955, 30.042886734000035 ], [ -89.215782164999951, 30.049816131000057 ] ] ] } },
{ "type": "Feature", "properties": { "PROVINCE": "COASTAL PLAIN" }, "geometry": { "type": "Polygon", "coordinates": [ [ [ -89.48528289799998, 30.044691086000057 ], [ -89.476310729999966, 30.087715149000076 ], [ -89.452049255999952, 30.069398880000051 ], [ -89.48528289799998, 30.044691086000057 ] ] ] } },
{ "type": "Feature", "properties": { "PROVINCE": "COASTAL PLAIN" }, "geometry": { "type": "Polygon", "coordinates": [ [ [ -89.271110533999945, 30.068254471000046 ], [ -89.28556823699995, 30.061536789000058 ], [ -89.286193847999982, 30.064527512000041 ], [ -89.271110533999945, 30.068254471000046 ] ] ] } },
{ "type": "Feature", "properties": { "PROVINCE": "COASTAL PLAIN" }, "geometry": { "type": "Polygon", "coordinates": [ [ [ -89.28556823699995, 30.061536789000058 ], [ -89.271110533999945, 30.068254471000046 ], [ -89.282768249999947, 30.048137664000024 ], [ -89.28556823699995, 30.061536789000058 ] ] ] } },
{ "type": "Feature", "properties": { "PROVINCE": "COASTAL PLAIN" }, "geometry": { "type": "Polygon", "coordinates": [ [ [ -89.286193847999982, 30.064527512000041 ], [ -89.326026915999989, 30.042722702000049 ], [ -89.341796874999943, 30.067462922000061 ], [ -89.30223846399997, 30.066484451000065 ], [ -89.320724487999939, 30.055988312000068 ], [ -89.286193847999982, 30.064527512000041 ] ] ] } },
{ "type": "Feature", "properties": { "PROVINCE": "COASTAL PLAIN" }, "geometry": { "type": "Polygon", "coordinates": [ [ [ -89.361885070999961, 30.042774200000053 ], [ -89.402473449999945, 30.057922363000046 ], [ -89.363433837999935, 30.061542511000027 ], [ -89.361885070999961, 30.042774200000053 ] ] ] } },
{ "type": "Feature", "properties": { "PROVINCE": "COASTAL PLAIN" }, "geometry": { "type": "Polygon", "coordinates": [ [ [ -89.211723327999948, 30.004486084000064 ], [ -89.212707518999935, 30.026004791000048 ], [ -89.191139220999958, 30.012212753000028 ], [ -89.211723327999948, 30.004486084000064 ] ] ] } },
{ "type": "Feature", "properties": { "PROVINCE": "COASTAL PLAIN" }, "geometry": { "type": "Polygon", "coordinates": [ [ [ -88.86262512199994, 29.751607895000063 ], [ -88.814659118999941, 29.896039963000078 ], [ -88.827911376999964, 30.013790131000064 ], [ -88.808334350999985, 29.896457672000054 ], [ -88.821525573999963, 29.829221725000025 ], [ -88.86262512199994, 29.751607895000063 ] ] ] } },
{ "type": "Feature", "properties": { "PROVINCE": "COASTAL PLAIN" }, "geometry": { "type": "Polygon", "coordinates": [ [ [ -89.305702208999946, 29.938768387000039 ], [ -89.257583617999956, 30.005054474000076 ], [ -89.269302367999956, 29.96113205000006 ], [ -89.305702208999946, 29.938768387000039 ] ] ] } },
{ "type": "Feature", "properties": { "PROVINCE": "COASTAL PLAIN" }, "geometry": { "type": "Polygon", "coordinates": [ [ [ -85.493385314999955, 29.974058151000065 ], [ -85.519416808999949, 29.982143402000077 ], [ -85.528816222999978, 29.991979599000047 ], [ -85.493385314999955, 29.974058151000065 ] ] ] } },
{ "type": "Feature", "properties": { "PROVINCE": "COASTAL PLAIN" }, "geometry": { "type": "Polygon", "coordinates": [ [ [ -89.363601683999946, 29.963579178000032 ], [ -89.360389709999936, 29.991960525000025 ], [ -89.344093321999935, 29.968132019000052 ], [ -89.350448607999965, 29.951200485000072 ], [ -89.363601683999946, 29.963579178000032 ] ] ] } },
{ "type": "Feature", "properties": { "PROVINCE": "COASTAL PLAIN" }, "geometry": { "type": "Polygon", "coordinates": [ [ [ -89.374610899999936, 29.955682754000065 ], [ -89.363601683999946, 29.963579178000032 ], [ -89.370658874999947, 29.951866150000058 ], [ -89.374610899999936, 29.955682754000065 ] ] ] } },
{ "type": "Feature", "properties": { "PROVINCE": "COASTAL PLAIN" }, "geometry": { "type": "Polygon", "coordinates": [ [ [ -89.28501892099996, 29.937931061000029 ], [ -89.277244567999958, 29.945123672000079 ], [ -89.225051879999967, 29.959655761000079 ], [ -89.22249603299997, 29.93538284300007 ], [ -89.28501892099996, 29.937931061000029 ] ] ] } },
{ "type": "Feature", "properties": { "PROVINCE": "COASTAL PLAIN" }, "geometry": { "type": "Polygon", "coordinates": [ [ [ -89.374610899999936, 29.955682754000065 ], [ -89.370658874999947, 29.951866150000058 ], [ -89.380943298999966, 29.951137543000073 ], [ -89.374610899999936, 29.955682754000065 ] ] ] } },
{ "type": "Feature", "properties": { "PROVINCE": "COASTAL PLAIN" }, "geometry": { "type": "Polygon", "coordinates": [ [ [ -89.370658874999947, 29.951866150000058 ], [ -89.376274107999961, 29.942533493000042 ], [ -89.40946960399998, 29.930664062000062 ], [ -89.380943298999966, 29.951137543000073 ], [ -89.370658874999947, 29.951866150000058 ] ] ] } },
{ "type": "Feature", "properties": { "PROVINCE": "COASTAL PLAIN" }, "geometry": { "type": "Polygon", "coordinates": [ [ [ -89.305702208999946, 29.938768387000039 ], [ -89.28501892099996, 29.937931061000029 ], [ -89.292556761999947, 29.930959702000052 ], [ -89.305702208999946, 29.938768387000039 ] ] ] } },
{ "type": "Feature", "properties": { "PROVINCE": "COASTAL PLAIN" }, "geometry": { "type": "Polygon", "coordinates": [ [ [ -89.359306334999985, 29.914730072000054 ], [ -89.390548705999947, 29.90134239200006 ], [ -89.398948668999935, 29.920579910000072 ], [ -89.386322020999955, 29.91232681300005 ], [ -89.372612, 29.925588608000055 ], [ -89.359306334999985, 29.914730072000054 ] ] ] } },
{ "type": "Feature", "properties": { "PROVINCE": "COASTAL PLAIN" }, "geometry": { "type": "Polygon", "coordinates": [ [ [ -89.390548705999947, 29.90134239200006 ], [ -89.343658446999939, 29.921430588000078 ], [ -89.324188232999973, 29.915449143000046 ], [ -89.335807799999941, 29.897151947000054 ], [ -89.390548705999947, 29.90134239200006 ] ] ] } },
{ "type": "Feature", "properties": { "PROVINCE": "COASTAL PLAIN" }, "geometry": { "type": "Polygon", "coordinates": [ [ [ -81.228195189999951, 29.713947296000072 ], [ -81.275962829999969, 29.818510056000036 ], [ -81.294441222999978, 29.827934266000057 ], [ -81.29761505099998, 29.910562516000027 ], [ -81.285530089999952, 29.920181275000061 ], [ -81.228195189999951, 29.713947296000072 ] ] ] } },
{ "type": "Feature", "properties": { "PROVINCE": "COASTAL PLAIN" }, "geometry": { "type": "Polygon", "coordinates": [ [ [ -89.390548705999947, 29.90134239200006 ], [ -89.359306334999985, 29.914730072000054 ], [ -89.356315612999936, 29.912290573000064 ], [ -89.390548705999947, 29.90134239200006 ] ] ] } },
{ "type": "Feature", "properties": { "PROVINCE": "COASTAL PLAIN" }, "geometry": { "type": "Polygon", "coordinates": [ [ [ -89.243202209999936, 29.882320404000041 ], [ -89.251045226999963, 29.900653839000029 ], [ -89.228416442999958, 29.898767472000031 ], [ -89.243202209999936, 29.882320404000041 ] ] ] } },
{ "type": "Feature", "properties": { "PROVINCE": "COASTAL PLAIN" }, "geometry": { "type": "Polygon", "coordinates": [ [ [ -89.402198790999989, 29.845945359000041 ], [ -89.387451171999942, 29.860584259000063 ], [ -89.410049437999987, 29.882127762000039 ], [ -89.334770202999948, 29.890281677000075 ], [ -89.331634520999955, 29.880203247000054 ], [ -89.369018553999979, 29.869722366000076 ], [ -89.345886230999952, 29.85732841500004 ], [ -89.381851196999946, 29.83971023600003 ], [ -89.402198790999989, 29.845945359000041 ] ] ] } },
{ "type": "Feature", "properties": { "PROVINCE": "COASTAL PLAIN" }, "geometry": { "type": "Polygon", "coordinates": [ [ [ -89.243202209999936, 29.882320404000041 ], [ -89.252708434999988, 29.872724533000053 ], [ -89.251739501999964, 29.880277633000048 ], [ -89.243202209999936, 29.882320404000041 ] ] ] } },
{ "type": "Feature", "properties": { "PROVINCE": "COASTAL PLAIN" }, "geometry": { "type": "Polygon", "coordinates": [ [ [ -89.251739501999964, 29.880277633000048 ], [ -89.271644591999973, 29.875513076000061 ], [ -89.32901001, 29.876075745000037 ], [ -89.251739501999964, 29.880277633000048 ] ] ] } },
{ "type": "Feature", "properties": { "PROVINCE": "COASTAL PLAIN" }, "geometry": { "type": "Polygon", "coordinates": [ [ [ -85.387123107999969, 29.729524612000034 ], [ -85.409515379999959, 29.776508331000059 ], [ -85.414154052999947, 29.863069534000033 ], [ -85.393089294999982, 29.875413895000065 ], [ -85.402656554999965, 29.794364929000039 ], [ -85.387123107999969, 29.729524612000034 ] ] ] } },
{ "type": "Feature", "properties": { "PROVINCE": "COASTAL PLAIN" }, "geometry": { "type": "Polygon", "coordinates": [ [ [ -89.299133299999937, 29.825653076000037 ], [ -89.324363707999964, 29.834398270000065 ], [ -89.337966918999939, 29.870595932000072 ], [ -89.313781737999989, 29.860940933000052 ], [ -89.299133299999937, 29.825653076000037 ] ] ] } },
{ "type": "Feature", "properties": { "PROVINCE": "COASTAL PLAIN" }, "geometry": { "type": "Polygon", "coordinates": [ [ [ -89.381851196999946, 29.83971023600003 ], [ -89.390640258999952, 29.835401535000074 ], [ -89.403793334999989, 29.834039688000075 ], [ -89.402198790999989, 29.845945359000041 ], [ -89.381851196999946, 29.83971023600003 ] ] ] } },
{ "type": "Feature", "properties": { "PROVINCE": "COASTAL PLAIN" }, "geometry": { "type": "Polygon", "coordinates": [ [ [ -89.381851196999946, 29.83971023600003 ], [ -89.357444763999979, 29.832223892000059 ], [ -89.358039855999948, 29.828493119000029 ], [ -89.381851196999946, 29.83971023600003 ] ] ] } },
{ "type": "Feature", "properties": { "PROVINCE": "COASTAL PLAIN" }, "geometry": { "type": "Polygon", "coordinates": [ [ [ -89.357444763999979, 29.832223892000059 ], [ -89.356445312999938, 29.838565827000025 ], [ -89.331748962999939, 29.824335099000052 ], [ -89.357444763999979, 29.832223892000059 ] ] ] } },
{ "type": "Feature", "properties": { "PROVINCE": "COASTAL PLAIN" }, "geometry": { "type": "Polygon", "coordinates": [ [ [ -84.661926268999935, 29.787069321000047 ], [ -84.580116271999941, 29.816181183000026 ], [ -84.571510314999955, 29.833053589000031 ], [ -84.581291197999974, 29.804740906000063 ], [ -84.661926268999935, 29.787069321000047 ] ] ] } },
{ "type": "Feature", "properties": { "PROVINCE": "COASTAL PLAIN" }, "geometry": { "type": "Polygon", "coordinates": [ [ [ -89.27456664999994, 29.771102906000067 ], [ -89.351226806999989, 29.811998367000058 ], [ -89.287651061999952, 29.790822983000055 ], [ -89.292335509999987, 29.810068131000037 ], [ -89.26812744199998, 29.816888809000034 ], [ -89.283409117999952, 29.804555893000042 ], [ -89.27456664999994, 29.771102906000067 ] ] ] } },
{ "type": "Feature", "properties": { "PROVINCE": "COASTAL PLAIN" }, "geometry": { "type": "Polygon", "coordinates": [ [ [ -89.468521118999945, 29.767211914000029 ], [ -89.453285216999973, 29.758502960000044 ], [ -89.481140136999954, 29.743396759000063 ], [ -89.495849608999947, 29.78004074100005 ], [ -89.48585510199996, 29.805229187000066 ], [ -89.446426391999978, 29.793767929000069 ], [ -89.41230773999996, 29.744735718000072 ], [ -89.46220397899998, 29.779575348000037 ], [ -89.468521118999945, 29.767211914000029 ] ] ] } },
{ "type": "Feature", "properties": { "PROVINCE": "COASTAL PLAIN" }, "geometry": { "type": "Polygon", "coordinates": [ [ [ -85.094306945999961, 29.631492614000024 ], [ -85.044052123999961, 29.610218048000036 ], [ -84.989463805999947, 29.615015030000052 ], [ -84.917839049999941, 29.654518128000063 ], [ -84.766761779999968, 29.703540802000077 ], [ -84.768753050999976, 29.715923309000061 ], [ -84.690048217999959, 29.761173248000034 ], [ -84.75467681899994, 29.704376221000075 ], [ -84.954841613999974, 29.614849091000053 ], [ -85.053062438999973, 29.592844009000032 ], [ -85.094306945999961, 29.631492614000024 ] ] ] } },
{ "type": "Feature", "properties": { "PROVINCE": "COASTAL PLAIN" }, "geometry": { "type": "Polygon", "coordinates": [ [ [ -89.449653624999939, 29.676048279000042 ], [ -89.450683593999941, 29.706281662000038 ], [ -89.472732543999939, 29.732400894000079 ], [ -89.433341979999966, 29.72459602400005 ], [ -89.422821044999978, 29.736957550000056 ], [ -89.414443969, 29.709466934000034 ], [ -89.431770324999945, 29.714059830000053 ], [ -89.415512084999989, 29.692060470000058 ], [ -89.445442199999945, 29.697576523000066 ], [ -89.437049865999938, 29.683370590000038 ], [ -89.449653624999939, 29.676048279000042 ] ] ] } },
{ "type": "Feature", "properties": { "PROVINCE": "COASTAL PLAIN" }, "geometry": { "type": "Polygon", "coordinates": [ [ [ -89.524742126999968, 29.701253891000079 ], [ -89.510559081999986, 29.727823257000068 ], [ -89.493225097999982, 29.703086853000059 ], [ -89.524742126999968, 29.701253891000079 ] ] ] } },
{ "type": "Feature", "properties": { "PROVINCE": "COASTAL PLAIN" }, "geometry": { "type": "Polygon", "coordinates": [ [ [ -85.210617065999941, 29.684091568000042 ], [ -85.175392150999983, 29.695446014000026 ], [ -85.118247985999972, 29.674646378000034 ], [ -85.142333983999947, 29.689386368000044 ], [ -85.10764312699996, 29.697055817000034 ], [ -85.07727050699998, 29.679533005000053 ], [ -85.104248045999952, 29.63748550400004 ], [ -85.126296997999987, 29.63664817800003 ], [ -85.210617065999941, 29.684091568000042 ] ] ] } },
{ "type": "Feature", "properties": { "PROVINCE": "COASTAL PLAIN" }, "geometry": { "type": "Polygon", "coordinates": [ [ [ -81.166343688999973, 29.538980484000035 ], [ -81.215316771999937, 29.668043137000041 ], [ -81.203445433999946, 29.668323517000033 ], [ -80.968673705999947, 29.161487579000038 ], [ -80.919624328999987, 29.093746185000043 ], [ -80.926109313999973, 29.080244064000055 ], [ -80.959472655999946, 29.119312287000071 ], [ -81.166343688999973, 29.538980484000035 ] ] ] } },
{ "type": "Feature", "properties": { "PROVINCE": "COASTAL PLAIN" }, "geometry": { "type": "Polygon", "coordinates": [ [ [ -92.016914367999959, 29.596097946000043 ], [ -91.902549743999941, 29.650932312000066 ], [ -91.841308593999941, 29.638975144000028 ], [ -91.769218444999979, 29.594213485000068 ], [ -91.769844054999965, 29.578615189000061 ], [ -91.729331969999976, 29.593662262000066 ], [ -91.732582091999973, 29.578012467000065 ], [ -91.702789306999989, 29.581829071000072 ], [ -91.771507263, 29.52449226400006 ], [ -91.758117675999983, 29.494514465000066 ], [ -91.849082946999943, 29.487085342000057 ], [ -91.862358092999955, 29.511552811000058 ], [ -92.007255553999983, 29.571567535000042 ], [ -92.026130676999969, 29.588550568000073 ], [ -92.016914367999959, 29.596097946000043 ] ] ] } },
{ "type": "Feature", "properties": { "PROVINCE": "COASTAL PLAIN" }, "geometry": { "type": "Polygon", "coordinates": [ [ [ -89.674690245999955, 29.584287644000028 ], [ -89.688369750999982, 29.602594375000024 ], [ -89.634315489999949, 29.586177826000039 ], [ -89.674690245999955, 29.584287644000028 ] ] ] } },
{ "type": "Feature", "properties": { "PROVINCE": "COASTAL PLAIN" }, "geometry": { "type": "Polygon", "coordinates": [ [ [ -89.075462341, 29.546016694000059 ], [ -89.037536620999958, 29.578857422000056 ], [ -89.086547851999967, 29.52956199700003 ], [ -89.075462341, 29.546016694000059 ] ] ] } },
{ "type": "Feature", "properties": { "PROVINCE": "COASTAL PLAIN" }, "geometry": { "type": "Polygon", "coordinates": [ [ [ -89.57815551799996, 29.538118363000024 ], [ -89.614852904999964, 29.546792984000035 ], [ -89.562973022999984, 29.566537857000071 ], [ -89.552482604999966, 29.552337647000058 ], [ -89.579734801999962, 29.545906067000033 ], [ -89.556655883999952, 29.530340195000065 ], [ -89.592803954999965, 29.515192032000073 ], [ -89.57815551799996, 29.538118363000024 ] ] ] } },
{ "type": "Feature", "properties": { "PROVINCE": "COASTAL PLAIN" }, "geometry": { "type": "Polygon", "coordinates": [ [ [ -91.277992248999965, 29.536872864000031 ], [ -91.282905578999987, 29.545064926000066 ], [ -91.261726378999981, 29.560075760000075 ], [ -91.277992248999965, 29.536872864000031 ] ] ] } },
{ "type": "Feature", "properties": { "PROVINCE": "COASTAL PLAIN" }, "geometry": { "type": "Polygon", "coordinates": [ [ [ -81.105667113999971, 29.403703689000054 ], [ -81.110168456999986, 29.430807114000061 ], [ -81.166343688999973, 29.538980484000035 ], [ -81.105003356999987, 29.431873321000069 ], [ -81.105667113999971, 29.403703689000054 ] ] ] } },
{ "type": "Feature", "properties": { "PROVINCE": "COASTAL PLAIN" }, "geometry": { "type": "Polygon", "coordinates": [ [ [ -91.295486449999942, 29.511911392000059 ], [ -91.277992248999965, 29.536872864000031 ], [ -91.269309997999983, 29.522369385000047 ], [ -91.295486449999942, 29.511911392000059 ] ] ] } },
{ "type": "Feature", "properties": { "PROVINCE": "COASTAL PLAIN" }, "geometry": { "type": "Polygon", "coordinates": [ [ [ -90.061828613999978, 29.493072510000047 ], [ -90.091896056999985, 29.476041794000025 ], [ -90.114707946999943, 29.515329361000056 ], [ -90.071258544999978, 29.521524429000067 ], [ -90.050750731999983, 29.511087417000056 ], [ -90.048507690999941, 29.488183975000027 ], [ -90.061828613999978, 29.493072510000047 ] ] ] } },
{ "type": "Feature", "properties": { "PROVINCE": "COASTAL PLAIN" }, "geometry": { "type": "Polygon", "coordinates": [ [ [ -91.308517455999947, 29.493303299000047 ], [ -91.270637511999951, 29.510889053000028 ], [ -91.278648375999978, 29.493337631000031 ], [ -91.308517455999947, 29.493303299000047 ] ] ] } },
{ "type": "Feature", "properties": { "PROVINCE": "COASTAL PLAIN" }, "geometry": { "type": "Polygon", "coordinates": [ [ [ -89.173248290999936, 29.472570419000078 ], [ -89.213050842999962, 29.473140717000035 ], [ -89.160079955999947, 29.49223709100005 ], [ -89.173248290999936, 29.472570419000078 ] ] ] } },
{ "type": "Feature", "properties": { "PROVINCE": "COASTAL PLAIN" }, "geometry": { "type": "Polygon", "coordinates": [ [ [ -89.970733641999971, 29.445007324000073 ], [ -89.989517211999953, 29.43392181400003 ], [ -90.011177063, 29.465908051000042 ], [ -90.054229735999968, 29.482196808000026 ], [ -90.009162902999947, 29.479667664000033 ], [ -89.991706847999978, 29.449956894000024 ], [ -89.970733641999971, 29.445007324000073 ] ] ] } },
{ "type": "Feature", "properties": { "PROVINCE": "COASTAL PLAIN" }, "geometry": { "type": "Polygon", "coordinates": [ [ [ -89.874382018999938, 29.440797806000035 ], [ -89.88229370199997, 29.454061508000052 ], [ -89.856750488999978, 29.481191635000073 ], [ -89.848823547999984, 29.464258194000024 ], [ -89.874382018999938, 29.440797806000035 ] ] ] } },
{ "type": "Feature", "properties": { "PROVINCE": "COASTAL PLAIN" }, "geometry": { "type": "Polygon", "coordinates": [ [ [ -91.165763854999966, 29.246150970000031 ], [ -91.134696959999985, 29.259925843000076 ], [ -91.128303527999947, 29.226999283000055 ], [ -91.27616119399994, 29.254028321000078 ], [ -91.350112914999954, 29.337635040000066 ], [ -91.300491332999968, 29.316459656000063 ], [ -91.268577574999938, 29.339912414000025 ], [ -91.268119811999952, 29.367891311000051 ], [ -91.226554869999973, 29.381401062000066 ], [ -91.227653503999989, 29.35891532900007 ], [ -91.189270019999981, 29.297613144000024 ], [ -91.181427001999964, 29.323415756000031 ], [ -91.16321563799994, 29.32782363900003 ], [ -91.167602538999972, 29.285566330000051 ], [ -91.188476561999948, 29.284324646000073 ], [ -91.200958251999964, 29.306602478000059 ], [ -91.195060729999966, 29.273674011000026 ], [ -91.150451660999977, 29.264274597000053 ], [ -91.165763854999966, 29.246150970000031 ] ] ] } },
{ "type": "Feature", "properties": { "PROVINCE": "COASTAL PLAIN" }, "geometry": { "type": "Polygon", "coordinates": [ [ [ -89.98281097399996, 29.361522674000071 ], [ -89.961898803999986, 29.362073898000062 ], [ -89.981193542999961, 29.352819443000044 ], [ -89.972274779999964, 29.347814560000074 ], [ -89.997406005999949, 29.352746964000062 ], [ -89.99914550799997, 29.380702972000051 ], [ -89.98281097399996, 29.361522674000071 ] ] ] } },
{ "type": "Feature", "properties": { "PROVINCE": "COASTAL PLAIN" }, "geometry": { "type": "Polygon", "coordinates": [ [ [ -89.825912475999985, 29.362565994000079 ], [ -89.816970824999942, 29.350671768000041 ], [ -89.807144164999954, 29.380498887000044 ], [ -89.783500670999956, 29.350763321000045 ], [ -89.823722839999959, 29.338731765000034 ], [ -89.825912475999985, 29.362565994000079 ] ] ] } },
{ "type": "Feature", "properties": { "PROVINCE": "COASTAL PLAIN" }, "geometry": { "type": "Polygon", "coordinates": [ [ [ -94.827827452999941, 29.350633621000043 ], [ -94.84325408899997, 29.346776962000035 ], [ -94.826789855999948, 29.358848572000056 ], [ -94.787582397999984, 29.332632065000041 ], [ -94.822860717999959, 29.32100868200007 ], [ -94.827827452999941, 29.350633621000043 ] ] ] } },
{ "type": "Feature", "properties": { "PROVINCE": "COASTAL PLAIN" }, "geometry": { "type": "Polygon", "coordinates": [ [ [ -89.874282836999953, 29.342180252000048 ], [ -89.859649657999967, 29.33380317700005 ], [ -89.865470885999969, 29.318883896000045 ], [ -89.853950500999986, 29.314794540000037 ], [ -89.856094359999986, 29.327627182000072 ], [ -89.845054625999978, 29.311614991000056 ], [ -89.888404845999958, 29.305507660000046 ], [ -89.870155333999946, 29.315200805000075 ], [ -89.896316527999943, 29.320610047000059 ], [ -89.874282836999953, 29.342180252000048 ] ] ] } },
{ "type": "Feature", "properties": { "PROVINCE": "COASTAL PLAIN" }, "geometry": { "type": "Polygon", "coordinates": [ [ [ -94.913627624999947, 29.257812500000057 ], [ -94.886779784999987, 29.277669906000028 ], [ -94.835853575999977, 29.280302048000067 ], [ -94.875045775999979, 29.281248093000045 ], [ -94.874061583999946, 29.297271729000045 ], [ -94.786148070999957, 29.322002411000028 ], [ -94.767570495999962, 29.342687607000073 ], [ -94.738624572999981, 29.336694717000057 ], [ -95.105621338, 29.097202301000038 ], [ -95.096420288, 29.129396439000061 ], [ -94.979148864999956, 29.212194443000044 ], [ -94.952888487999985, 29.214185715000042 ], [ -94.954849242999956, 29.233566284000062 ], [ -94.936332701999959, 29.228567123000062 ], [ -94.944496153999978, 29.240430832000072 ], [ -94.926300048999963, 29.238658905000079 ], [ -94.938812255999949, 29.247970581000061 ], [ -94.917015075999984, 29.245111465000036 ], [ -94.913627624999947, 29.257812500000057 ] ] ] } },
{ "type": "Feature", "properties": { "PROVINCE": "COASTAL PLAIN" }, "geometry": { "type": "Polygon", "coordinates": [ [ [ -91.068878173999963, 29.316389084000036 ], [ -91.074600219, 29.342445374000079 ], [ -91.052169799999945, 29.31754875200005 ], [ -91.068878173999963, 29.316389084000036 ] ] ] } },
{ "type": "Feature", "properties": { "PROVINCE": "COASTAL PLAIN" }, "geometry": { "type": "Polygon", "coordinates": [ [ [ -90.947471618999941, 29.203145981000034 ], [ -91.003234862999989, 29.184316635000073 ], [ -91.003700257, 29.209997177000048 ], [ -90.986541747999979, 29.213903427000048 ], [ -90.997200011999951, 29.226140976000067 ], [ -91.021102904999964, 29.219387054000038 ], [ -91.017227172999981, 29.235952378000036 ], [ -91.042816161999951, 29.207612992000065 ], [ -91.028427123999961, 29.277070999000046 ], [ -91.067687987999989, 29.253120423000041 ], [ -91.049812315999986, 29.190540314000032 ], [ -91.122558593999941, 29.227085113000044 ], [ -91.126533507999966, 29.296739578000029 ], [ -91.052024841, 29.309753418000071 ], [ -91.007369994999976, 29.297546387000068 ], [ -90.99895477299998, 29.323801041000024 ], [ -90.972671507999962, 29.315906525000059 ], [ -90.933586120999962, 29.262319565000041 ], [ -90.947265624999943, 29.267639161000034 ], [ -90.960685729999966, 29.258287430000053 ], [ -90.944404601999963, 29.253459930000076 ], [ -90.970848082999964, 29.242095948000042 ], [ -90.976524352999945, 29.267702102000044 ], [ -90.953628539999954, 29.273057937000033 ], [ -90.975166320999961, 29.279645919000075 ], [ -90.99257659899996, 29.259685516000047 ], [ -90.978256224999939, 29.218145370000059 ], [ -90.944999694999979, 29.227310180000075 ], [ -90.97180175799997, 29.207225799000071 ], [ -90.947471618999941, 29.203145981000034 ] ] ] } },
{ "type": "Feature", "properties": { "PROVINCE": "COASTAL PLAIN" }, "geometry": { "type": "Polygon", "coordinates": [ [ [ -90.445350646999941, 29.238338470000031 ], [ -90.446243285999969, 29.270431519000056 ], [ -90.432228088999977, 29.279266358000029 ], [ -90.418006896999941, 29.268838882000068 ], [ -90.432136535999973, 29.270553589000031 ], [ -90.445350646999941, 29.238338470000031 ] ] ] } },
{ "type": "Feature", "properties": { "PROVINCE": "COASTAL PLAIN" }, "geometry": { "type": "Polygon", "coordinates": [ [ [ -90.034675597999978, 29.211793899000043 ], [ -90.013442992999956, 29.239873886000055 ], [ -89.945747375999986, 29.275941848000059 ], [ -89.971153259999937, 29.241899491000027 ], [ -90.034675597999978, 29.211793899000043 ] ] ] } },
{ "type": "Feature", "properties": { "PROVINCE": "COASTAL PLAIN" }, "geometry": { "type": "Polygon", "coordinates": [ [ [ -90.858345030999942, 29.229810715000042 ], [ -90.879364012999986, 29.237800599000025 ], [ -90.87486267099996, 29.249780655000052 ], [ -90.847587585999975, 29.242786408000029 ], [ -90.858345030999942, 29.229810715000042 ] ] ] } },
{ "type": "Feature", "properties": { "PROVINCE": "COASTAL PLAIN" }, "geometry": { "type": "Polygon", "coordinates": [ [ [ -90.542198180999947, 29.214057923000041 ], [ -90.570419311999956, 29.216533661000028 ], [ -90.571784972999978, 29.241287231000058 ], [ -90.542198180999947, 29.214057923000041 ] ] ] } },
{ "type": "Feature", "properties": { "PROVINCE": "COASTAL PLAIN" }, "geometry": { "type": "Polygon", "coordinates": [ [ [ -90.926246642999956, 29.199581146000071 ], [ -90.947471618999941, 29.203145981000034 ], [ -90.935256957999968, 29.207717896000077 ], [ -90.943817137999986, 29.219528198000035 ], [ -90.895927428999983, 29.22841453500007 ], [ -90.926246642999956, 29.199581146000071 ] ] ] } },
{ "type": "Feature", "properties": { "PROVINCE": "COASTAL PLAIN" }, "geometry": { "type": "Polygon", "coordinates": [ [ [ -88.992706298999963, 29.191738128000054 ], [ -89.036499022999976, 29.201566697000032 ], [ -89.008773803999986, 29.210617065000065 ], [ -88.992706298999963, 29.191738128000054 ] ] ] } },
{ "type": "Feature", "properties": { "PROVINCE": "COASTAL PLAIN" }, "geometry": { "type": "Polygon", "coordinates": [ [ [ -90.926246642999956, 29.199581146000071 ], [ -90.954963683999949, 29.193893433000028 ], [ -90.960678100999985, 29.198204041000054 ], [ -90.947471618999941, 29.203145981000034 ], [ -90.926246642999956, 29.199581146000071 ] ] ] } },
{ "type": "Feature", "properties": { "PROVINCE": "COASTAL PLAIN" }, "geometry": { "type": "Polygon", "coordinates": [ [ [ -90.954963683999949, 29.193893433000028 ], [ -90.926246642999956, 29.199581146000071 ], [ -90.942161559999988, 29.184232712000039 ], [ -90.954963683999949, 29.193893433000028 ] ] ] } },
{ "type": "Feature", "properties": { "PROVINCE": "COASTAL PLAIN" }, "geometry": { "type": "Polygon", "coordinates": [ [ [ -88.992706298999963, 29.191738129000044 ], [ -89.029365538999969, 29.169889450000028 ], [ -89.053390502999946, 29.167240142000026 ], [ -89.05009460399998, 29.196578979000037 ], [ -88.992706298999963, 29.191738129000044 ] ] ] } },
{ "type": "Feature", "properties": { "PROVINCE": "COASTAL PLAIN" }, "geometry": { "type": "Polygon", "coordinates": [ [ [ -89.099128722999978, 29.100402832000043 ], [ -89.108413695999957, 29.117454529000042 ], [ -89.130325316999972, 29.114320755000051 ], [ -89.111488342999962, 29.12893295300006 ], [ -89.149993895999955, 29.149248123000064 ], [ -89.10781097399996, 29.134424209000031 ], [ -89.099128722999978, 29.100402832000043 ] ] ] } },
{ "type": "Feature", "properties": { "PROVINCE": "COASTAL PLAIN" }, "geometry": { "type": "Polygon", "coordinates": [ [ [ -90.389732360999972, 29.115880967000066 ], [ -90.332588194999971, 29.138355255000079 ], [ -90.335578918999943, 29.12457084700003 ], [ -90.389732360999972, 29.115880967000066 ] ] ] } },
{ "type": "Feature", "properties": { "PROVINCE": "COASTAL PLAIN" }, "geometry": { "type": "Polygon", "coordinates": [ [ [ -90.848434447999978, 29.101037979000068 ], [ -90.798744201999966, 29.125043869000024 ], [ -90.782524108999951, 29.12156677300004 ], [ -90.78125, 29.10644340500005 ], [ -90.848434447999978, 29.101037979000068 ] ] ] } },
{ "type": "Feature", "properties": { "PROVINCE": "COASTAL PLAIN" }, "geometry": { "type": "Polygon", "coordinates": [ [ [ -90.848434447999978, 29.101037979000068 ], [ -90.874282835999963, 29.119520187000035 ], [ -90.846672057999967, 29.121246338000049 ], [ -90.848434447999978, 29.101037979000068 ] ] ] } },
{ "type": "Feature", "properties": { "PROVINCE": "COASTAL PLAIN" }, "geometry": { "type": "Polygon", "coordinates": [ [ [ -95.198356628999989, 29.106357574000072 ], [ -95.238227843999937, 29.069602967000037 ], [ -95.24366760199996, 29.084081649000041 ], [ -95.277976989999956, 29.077322006000031 ], [ -95.249160765999989, 29.097644805000073 ], [ -95.23281097399996, 29.082225799000071 ], [ -95.198356628999989, 29.106357574000072 ] ] ] } },
{ "type": "Feature", "properties": { "PROVINCE": "COASTAL PLAIN" }, "geometry": { "type": "Polygon", "coordinates": [ [ [ -90.405784606999987, 29.057024002000048 ], [ -90.515617370999962, 29.089082718000043 ], [ -90.448280333999946, 29.082351685000049 ], [ -90.405784606999987, 29.057024002000048 ] ] ] } },
{ "type": "Feature", "properties": { "PROVINCE": "COASTAL PLAIN" }, "geometry": { "type": "Polygon", "coordinates": [ [ [ -90.712219237999989, 29.056772232000071 ], [ -90.762130737999939, 29.048858643000074 ], [ -90.728027343999941, 29.068983078000031 ], [ -90.628631590999987, 29.080619812000066 ], [ -90.712219237999989, 29.056772232000071 ] ] ] } },
{ "type": "Feature", "properties": { "PROVINCE": "COASTAL PLAIN" }, "geometry": { "type": "Polygon", "coordinates": [ [ [ -80.897132872999975, 29.010534287000041 ], [ -80.916099547999977, 29.072469711000053 ], [ -80.579689024999936, 28.590154648000066 ], [ -80.525947570999961, 28.463462829000036 ], [ -80.526863097999978, 28.447862625000027 ], [ -80.582298278999986, 28.412235260000045 ], [ -80.611404418999939, 28.410350799000071 ], [ -80.59275817799994, 28.401672363000046 ], [ -80.599548339999956, 28.213272094000047 ], [ -80.557968139999957, 28.067216873000064 ], [ -80.448471068999936, 27.862110138000048 ], [ -80.509262083999943, 27.939640046000079 ], [ -80.522598266999978, 27.993247985000039 ], [ -80.55862426799996, 28.038230896000073 ], [ -80.621322631999988, 28.211969375000024 ], [ -80.60601806699998, 28.27111244200006 ], [ -80.631683348999957, 28.337186813000073 ], [ -80.611808775999975, 28.340879440000037 ], [ -80.625488280999946, 28.390747070000032 ], [ -80.613449096999943, 28.392957687000035 ], [ -80.620201110999972, 28.419494629000042 ], [ -80.602462767999953, 28.430646896000042 ], [ -80.577445983999951, 28.548654556000031 ], [ -80.602569580999955, 28.589363098000035 ], [ -80.59380340599995, 28.597242355000049 ], [ -80.625114439999948, 28.621206283000049 ], [ -80.615249633999952, 28.603281021000043 ], [ -80.660041808999949, 28.618650437000042 ], [ -80.668586730999948, 28.587303162000069 ], [ -80.748451232999969, 28.597312927000075 ], [ -80.788970946999939, 28.642789841000024 ], [ -80.770126342999959, 28.673227310000073 ], [ -80.785873413, 28.670242310000049 ], [ -80.785934447999978, 28.68771743800005 ], [ -80.759689330999947, 28.683341980000023 ], [ -80.759094237999989, 28.703086853000059 ], [ -80.735664367999959, 28.703887939000026 ], [ -80.754066467999962, 28.736885071000074 ], [ -80.69181823699995, 28.671123505000025 ], [ -80.650115966999977, 28.646713257000044 ], [ -80.659164428999986, 28.660919190000072 ], [ -80.641815184999984, 28.655534744000079 ], [ -80.72466278099995, 28.751213074000077 ], [ -80.731903075999981, 28.784337997000023 ], [ -80.897132872999975, 29.010534287000041 ] ] ] } },
{ "type": "Feature", "properties": { "PROVINCE": "COASTAL PLAIN" }, "geometry": { "type": "Polygon", "coordinates": [ [ [ -89.400642394999977, 28.954326630000025 ], [ -89.394355773999962, 28.984607696000069 ], [ -89.339080810999974, 29.028587341000048 ], [ -89.400642394999977, 28.954326630000025 ] ] ] } },
{ "type": "Feature", "properties": { "PROVINCE": "COASTAL PLAIN" }, "geometry": { "type": "Polygon", "coordinates": [ [ [ -82.710212707999972, 28.829814911000028 ], [ -82.717750549999948, 28.837818146000075 ], [ -82.670280457, 28.857704163000051 ], [ -82.671768187999987, 28.82881164500003 ], [ -82.710212707999972, 28.829814911000028 ] ] ] } },
{ "type": "Feature", "properties": { "PROVINCE": "COASTAL PLAIN" }, "geometry": { "type": "Polygon", "coordinates": [ [ [ -80.66023254299995, 28.299362183000028 ], [ -80.67655181899994, 28.339683532000038 ], [ -80.609527587999935, 28.147888184000067 ], [ -80.706199645999959, 28.336877823000066 ], [ -80.722045897999976, 28.395109176000062 ], [ -80.715202332, 28.461057663000076 ], [ -80.73371887199994, 28.49086761500007 ], [ -80.724571227999945, 28.551637650000032 ], [ -80.706169128999989, 28.528738022000027 ], [ -80.700271606999934, 28.577688217000059 ], [ -80.674758910999969, 28.570102692000034 ], [ -80.653793334999989, 28.600893021000047 ], [ -80.624580382999966, 28.594507218000047 ], [ -80.607818602999942, 28.561546325000052 ], [ -80.662727354999959, 28.427410125000051 ], [ -80.66023254299995, 28.299362183000028 ] ] ] } },
{ "type": "Feature", "properties": { "PROVINCE": "COASTAL PLAIN" }, "geometry": { "type": "Polygon", "coordinates": [ [ [ -96.314430235999964, 28.44460487300006 ], [ -96.232025146999945, 28.481277466000051 ], [ -96.36795806899994, 28.39171028100003 ], [ -96.314430235999964, 28.44460487300006 ] ] ] } },
{ "type": "Feature", "properties": { "PROVINCE": "COASTAL PLAIN" }, "geometry": { "type": "Polygon", "coordinates": [ [ [ -96.398132324999949, 28.346130371000072 ], [ -96.565666197999974, 28.250144958000078 ], [ -96.835212706999982, 28.071687699000051 ], [ -96.801429747999975, 28.120376587000067 ], [ -96.799392699999942, 28.14700317300003 ], [ -96.814010619999976, 28.142379761000029 ], [ -96.804107665999936, 28.172449112000038 ], [ -96.768051147999984, 28.184246064000035 ], [ -96.789344787999937, 28.139799118000042 ], [ -96.763999938999973, 28.141792297000052 ], [ -96.758773803999986, 28.183963775000052 ], [ -96.745674132999966, 28.175741196000047 ], [ -96.684204101999967, 28.203752518000044 ], [ -96.69874572699996, 28.214784622000025 ], [ -96.657539367999959, 28.225461960000075 ], [ -96.647720336999953, 28.251834869000049 ], [ -96.614830016999974, 28.260456085000044 ], [ -96.62590789799998, 28.267707825000059 ], [ -96.589477538999972, 28.274370193000038 ], [ -96.604125975999978, 28.282657623000034 ], [ -96.568367004999971, 28.298072815000069 ], [ -96.550086975999989, 28.290122985000039 ], [ -96.549583434999988, 28.302526474000047 ], [ -96.528244018999942, 28.293554306000033 ], [ -96.478698729999962, 28.316770553000026 ], [ -96.538993834999985, 28.308624267000027 ], [ -96.532386779999968, 28.318527221000068 ], [ -96.430084228999988, 28.341833115000043 ], [ -96.437110900999983, 28.371503830000051 ], [ -96.422805785999969, 28.391721725000025 ], [ -96.398696898999958, 28.386772156000063 ], [ -96.412986754999963, 28.367017746000045 ], [ -96.398132324999949, 28.346130371000072 ] ] ] } },
{ "type": "Feature", "properties": { "PROVINCE": "COASTAL PLAIN" }, "geometry": { "type": "Polygon", "coordinates": [ [ [ -96.940231322999978, 28.046226501000035 ], [ -96.924789428999986, 28.088581086000033 ], [ -96.882057189999955, 28.101140976000067 ], [ -96.894683838, 28.108413696000071 ], [ -96.872688292999953, 28.131696701000067 ], [ -96.837684630999945, 28.102132798000071 ], [ -96.85406494199998, 28.049695969000027 ], [ -96.951454162999937, 27.963241577000076 ], [ -97.049873351999963, 27.841259003000062 ], [ -97.01603698699995, 27.897405624000044 ], [ -97.032028197999978, 27.896011352000073 ], [ -97.024688720999961, 27.914680481000062 ], [ -96.949653625999986, 27.984823227000049 ], [ -96.973266600999978, 28.001148224000076 ], [ -96.940231322999978, 28.046226501000035 ] ] ] } },
{ "type": "Feature", "properties": { "PROVINCE": "COASTAL PLAIN" }, "geometry": { "type": "Polygon", "coordinates": [ [ [ -97.150177001999964, 28.000190734000057 ], [ -97.175376891999974, 27.961608887000068 ], [ -97.174674987999936, 27.982761383000025 ], [ -97.150177001999964, 28.000190734000057 ] ] ] } },
{ "type": "Feature", "properties": { "PROVINCE": "COASTAL PLAIN" }, "geometry": { "type": "Polygon", "coordinates": [ [ [ -80.320190429999968, 27.554187775000059 ], [ -80.295684813999969, 27.483034134000036 ], [ -80.307594298999959, 27.472547531000032 ], [ -80.384231566999972, 27.723966598000061 ], [ -80.438140868999938, 27.810918808000054 ], [ -80.446830749999947, 27.855117798000038 ], [ -80.367988585999967, 27.712114334000034 ], [ -80.320190429999968, 27.554187775000059 ] ] ] } },
{ "type": "Feature", "properties": { "PROVINCE": "COASTAL PLAIN" }, "geometry": { "type": "Polygon", "coordinates": [ [ [ -97.248924254999963, 27.581312179000065 ], [ -97.255859374999943, 27.604530335000049 ], [ -97.241516112999989, 27.620281219000049 ], [ -97.258949279999968, 27.652061463000052 ], [ -97.203842163, 27.612380982000047 ], [ -97.170448304, 27.707771301000037 ], [ -97.075553892999949, 27.81157875100007 ], [ -97.113304138, 27.819520950000026 ], [ -97.05383300799997, 27.830778122000027 ], [ -97.284431456999982, 27.47946739200006 ], [ -97.37964630099998, 27.210775375000026 ], [ -97.396774291999975, 27.217658997000058 ], [ -97.370117186999948, 27.35533523600003 ], [ -97.269325255999945, 27.568017959000031 ], [ -97.248924254999963, 27.581312179000065 ] ] ] } },
{ "type": "Feature", "properties": { "PROVINCE": "COASTAL PLAIN" }, "geometry": { "type": "Polygon", "coordinates": [ [ [ -82.726860045999956, 27.615936280000028 ], [ -82.737144469999976, 27.646612167000058 ], [ -82.715721130999952, 27.627622604000067 ], [ -82.689277648999962, 27.636596679000036 ], [ -82.726860045999956, 27.615936280000028 ] ] ] } },
{ "type": "Feature", "properties": { "PROVINCE": "COASTAL PLAIN" }, "geometry": { "type": "Polygon", "coordinates": [ [ [ -82.686889647999976, 27.460044861000029 ], [ -82.695762633999948, 27.454748153000025 ], [ -82.74062347399996, 27.538888931000031 ], [ -82.719871520999959, 27.531431198000064 ], [ -82.686889647999976, 27.460044861000029 ] ] ] } },
{ "type": "Feature", "properties": { "PROVINCE": "COASTAL PLAIN" }, "geometry": { "type": "Polygon", "coordinates": [ [ [ -82.574981688999969, 27.512464524000052 ], [ -82.46935272199994, 27.535137177000024 ], [ -82.427291869999976, 27.522861480000074 ], [ -82.514205932999971, 27.511989593000067 ], [ -82.484680174999937, 27.492713928000057 ], [ -82.488258361999954, 27.478067398000064 ], [ -82.529724120999958, 27.507358551000038 ], [ -82.574981688999969, 27.512464524000052 ] ] ] } },
{ "type": "Feature", "properties": { "PROVINCE": "COASTAL PLAIN" }, "geometry": { "type": "Polygon", "coordinates": [ [ [ -97.538261413999976, 27.441253662000065 ], [ -97.547164916999975, 27.471153260000051 ], [ -97.583580016999974, 27.467845917000034 ], [ -97.61047363299997, 27.494266510000045 ], [ -97.579338072999974, 27.473279953000031 ], [ -97.545326232999969, 27.481710434000036 ], [ -97.533119201999966, 27.532577515000071 ], [ -97.538261413999976, 27.441253662000065 ] ] ] } },
{ "type": "Feature", "properties": { "PROVINCE": "COASTAL PLAIN" }, "geometry": { "type": "Polygon", "coordinates": [ [ [ -80.317733764999957, 27.457874298000036 ], [ -80.293319701999962, 27.471382141000049 ], [ -80.158874511999954, 27.171516418000067 ], [ -80.297164916999975, 27.45865249600007 ], [ -80.317733764999957, 27.457874298000036 ] ] ] } },
{ "type": "Feature", "properties": { "PROVINCE": "COASTAL PLAIN" }, "geometry": { "type": "Polygon", "coordinates": [ [ [ -82.626350401999957, 27.387424469000052 ], [ -82.577301025999986, 27.343193054000039 ], [ -82.583724975999985, 27.334609986000032 ], [ -82.680358886999954, 27.440971374000071 ], [ -82.648155212999939, 27.424894333000054 ], [ -82.626350401999957, 27.387424469000052 ] ] ] } },
{ "type": "Feature", "properties": { "PROVINCE": "COASTAL PLAIN" }, "geometry": { "type": "Polygon", "coordinates": [ [ [ -97.595932006999988, 27.31441688600006 ], [ -97.621154784999987, 27.312435150000056 ], [ -97.634834289999958, 27.334873199000072 ], [ -97.627571105999948, 27.357299805000025 ], [ -97.612319946999946, 27.317768097000055 ], [ -97.595932006999988, 27.31441688600006 ] ] ] } },
{ "type": "Feature", "properties": { "PROVINCE": "COASTAL PLAIN" }, "geometry": { "type": "Polygon", "coordinates": [ [ [ -97.529747009999937, 27.294651032000047 ], [ -97.50431823699995, 27.308805466000024 ], [ -97.487380980999944, 27.294109345000038 ], [ -97.505210875999978, 27.295455933000028 ], [ -97.514335631999984, 27.275241852000079 ], [ -97.552192688, 27.295175552000046 ], [ -97.529747009999937, 27.294651032000047 ] ] ] } },
{ "type": "Feature", "properties": { "PROVINCE": "COASTAL PLAIN" }, "geometry": { "type": "Polygon", "coordinates": [ [ [ -97.28890228299997, 26.540281296000046 ], [ -97.311614989999953, 26.629257203000066 ], [ -97.323951720999958, 26.623567581000032 ], [ -97.31943511999998, 26.654867172000024 ], [ -97.332077026999968, 26.622852325000053 ], [ -97.348655700999984, 26.644065857000044 ], [ -97.324562072999981, 26.669321060000073 ], [ -97.343879698999956, 26.667505264000056 ], [ -97.36190795899995, 26.724779129000069 ], [ -97.338523863999967, 26.709865570000034 ], [ -97.376144408999949, 26.740379333000078 ], [ -97.353057860999968, 26.765197754000042 ], [ -97.389266967999959, 26.826602936000029 ], [ -97.379417419, 26.90022659300007 ], [ -97.396034239999949, 26.922338485000068 ], [ -97.384147643999938, 26.928503037000041 ], [ -97.401283263999971, 27.136125564000054 ], [ -97.377265929999965, 27.205183029000068 ], [ -97.381530761999954, 26.94782447800003 ], [ -97.358078001999957, 26.800422668000067 ], [ -97.232498168999939, 26.418962478000026 ], [ -97.21220397999997, 26.330808640000043 ], [ -97.28890228299997, 26.540281296000046 ] ] ] } },
{ "type": "Feature", "properties": { "PROVINCE": "COASTAL PLAIN" }, "geometry": { "type": "Polygon", "coordinates": [ [ [ -80.076805114999956, 26.975582123000038 ], [ -80.081832885999972, 26.975088119000077 ], [ -80.167007445999957, 27.155765534000068 ], [ -80.148445129999971, 27.142349243000069 ], [ -80.076805114999956, 26.975582123000038 ] ] ] } },
{ "type": "Feature", "properties": { "PROVINCE": "COASTAL PLAIN" }, "geometry": { "type": "Polygon", "coordinates": [ [ [ -97.474052429999972, 27.018404007000072 ], [ -97.475448607999965, 27.04012489400003 ], [ -97.459449767999956, 27.012973785000042 ], [ -97.469398497999975, 27.003522873000065 ], [ -97.474052429999972, 27.018404007000072 ] ] ] } },
{ "type": "Feature", "properties": { "PROVINCE": "COASTAL PLAIN" }, "geometry": { "type": "Polygon", "coordinates": [ [ [ -80.03520965599995, 26.780193329000042 ], [ -80.054687499999943, 26.850101471000073 ], [ -80.062034606999987, 26.838462830000026 ], [ -80.069923400999983, 26.85043335000006 ], [ -80.079078674999948, 26.947511673000065 ], [ -80.050880431999985, 26.894279480000023 ], [ -80.03520965599995, 26.780193329000042 ] ] ] } },
{ "type": "Feature", "properties": { "PROVINCE": "COASTAL PLAIN" }, "geometry": { "type": "Polygon", "coordinates": [ [ [ -82.26262664799998, 26.786169052000048 ], [ -82.247726439999951, 26.763996124000073 ], [ -82.263092040999936, 26.719665527000075 ], [ -82.281578063999973, 26.808923721000042 ], [ -82.270233153999982, 26.813653946000045 ], [ -82.26262664799998, 26.786169052000048 ] ] ] } },
{ "type": "Feature", "properties": { "PROVINCE": "COASTAL PLAIN" }, "geometry": { "type": "Polygon", "coordinates": [ [ [ -80.041938781999988, 26.552974701000039 ], [ -80.036766052999951, 26.763628006000033 ], [ -80.028221130999952, 26.673923492000029 ], [ -80.041938781999988, 26.552974701000039 ] ] ] } },
{ "type": "Feature", "properties": { "PROVINCE": "COASTAL PLAIN" }, "geometry": { "type": "Polygon", "coordinates": [ [ [ -82.239120482999965, 26.642221451000069 ], [ -82.257049560999974, 26.691295624000077 ], [ -82.246627807999971, 26.712223053000059 ], [ -82.216621398999962, 26.620719910000048 ], [ -82.239120482999965, 26.642221451000069 ] ] ] } },
{ "type": "Feature", "properties": { "PROVINCE": "COASTAL PLAIN" }, "geometry": { "type": "Polygon", "coordinates": [ [ [ -82.109832763999975, 26.539651871000046 ], [ -82.137191771999937, 26.591381073000036 ], [ -82.125572204999969, 26.603485108000029 ], [ -82.137588500999982, 26.646389008000028 ], [ -82.183471679999968, 26.679279328000064 ], [ -82.157974242999956, 26.696022034000066 ], [ -82.128654479999966, 26.693691254000044 ], [ -82.113960265999935, 26.667341232000069 ], [ -82.115112303999979, 26.624864578000029 ], [ -82.066947936999952, 26.497564316000023 ], [ -82.097450255999945, 26.493944168000041 ], [ -82.109832763999975, 26.539651871000046 ] ] ] } },
{ "type": "Feature", "properties": { "PROVINCE": "COASTAL PLAIN" }, "geometry": { "type": "Polygon", "coordinates": [ [ [ -82.075286864999953, 26.581043244000057 ], [ -82.090209960999971, 26.588005066000051 ], [ -82.101104736999957, 26.633190155000023 ], [ -82.068229675999987, 26.618709564000028 ], [ -82.075286864999953, 26.581043244000057 ] ] ] } },
{ "type": "Feature", "properties": { "PROVINCE": "COASTAL PLAIN" }, "geometry": { "type": "Polygon", "coordinates": [ [ [ -97.28890228299997, 26.540281296000046 ], [ -97.304901122999979, 26.551918030000024 ], [ -97.309234618999938, 26.591770172000054 ], [ -97.28890228299997, 26.540281296000046 ] ] ] } },
{ "type": "Feature", "properties": { "PROVINCE": "COASTAL PLAIN" }, "geometry": { "type": "Polygon", "coordinates": [ [ [ -82.031692504999967, 26.442760468000074 ], [ -82.083610534999934, 26.421360016000051 ], [ -82.132537841999977, 26.437292099000047 ], [ -82.185081481999987, 26.478282929000045 ], [ -82.200584411999955, 26.549503326000035 ], [ -82.15985107399996, 26.476549148000061 ], [ -82.121284485, 26.453573227000049 ], [ -82.089698791999979, 26.459476471000073 ], [ -82.08863830599995, 26.44788169800006 ], [ -82.061607359999982, 26.453464508000025 ], [ -82.062019347999978, 26.468736648000061 ], [ -82.026199340999938, 26.453674316000047 ], [ -82.031692504999967, 26.442760468000074 ] ] ] } },
{ "type": "Feature", "properties": { "PROVINCE": "COASTAL PLAIN" }, "geometry": { "type": "Polygon", "coordinates": [ [ [ -81.896751403999986, 26.428455353000061 ], [ -81.889305114999956, 26.412937164000027 ], [ -81.902580260999969, 26.409698486000025 ], [ -81.969833373999961, 26.471656799000073 ], [ -81.896751403999986, 26.428455353000061 ] ] ] } },
{ "type": "Feature", "properties": { "PROVINCE": "COASTAL PLAIN" }, "geometry": { "type": "Polygon", "coordinates": [ [ [ -97.21220397999997, 26.330808640000043 ], [ -97.194999694999979, 26.255882263000046 ], [ -97.18026733399995, 26.071794510000075 ], [ -97.21220397999997, 26.330808640000043 ] ] ] } },
{ "type": "Feature", "properties": { "PROVINCE": "COASTAL PLAIN" }, "geometry": { "type": "Polygon", "coordinates": [ [ [ -81.779594421999946, 26.071466446000045 ], [ -81.751037597999982, 26.008195877000048 ], [ -81.734367369999973, 25.986286164000035 ], [ -81.760803221999936, 26.003456116000052 ], [ -81.795875548999959, 26.066301345000056 ], [ -81.79013824499998, 26.094799042000034 ], [ -81.779594421999946, 26.071466446000045 ] ] ] } },
{ "type": "Feature", "properties": { "PROVINCE": "COASTAL PLAIN" }, "geometry": { "type": "Polygon", "coordinates": [ [ [ -81.681488036999951, 25.86066818200004 ], [ -81.71698761, 25.899501800000053 ], [ -81.673095702999944, 25.88027954100005 ], [ -81.681488036999951, 25.86066818200004 ] ] ] } },
{ "type": "Feature", "properties": { "PROVINCE": "COASTAL PLAIN" }, "geometry": { "type": "Polygon", "coordinates": [ [ [ -81.335502624999947, 25.803234100000054 ], [ -81.331268310999974, 25.829015732000073 ], [ -81.302841186999956, 25.803188324000075 ], [ -81.335502624999947, 25.803234100000054 ] ] ] } },
{ "type": "Feature", "properties": { "PROVINCE": "COASTAL PLAIN" }, "geometry": { "type": "Polygon", "coordinates": [ [ [ -81.321731566999972, 25.723417282000071 ], [ -81.344352722999986, 25.733142853000061 ], [ -81.330368041999975, 25.742309571000078 ], [ -81.342086791999975, 25.749273300000027 ], [ -81.335258483999951, 25.766147613000044 ], [ -81.369956969999976, 25.775426865000043 ], [ -81.28499603299997, 25.798862457000041 ], [ -81.277252197999985, 25.782321930000023 ], [ -81.291641234999986, 25.754638672000056 ], [ -81.276153563999969, 25.753076554000074 ], [ -81.295227050999983, 25.732070923000038 ], [ -81.288452147999976, 25.71649551400003 ], [ -81.300018309999984, 25.705379486000027 ], [ -81.321731566999972, 25.723417282000071 ] ] ] } },
{ "type": "Feature", "properties": { "PROVINCE": "COASTAL PLAIN" }, "geometry": { "type": "Polygon", "coordinates": [ [ [ -80.162475585999971, 25.738842011000031 ], [ -80.176818847999982, 25.750717163000047 ], [ -80.151359557999967, 25.764699936000056 ], [ -80.143943785999966, 25.746227265000073 ], [ -80.162475585999971, 25.738842011000031 ] ] ] } },
{ "type": "Feature", "properties": { "PROVINCE": "COASTAL PLAIN" }, "geometry": { "type": "Polygon", "coordinates": [ [ [ -81.266296386999954, 25.707704544000023 ], [ -81.282119750999982, 25.712528229000043 ], [ -81.265113829999962, 25.753086090000068 ], [ -81.247406005999949, 25.725004196000043 ], [ -81.266296386999954, 25.707704544000023 ] ] ] } },
{ "type": "Feature", "properties": { "PROVINCE": "COASTAL PLAIN" }, "geometry": { "type": "Polygon", "coordinates": [ [ [ -80.153793334999989, 25.675302506000037 ], [ -80.177909850999981, 25.691400528000031 ], [ -80.165466307999964, 25.714412689000028 ], [ -80.178947448999963, 25.715576172000056 ], [ -80.144927977999942, 25.738391876000037 ], [ -80.153793334999989, 25.675302506000037 ] ] ] } },
{ "type": "Feature", "properties": { "PROVINCE": "COASTAL PLAIN" }, "geometry": { "type": "Polygon", "coordinates": [ [ [ -80.249450683999953, 25.35493660000003 ], [ -80.364013671999942, 25.177703858000029 ], [ -80.355667113999971, 25.158233642000027 ], [ -80.41961669899996, 25.104288101000066 ], [ -80.413658142999964, 25.121185303000061 ], [ -80.492820739999956, 25.026119232000042 ], [ -80.579582214999959, 24.952259063000042 ], [ -80.591819763, 24.964939118000075 ], [ -80.561500548999959, 24.97323227000004 ], [ -80.546081542999957, 25.017572403000031 ], [ -80.518280028999982, 25.016214370000057 ], [ -80.466842651999968, 25.08014488200007 ], [ -80.477584838999974, 25.101587296000048 ], [ -80.450408934999984, 25.097455978000028 ], [ -80.440681456999982, 25.128107071000045 ], [ -80.422889708999946, 25.125362396000071 ], [ -80.423629760999972, 25.147237778000033 ], [ -80.374839781999981, 25.188934326000037 ], [ -80.374351501999968, 25.214462280000077 ], [ -80.353065490999938, 25.21153068600006 ], [ -80.33029937799995, 25.26798057600007 ], [ -80.361595153999986, 25.296499252000046 ], [ -80.317077636999954, 25.297500610000043 ], [ -80.249450683999953, 25.35493660000003 ] ] ] } },
{ "type": "Feature", "properties": { "PROVINCE": "COASTAL PLAIN" }, "geometry": { "type": "Polygon", "coordinates": [ [ [ -81.144813536999948, 25.335214615000041 ], [ -81.132225036999955, 25.347208023000064 ], [ -81.100967407999974, 25.332870483000079 ], [ -81.144813536999948, 25.335214615000041 ] ] ] } },
{ "type": "Feature", "properties": { "PROVINCE": "COASTAL PLAIN" }, "geometry": { "type": "Polygon", "coordinates": [ [ [ -81.020286559999988, 25.239294052000048 ], [ -81.04068756099997, 25.250402450000024 ], [ -81.000976562999938, 25.285341263000078 ], [ -81.022476195999957, 25.255178452000052 ], [ -81.006278991999977, 25.259574890000067 ], [ -81.011352538999972, 25.248189926000066 ], [ -80.970352172999981, 25.230125427000075 ], [ -81.020286559999988, 25.239294052000048 ] ] ] } },
{ "type": "Feature", "properties": { "PROVINCE": "COASTAL PLAIN" }, "geometry": { "type": "Polygon", "coordinates": [ [ [ -80.461929320999957, 25.140310287000034 ], [ -80.458503722999978, 25.174058914000057 ], [ -80.430908202999944, 25.150852203000056 ], [ -80.436203002999946, 25.136713028000031 ], [ -80.451713561999952, 25.153280258000052 ], [ -80.461929320999957, 25.140310287000034 ] ] ] } },
{ "type": "Feature", "properties": { "PROVINCE": "COASTAL PLAIN" }, "geometry": { "type": "Polygon", "coordinates": [ [ [ -80.66287994299995, 24.902793884000062 ], [ -80.629272460999971, 24.944425583000054 ], [ -80.616523742999959, 24.941024780000077 ], [ -80.66287994299995, 24.902793884000062 ] ] ] } },
{ "type": "Feature", "properties": { "PROVINCE": "COASTAL PLAIN" }, "geometry": { "type": "Polygon", "coordinates": [ [ [ -80.743461608999951, 24.846616745000063 ], [ -80.740684509999937, 24.861368180000056 ], [ -80.692527770999959, 24.887928009000063 ], [ -80.710365294999974, 24.861337662000039 ], [ -80.743461608999951, 24.846616745000063 ] ] ] } },
{ "type": "Feature", "properties": { "PROVINCE": "COASTAL PLAIN" }, "geometry": { "type": "Polygon", "coordinates": [ [ [ -80.83260345399998, 24.814485550000029 ], [ -80.806526183999949, 24.837928772000055 ], [ -80.797523498999965, 24.820306778000031 ], [ -80.783401488999971, 24.824300766000079 ], [ -80.840766906999988, 24.800909042000058 ], [ -80.83260345399998, 24.814485550000029 ] ] ] } },
{ "type": "Feature", "properties": { "PROVINCE": "COASTAL PLAIN" }, "geometry": { "type": "Polygon", "coordinates": [ [ [ -81.005493163999972, 24.725093842000035 ], [ -81.026069640999935, 24.720422745000064 ], [ -81.002952575999984, 24.736145019000048 ], [ -81.021133422999981, 24.739740371000039 ], [ -80.935340881999934, 24.777307510000071 ], [ -80.95617675799997, 24.748476029000074 ], [ -81.005493163999972, 24.725093842000035 ] ] ] } },
{ "type": "Feature", "properties": { "PROVINCE": "COASTAL PLAIN" }, "geometry": { "type": "Polygon", "coordinates": [ [ [ -81.437644958999954, 24.713579178000032 ], [ -81.451080321999939, 24.745275497000023 ], [ -81.427474975999985, 24.697357178000061 ], [ -81.437644958999954, 24.713579178000032 ] ] ] } },
{ "type": "Feature", "properties": { "PROVINCE": "COASTAL PLAIN" }, "geometry": { "type": "Polygon", "coordinates": [ [ [ -81.357902526999965, 24.636390686000027 ], [ -81.340370177999944, 24.651021957000069 ], [ -81.366355895999959, 24.657205582000074 ], [ -81.396110534999934, 24.743064880000077 ], [ -81.350273131999984, 24.704456330000028 ], [ -81.336448668999935, 24.671329498000034 ], [ -81.328323363999971, 24.643548965000036 ], [ -81.357902526999965, 24.636390686000027 ] ] ] } },
{ "type": "Feature", "properties": { "PROVINCE": "COASTAL PLAIN" }, "geometry": { "type": "Polygon", "coordinates": [ [ [ -81.088371276999965, 24.694780349000041 ], [ -81.084190368999941, 24.709018707000041 ], [ -81.125183104999962, 24.712657928000056 ], [ -81.030189513999971, 24.737350464000031 ], [ -81.088371276999965, 24.694780349000041 ] ] ] } },
{ "type": "Feature", "properties": { "PROVINCE": "COASTAL PLAIN" }, "geometry": { "type": "Polygon", "coordinates": [ [ [ -81.312774658999956, 24.679191589000027 ], [ -81.332748413, 24.707921982000073 ], [ -81.312202452999941, 24.701959610000074 ], [ -81.312774658999956, 24.679191589000027 ] ] ] } },
{ "type": "Feature", "properties": { "PROVINCE": "COASTAL PLAIN" }, "geometry": { "type": "Polygon", "coordinates": [ [ [ -81.474822997999979, 24.648086548000038 ], [ -81.518585204999965, 24.678190231000031 ], [ -81.51531982399996, 24.70689773600003 ], [ -81.475914001999968, 24.67882919300007 ], [ -81.474822997999979, 24.648086548000038 ] ] ] } },
{ "type": "Feature", "properties": { "PROVINCE": "COASTAL PLAIN" }, "geometry": { "type": "Polygon", "coordinates": [ [ [ -81.60640716599994, 24.585783005000053 ], [ -81.598854064999955, 24.599912644000028 ], [ -81.633796691999976, 24.593811035000044 ], [ -81.612815856999987, 24.609289170000068 ], [ -81.617637633999948, 24.635059356000056 ], [ -81.598983764999957, 24.642250061000027 ], [ -81.618041992999963, 24.648565292000058 ], [ -81.585823058999949, 24.659881592000033 ], [ -81.588363646999937, 24.624629974000072 ], [ -81.607795714999952, 24.622121811000056 ], [ -81.59785461499996, 24.61150550800005 ], [ -81.559875487999989, 24.618871689000059 ], [ -81.561820983999951, 24.64220619200006 ], [ -81.519645690999937, 24.632183075000057 ], [ -81.522903442999961, 24.659290314000032 ], [ -81.533187866999981, 24.65085601800007 ], [ -81.537620544999982, 24.673822403000031 ], [ -81.562919616999977, 24.684576034000031 ], [ -81.546653746999937, 24.693708420000064 ], [ -81.518959045999964, 24.669834137000066 ], [ -81.510948180999947, 24.627189636000026 ], [ -81.60640716599994, 24.585783005000053 ] ] ] } },
{ "type": "Feature", "properties": { "PROVINCE": "COASTAL PLAIN" }, "geometry": { "type": "Polygon", "coordinates": [ [ [ -81.420944213999974, 24.644998550000025 ], [ -81.465057372999979, 24.666769028000033 ], [ -81.447372435999966, 24.685132980000049 ], [ -81.420944213999974, 24.644998550000025 ] ] ] } },
{ "type": "Feature", "properties": { "PROVINCE": "COASTAL PLAIN" }, "geometry": { "type": "Polygon", "coordinates": [ [ [ -81.420944213999974, 24.644998550000025 ], [ -81.41373443599997, 24.67261886600005 ], [ -81.401092529999971, 24.656291961000079 ], [ -81.420944213999974, 24.644998550000025 ] ] ] } },
{ "type": "Feature", "properties": { "PROVINCE": "COASTAL PLAIN" }, "geometry": { "type": "Polygon", "coordinates": [ [ [ -81.708145140999989, 24.580810547000056 ], [ -81.703376769999977, 24.599704742000029 ], [ -81.645401000999982, 24.600303650000058 ], [ -81.67121887199994, 24.58732795700007 ], [ -81.644996642999956, 24.586795807000044 ], [ -81.672256469999979, 24.563173294000023 ], [ -81.71203613299997, 24.55908966100003 ], [ -81.708145140999989, 24.580810547000056 ] ] ] } },
{ "type": "Feature", "properties": { "PROVINCE": "COASTAL PLAIN" }, "geometry": { "type": "Polygon", "coordinates": [ [ [ -82.108528136999951, 24.560146332000045 ], [ -82.101516722999975, 24.575260163000053 ], [ -82.132781981999983, 24.599563599000078 ], [ -82.090675353999984, 24.586990356000058 ], [ -82.111991882999973, 24.547237396000071 ], [ -82.108528136999951, 24.560146332000045 ] ] ] } },
{ "type": "Feature", "properties": { "PROVINCE": "COASTAL PLAIN" }, "geometry": { "type": "Polygon", "coordinates": [ [ [ -81.811264038, 24.553918839000062 ], [ -81.739830016999974, 24.581062317000033 ], [ -81.723091124999939, 24.566946029000064 ], [ -81.811264038, 24.553918839000062 ] ] ] } }
]
}
