{
"type": "FeatureCollection",
"name": "counties",
"crs": { "type": "name", "properties": { "name": "urn:ogc:def:crs:OGC:1.3:CRS84" } },
"features": [
{ "type": "Feature", "properties": { "County_Nam": "Frederick", "FIPS": 69 }, "geometry": { "type": "Polygon", "coordinates": [ [ [ -78.34656332058168, 39.465442850489531 ], [ -78.262732851453364, 39.414398936778056 ], [ -78.1586310925845, 39.3437474923632 ], [ -78.033054909877592, 39.264597210870171 ], [ -78.037625305637334, 39.260311577080373 ], [ -78.040928148291343, 39.24441104353523 ], [ -78.045339800107371, 39.24220572135922 ], [ -78.042007316969219, 39.236941906728667 ], [ -78.048041674274629, 39.235013852644506 ], [ -78.050615875883352, 39.228199116825181 ], [ -78.058821675764534, 39.226776593965141 ], [ -78.05950458905609, 39.218052042798611 ], [ -78.064764146074495, 39.216080449802199 ], [ -78.062116514717928, 39.210078490635084 ], [ -78.069518681408155, 39.211387901430641 ], [ -78.067779199126207, 39.205447696365709 ], [ -78.074694795931222, 39.204990453518541 ], [ -78.069702995785306, 39.199505489237879 ], [ -78.075286929104919, 39.198795063427916 ], [ -78.070977919632483, 39.193647934363895 ], [ -78.077385977248312, 39.191938257878249 ], [ -78.073300473966256, 39.177668795743884 ], [ -78.081849913556709, 39.171749466607579 ], [ -78.078855421992188, 39.166621842002456 ], [ -78.087072100204821, 39.163917934331856 ], [ -78.081987525327193, 39.15885029103746 ], [ -78.088272805537059, 39.157940546000802 ], [ -78.085205908887772, 39.15250870915672 ], [ -78.088679852510623, 39.151614855653648 ], [ -78.089914419059298, 39.14355560377134 ], [ -78.095370022400331, 39.140221723623966 ], [ -78.092765605638547, 39.13857032111558 ], [ -78.094960507599026, 39.130944931872072 ], [ -78.102996206184429, 39.124055847933789 ], [ -78.101738118363386, 39.120927408861043 ], [ -78.10832612096732, 39.119152761353917 ], [ -78.103985623657593, 39.115588591838701 ], [ -78.10494063205546, 39.109878818375989 ], [ -78.102160842551413, 39.10602521665308 ], [ -78.110731499392784, 39.104170598608448 ], [ -78.107150802258928, 39.100221393006926 ], [ -78.112854238227911, 39.092002053582611 ], [ -78.118939899447938, 39.093172504057719 ], [ -78.12330828749937, 39.09054210098963 ], [ -78.13171343309341, 39.077628074949637 ], [ -78.136963432146814, 39.074671687424249 ], [ -78.153542224385433, 39.031785466689342 ], [ -78.163908515997178, 39.017960308020051 ], [ -78.314084655137449, 39.007993826645851 ], [ -78.312148962676261, 39.009539714133616 ], [ -78.318727151441792, 39.01461780421414 ], [ -78.31960197876019, 39.019006870574167 ], [ -78.313884084047359, 39.020966762611259 ], [ -78.313968086827828, 39.024828865785899 ], [ -78.321108030333718, 39.03111591263341 ], [ -78.309601860489295, 39.034123263983147 ], [ -78.318825906720591, 39.036117395205984 ], [ -78.325315076679033, 39.044908924640467 ], [ -78.331916986376314, 39.041184609378668 ], [ -78.330421990256895, 39.050397589740555 ], [ -78.333678372537193, 39.047728132845975 ], [ -78.347248492566067, 39.060157439900905 ], [ -78.335319961713154, 39.060454581886681 ], [ -78.341136418223314, 39.063674909726046 ], [ -78.341625012948754, 39.069538640717035 ], [ -78.334931120335582, 39.06920803484865 ], [ -78.335834721131192, 39.073749238803565 ], [ -78.324330295311341, 39.075978881092851 ], [ -78.336678034868328, 39.084165398648196 ], [ -78.328984150209422, 39.090110197087277 ], [ -78.33477788978351, 39.091552363916243 ], [ -78.333718501242117, 39.098419789423744 ], [ -78.340010756335644, 39.102788524048265 ], [ -78.342520028760887, 39.102329177022007 ], [ -78.343121113158062, 39.095772108960254 ], [ -78.349536645999791, 39.098267625575083 ], [ -78.362493323069074, 39.097078983879683 ], [ -78.376426418682669, 39.091969161568038 ], [ -78.393133931364417, 39.101585899326849 ], [ -78.39195874153522, 39.092625737403637 ], [ -78.399234414613943, 39.095206027529883 ], [ -78.408004338896873, 39.09183745988004 ], [ -78.41455190300033, 39.084894243768119 ], [ -78.419813134969687, 39.085181242267538 ], [ -78.419137924069432, 39.082633824983567 ], [ -78.425455294029717, 39.081317684145674 ], [ -78.425133284950292, 39.077534843328714 ], [ -78.432444582105859, 39.071284314512212 ], [ -78.431037583000119, 39.066083195717795 ], [ -78.441026347066256, 39.062626746424193 ], [ -78.440778188030706, 39.05861657430669 ], [ -78.448184073705647, 39.056028492543092 ], [ -78.444486439815989, 39.047454327492311 ], [ -78.451081166282435, 39.042498476860487 ], [ -78.44742142685908, 39.035071767413228 ], [ -78.454836123801812, 39.030834598170799 ], [ -78.454134075098324, 39.027648618040544 ], [ -78.544170614428893, 39.056565819153697 ], [ -78.522937705484395, 39.070852067331742 ], [ -78.516080905533173, 39.081844911097747 ], [ -78.495047290678997, 39.101228659286065 ], [ -78.479021367871368, 39.109612909502985 ], [ -78.47482821161293, 39.107625818378814 ], [ -78.458146529477929, 39.114927863441721 ], [ -78.439343448136839, 39.132095231064675 ], [ -78.436512015199654, 39.141727105932922 ], [ -78.42779172456008, 39.152208072211664 ], [ -78.413301518395556, 39.158741202022611 ], [ -78.403636086562827, 39.167505120092812 ], [ -78.414694076820766, 39.177841924304346 ], [ -78.426471385348606, 39.183107587052504 ], [ -78.428567318707536, 39.187396598131436 ], [ -78.425169444812482, 39.19360842514881 ], [ -78.428752501893655, 39.192741744211354 ], [ -78.438471107924826, 39.198291967006682 ], [ -78.405701746296316, 39.231206283221432 ], [ -78.403752311337371, 39.241202318617269 ], [ -78.399845929132681, 39.244344234906755 ], [ -78.419131811033097, 39.257754338419815 ], [ -78.402051227006666, 39.276257024917449 ], [ -78.402578141475274, 39.278876347248492 ], [ -78.393438426609634, 39.283007703861983 ], [ -78.386571117425007, 39.294147724350125 ], [ -78.367868775781616, 39.309666236042588 ], [ -78.364014526316055, 39.318889106768644 ], [ -78.360178374540325, 39.317599352082595 ], [ -78.346292541472138, 39.339181522416965 ], [ -78.346553929785969, 39.344943431883387 ], [ -78.339204928580813, 39.349235289066229 ], [ -78.342805464629038, 39.353772555708339 ], [ -78.353856989627701, 39.355060130485867 ], [ -78.364867697160676, 39.361078852756286 ], [ -78.343502663183855, 39.388709510338799 ], [ -78.351304411365874, 39.391114976886477 ], [ -78.349541247542277, 39.39755223954306 ], [ -78.360075354190883, 39.409683070693589 ], [ -78.347035918383369, 39.427331606260388 ], [ -78.353404642494084, 39.436628410428689 ], [ -78.346990024240014, 39.442303571771561 ], [ -78.345433255713175, 39.459215144021535 ], [ -78.349929496476491, 39.46186119998773 ], [ -78.34656332058168, 39.465442850489531 ] ], [ [ -78.178617808514787, 39.202396787253939 ], [ -78.188272561911845, 39.204857672713672 ], [ -78.196502892137275, 39.193380705962397 ], [ -78.198089568659157, 39.18966628770233 ], [ -78.195291948544408, 39.189644033892563 ], [ -78.200827759221823, 39.180231522972029 ], [ -78.189516274821088, 39.175092059129234 ], [ -78.196169899295541, 39.154947371825564 ], [ -78.200023684512971, 39.153143459695436 ], [ -78.197515371584544, 39.143303332666456 ], [ -78.182908507275229, 39.13699691521645 ], [ -78.183029629157303, 39.131007612980447 ], [ -78.150813226592945, 39.173177862345312 ], [ -78.136999307737824, 39.184550067744006 ], [ -78.157548247030476, 39.196660052862313 ], [ -78.155024808370214, 39.200912812748186 ], [ -78.15988850152786, 39.203123004475131 ], [ -78.163981617798626, 39.198719383147619 ], [ -78.178617808514787, 39.202396787253939 ] ] ] } },
{ "type": "Feature", "properties": { "County_Nam": "Loudoun", "FIPS": 107 }, "geometry": { "type": "Polygon", "coordinates": [ [ [ -77.770970978741431, 39.238350838915885 ], [ -77.767216304955795, 39.249403844619103 ], [ -77.770964620587847, 39.249314658949729 ], [ -77.770330503349655, 39.255811659171194 ], [ -77.762598739841351, 39.258558503311185 ], [ -77.761292142513895, 39.263657035117163 ], [ -77.757711237827948, 39.264890591686864 ], [ -77.758003198507083, 39.271811533796132 ], [ -77.753188101342829, 39.27670029536533 ], [ -77.748105047364405, 39.294000479997116 ], [ -77.735068616395495, 39.312424707254166 ], [ -77.719099052032021, 39.321195520062481 ], [ -77.692898949573632, 39.318422335272125 ], [ -77.676113974381366, 39.324494490741642 ], [ -77.650878561822367, 39.310856232994539 ], [ -77.615976115980345, 39.302673471656909 ], [ -77.593007048760867, 39.30125085123214 ], [ -77.567088459110337, 39.306357420277571 ], [ -77.561947723550432, 39.302137341428114 ], [ -77.56062761624267, 39.28604440070206 ], [ -77.543178062154297, 39.267012209276572 ], [ -77.509138635849567, 39.252809284498888 ], [ -77.487152811233798, 39.247695653114299 ], [ -77.457610466325121, 39.225246395309291 ], [ -77.459876538739337, 39.218657774411454 ], [ -77.474028353057847, 39.207807869652989 ], [ -77.478421678380087, 39.189785935917577 ], [ -77.50730833832371, 39.181324685529617 ], [ -77.517465283102311, 39.169510620013618 ], [ -77.527383978439914, 39.146533896950388 ], [ -77.526546491155415, 39.13539860386669 ], [ -77.520564678207151, 39.121469228901539 ], [ -77.48388916652182, 39.10850440966253 ], [ -77.468987466977993, 39.090284410280013 ], [ -77.462276566559694, 39.076299653679065 ], [ -77.457063303611662, 39.073522188406265 ], [ -77.385962115894216, 39.062219899034005 ], [ -77.3403859681315, 39.06293702989278 ], [ -77.328179343774437, 39.057757725913149 ], [ -77.535946993017475, 38.84734246498774 ], [ -77.544830639021939, 38.850203398775811 ], [ -77.547199916302304, 38.846182986549032 ], [ -77.550557254810215, 38.848884640100401 ], [ -77.547597090161261, 38.853818976252981 ], [ -77.552541826272488, 38.856373287652303 ], [ -77.548090690947149, 38.862799784999964 ], [ -77.552870368291053, 38.864195437250068 ], [ -77.549634312671316, 38.867599721033422 ], [ -77.551899117700927, 38.875325490052148 ], [ -77.549647249137621, 38.878667708156847 ], [ -77.552982383162373, 38.886856564844052 ], [ -77.556419983471869, 38.888650788916117 ], [ -77.564234859318319, 38.886141347042773 ], [ -77.591583093666344, 38.896609841771934 ], [ -77.602968633597754, 38.910843596929666 ], [ -77.608690158199309, 38.912963654275664 ], [ -77.618098204402287, 38.930825757992359 ], [ -77.629546690690432, 38.933608895399381 ], [ -77.637309766841668, 38.941573571182403 ], [ -77.654868233283736, 38.942549135869818 ], [ -77.962106330769686, 39.013755553846153 ], [ -77.957064666023626, 39.015568236934499 ], [ -77.955326880750135, 39.020702280414994 ], [ -77.936800329545918, 39.022697651778081 ], [ -77.934740540365269, 39.028501663302563 ], [ -77.926424880108556, 39.035530464150902 ], [ -77.894040953864263, 39.054163262112695 ], [ -77.877145633902032, 39.078437100065884 ], [ -77.862538055326709, 39.080990613322044 ], [ -77.846206153769955, 39.11843512808889 ], [ -77.839049744234515, 39.121645769730087 ], [ -77.822296036802598, 39.139795864731312 ], [ -77.821550454559457, 39.152187541486512 ], [ -77.805102986652926, 39.174273645035449 ], [ -77.793488306285937, 39.210290797891204 ], [ -77.770970978741431, 39.238350838915885 ] ] ] } },
{ "type": "Feature", "properties": { "County_Nam": "Clarke", "FIPS": 43 }, "geometry": { "type": "Polygon", "coordinates": [ [ [ -78.033054909877592, 39.264597210870171 ], [ -77.828203381453292, 39.132296846048334 ], [ -77.846206153769955, 39.11843512808889 ], [ -77.862538055326709, 39.080990613322044 ], [ -77.876801179542539, 39.078688845038144 ], [ -77.894040953864263, 39.054163262112695 ], [ -77.926424880108556, 39.035530464150902 ], [ -77.934740540365269, 39.028501663302563 ], [ -77.93694621295802, 39.022599382706794 ], [ -77.955326880750135, 39.020702280414994 ], [ -77.965065132962906, 39.008968720860942 ], [ -77.989985471505278, 38.996688236641425 ], [ -77.98996803244647, 38.993409529754103 ], [ -78.004133722429529, 38.979532307978033 ], [ -78.058600329595762, 39.019100610662548 ], [ -78.097014864845889, 39.012825123030694 ], [ -78.151692721276831, 39.036515383622522 ], [ -78.136963432146814, 39.074671687424249 ], [ -78.13171343309341, 39.077628074949637 ], [ -78.12330828749937, 39.09054210098963 ], [ -78.118939899447938, 39.093172504057719 ], [ -78.112854238227911, 39.092002053582611 ], [ -78.107150802258928, 39.100221393006926 ], [ -78.110731499392784, 39.104170598608448 ], [ -78.102160842551413, 39.10602521665308 ], [ -78.10494063205546, 39.109878818375989 ], [ -78.103985623657593, 39.115588591838701 ], [ -78.10832612096732, 39.119152761353917 ], [ -78.101738118363386, 39.120927408861043 ], [ -78.102996206184429, 39.124055847933789 ], [ -78.094960507599026, 39.130944931872072 ], [ -78.092765605638547, 39.13857032111558 ], [ -78.095370022400331, 39.140221723623966 ], [ -78.089914419059298, 39.14355560377134 ], [ -78.088679852510623, 39.151614855653648 ], [ -78.085205908887772, 39.15250870915672 ], [ -78.088272805537059, 39.157940546000802 ], [ -78.081987525327193, 39.15885029103746 ], [ -78.087072100204821, 39.163917934331856 ], [ -78.078855421992188, 39.166621842002456 ], [ -78.081849913556709, 39.171749466607579 ], [ -78.073300473966256, 39.177668795743884 ], [ -78.077385977248312, 39.191938257878249 ], [ -78.070977919632483, 39.193647934363895 ], [ -78.075286929104919, 39.198795063427916 ], [ -78.069702995785306, 39.199505489237879 ], [ -78.074694795931222, 39.204990453518541 ], [ -78.067779199126207, 39.205447696365709 ], [ -78.069518681408155, 39.211387901430641 ], [ -78.062116514717928, 39.210078490635084 ], [ -78.064764146074495, 39.216080449802199 ], [ -78.05950458905609, 39.218052042798611 ], [ -78.058821675764534, 39.226776593965141 ], [ -78.050615875883352, 39.228199116825181 ], [ -78.048041674274629, 39.235013852644506 ], [ -78.042007316969219, 39.236941906728667 ], [ -78.045339800107371, 39.24220572135922 ], [ -78.040928148291343, 39.24441104353523 ], [ -78.037625305637334, 39.260311577080373 ], [ -78.033054909877592, 39.264597210870171 ] ] ] } },
{ "type": "Feature", "properties": { "County_Nam": "Winchester", "FIPS": 840 }, "geometry": { "type": "Polygon", "coordinates": [ [ [ -78.177402441042076, 39.202078654863122 ], [ -78.163981617798626, 39.198719383147619 ], [ -78.15988850152786, 39.203123004475131 ], [ -78.155024808370214, 39.200912812748186 ], [ -78.157548247030476, 39.196660052862313 ], [ -78.136999307737824, 39.184550067744006 ], [ -78.150813226592945, 39.173177862345312 ], [ -78.183029629157303, 39.131007612980447 ], [ -78.182908507275229, 39.13699691521645 ], [ -78.197515371584544, 39.143303332666456 ], [ -78.200023684512971, 39.153143459695436 ], [ -78.196169899295541, 39.154947371825564 ], [ -78.189516274821088, 39.175092059129234 ], [ -78.200827759221823, 39.180231522972029 ], [ -78.195291948544408, 39.189644033892563 ], [ -78.198089568659157, 39.18966628770233 ], [ -78.196502892137275, 39.193380705962397 ], [ -78.188272561911845, 39.204857672713672 ], [ -78.177402441042076, 39.202078654863122 ] ] ] } },
{ "type": "Feature", "properties": { "County_Nam": "Shenandoah", "FIPS": 171 }, "geometry": { "type": "Polygon", "coordinates": [ [ [ -78.362391601483367, 39.097059401244294 ], [ -78.349536645999791, 39.098267625575083 ], [ -78.343121113158062, 39.095772108960254 ], [ -78.342520028760887, 39.102329177022007 ], [ -78.335571032699988, 39.101294345012512 ], [ -78.33477788978351, 39.091552363916243 ], [ -78.328984150209422, 39.090110197087277 ], [ -78.336678034868328, 39.084165398648196 ], [ -78.324330295311341, 39.075978881092851 ], [ -78.335834721131192, 39.073749238803565 ], [ -78.334931120335582, 39.06920803484865 ], [ -78.341625012948754, 39.069538640717035 ], [ -78.341136418223314, 39.063674909726046 ], [ -78.335319961713154, 39.060454581886681 ], [ -78.347113100196708, 39.059760472915094 ], [ -78.333678372537193, 39.047728132845975 ], [ -78.330421990256895, 39.050397589740555 ], [ -78.331916986376314, 39.041184609378668 ], [ -78.325315076679033, 39.044908924640467 ], [ -78.318825906720591, 39.036117395205984 ], [ -78.309601860489295, 39.034123263983147 ], [ -78.321108030333718, 39.03111591263341 ], [ -78.314117332975471, 39.025288539709116 ], [ -78.313884084047359, 39.020966762611259 ], [ -78.31960197876019, 39.019006870574167 ], [ -78.312121981064536, 39.009112593543378 ], [ -78.32500205961712, 38.999926805405316 ], [ -78.333374868146819, 39.0000659399116 ], [ -78.328530775658763, 38.991295460764299 ], [ -78.316419707641955, 38.983267752277634 ], [ -78.319171545601677, 38.977235082977572 ], [ -78.322596964427177, 38.973858545846085 ], [ -78.333343811003431, 38.981523800046766 ], [ -78.338918292535695, 38.9795716301022 ], [ -78.330907640039371, 38.96154152596759 ], [ -78.334464888128849, 38.950170728340503 ], [ -78.319021953681414, 38.952259937999536 ], [ -78.312464147459409, 38.94973953898306 ], [ -78.307293198895124, 38.952687886413059 ], [ -78.300493005290662, 38.943611262535697 ], [ -78.308650358534692, 38.926692466644297 ], [ -78.321488035361497, 38.918274173528054 ], [ -78.327333373499854, 38.904275531716479 ], [ -78.338134347287138, 38.891296895591864 ], [ -78.338640713811913, 38.888620497893214 ], [ -78.331762586968324, 38.887434468605534 ], [ -78.340985910590547, 38.872834141358716 ], [ -78.424506707782285, 38.798914725043822 ], [ -78.470175154729475, 38.752543269530278 ], [ -78.487766933828027, 38.741925434541777 ], [ -78.494028549083581, 38.7412246980833 ], [ -78.509504099822522, 38.725609103220066 ], [ -78.548778002533425, 38.738748751074397 ], [ -78.556787620421247, 38.724128480394953 ], [ -78.590417546685941, 38.68520326576224 ], [ -78.627073786031232, 38.617363516225865 ], [ -78.641836537436816, 38.604694232557492 ], [ -78.869181097599693, 38.762970676481295 ], [ -78.829208548815217, 38.818333078494298 ], [ -78.796086262359026, 38.875171087987617 ], [ -78.784174875641909, 38.88901520506414 ], [ -78.758575921411079, 38.900958299274158 ], [ -78.750650290773308, 38.915328104469886 ], [ -78.739207606745893, 38.927396306838574 ], [ -78.718186369711447, 38.935026965347674 ], [ -78.721006535087838, 38.910067458674597 ], [ -78.71893574220762, 38.904873186895465 ], [ -78.70388250430041, 38.91547229365743 ], [ -78.697449133779116, 38.914401957338683 ], [ -78.689314010326243, 38.924167094106387 ], [ -78.680403708180464, 38.92547109932071 ], [ -78.670563590170175, 38.933969183627887 ], [ -78.658523709512664, 38.947516683928221 ], [ -78.647716742289077, 38.966522317276016 ], [ -78.637766242473944, 38.967383964321265 ], [ -78.628180005416681, 38.981446317608466 ], [ -78.620792424150224, 38.9827029440792 ], [ -78.618778693631384, 38.974208311532053 ], [ -78.611113261086601, 38.976283624306788 ], [ -78.610517577315775, 38.970483184323392 ], [ -78.601917017788836, 38.964583603670945 ], [ -78.589596255508553, 38.976295297346361 ], [ -78.57630559758104, 38.995926168714448 ], [ -78.551433055543328, 39.017137068026905 ], [ -78.570527813764471, 39.033102222953062 ], [ -78.544170614428893, 39.056565819153697 ], [ -78.454134075098324, 39.027648618040544 ], [ -78.454836123801812, 39.030834598170799 ], [ -78.44742142685908, 39.035071767413228 ], [ -78.451081166282435, 39.042498476860487 ], [ -78.444486439815989, 39.047454327492311 ], [ -78.448184073705647, 39.056028492543092 ], [ -78.440778188030706, 39.05861657430669 ], [ -78.441026347066256, 39.062626746424193 ], [ -78.431037583000119, 39.066083195717795 ], [ -78.432444582105859, 39.071284314512212 ], [ -78.425133284950292, 39.077534843328714 ], [ -78.425455294029717, 39.081317684145674 ], [ -78.420189978091685, 39.081639088648302 ], [ -78.418309902345058, 39.085937000118314 ], [ -78.41455190300033, 39.084894243768119 ], [ -78.404071137128199, 39.093736068826949 ], [ -78.398446852255503, 39.095242527277634 ], [ -78.39195874153522, 39.092625737403637 ], [ -78.393133931364417, 39.101585899326849 ], [ -78.3773732992628, 39.092031782315729 ], [ -78.362391601483367, 39.097059401244294 ] ] ] } },
{ "type": "Feature", "properties": { "County_Nam": "Fairfax", "FIPS": 59 }, "geometry": { "type": "Polygon", "coordinates": [ [ [ -77.328329086151129, 39.057633102831787 ], [ -77.305346351586394, 39.05164808560599 ], [ -77.275778340537286, 39.034678139804932 ], [ -77.247149133092478, 39.025827304557218 ], [ -77.245089114712314, 39.01764095779923 ], [ -77.25595595987734, 39.002168398275195 ], [ -77.24482558208426, 38.98286770275616 ], [ -77.234970876131982, 38.976168878067647 ], [ -77.229960074746742, 38.979864291941837 ], [ -77.223831472855466, 38.972282293327069 ], [ -77.211613104780639, 38.969428722177661 ], [ -77.197537997234932, 38.966775545707861 ], [ -77.165787023766228, 38.968266010485252 ], [ -77.144131984573107, 38.962395120660375 ], [ -77.119752542602782, 38.934418238770554 ], [ -77.172325251905875, 38.893283875305208 ], [ -77.188870184317423, 38.896263388869585 ], [ -77.194330541258878, 38.886006402008334 ], [ -77.189447933522558, 38.878200712030619 ], [ -77.17382442065994, 38.8789613180641 ], [ -77.155682722328791, 38.872504149811178 ], [ -77.149864392778937, 38.875688466400298 ], [ -77.110260131001127, 38.844888847970097 ], [ -77.124613456674538, 38.841254128716002 ], [ -77.125046913851691, 38.837502460980623 ], [ -77.141946345514839, 38.825700981557922 ], [ -77.13730894722103, 38.821424987092136 ], [ -77.144365590294043, 38.810321038942526 ], [ -77.138015132662147, 38.798138402347682 ], [ -77.105144262090349, 38.803425532967793 ], [ -77.075569392423787, 38.800576085415145 ], [ -77.040496694414045, 38.784601472556076 ], [ -77.043251357702815, 38.718020054558536 ], [ -77.053474181328795, 38.709443105472033 ], [ -77.079318860645571, 38.709229350270263 ], [ -77.122435182078917, 38.68563987387342 ], [ -77.132783285765584, 38.673796550603207 ], [ -77.136444368160554, 38.650604476036044 ], [ -77.130286329215153, 38.634917043758954 ], [ -77.204095114863122, 38.617654627722523 ], [ -77.225297208972648, 38.605494541164518 ], [ -77.22871607798875, 38.624107880512611 ], [ -77.218241851970348, 38.64601746152649 ], [ -77.242980955491873, 38.67020652782417 ], [ -77.250883783530384, 38.673852430284597 ], [ -77.257390515771974, 38.683498587879996 ], [ -77.29874601489243, 38.704019863005328 ], [ -77.301812540025182, 38.708050118316436 ], [ -77.315752492691274, 38.701319067337245 ], [ -77.325746712250364, 38.701602707530647 ], [ -77.327277535405187, 38.704153632102923 ], [ -77.319600460777224, 38.709252753697292 ], [ -77.320166325152229, 38.7120031150546 ], [ -77.332205009815098, 38.710948137257752 ], [ -77.332105138279772, 38.718405955994449 ], [ -77.350847725674456, 38.721053372688438 ], [ -77.355941118981875, 38.726032468586638 ], [ -77.367944016725843, 38.710743204907651 ], [ -77.373534899274247, 38.711566855405742 ], [ -77.38078034611722, 38.722569365557092 ], [ -77.377489123441649, 38.729101018127423 ], [ -77.378348416723099, 38.735246353673887 ], [ -77.389759521081189, 38.742401727187044 ], [ -77.388207677042985, 38.748519663216719 ], [ -77.402540168559923, 38.752221781807634 ], [ -77.404045045079457, 38.746023529026232 ], [ -77.411737832598618, 38.744864916732013 ], [ -77.40642225380374, 38.753479880924019 ], [ -77.417199466398557, 38.76049243212865 ], [ -77.412807300587346, 38.762565406982624 ], [ -77.415830646871214, 38.76780979549509 ], [ -77.412728223532284, 38.771658085590182 ], [ -77.429879748499843, 38.781091885341439 ], [ -77.433385857915908, 38.779960239466185 ], [ -77.43305214461185, 38.787166099898108 ], [ -77.442773946242738, 38.803410711234335 ], [ -77.44966808865945, 38.802851859918036 ], [ -77.454758048993341, 38.795965084143845 ], [ -77.470956496961392, 38.795731637328039 ], [ -77.476514976903815, 38.79925837752252 ], [ -77.481076937884225, 38.796481142163984 ], [ -77.49374434352913, 38.797720503484683 ], [ -77.489265698676775, 38.808839501950018 ], [ -77.505189922070571, 38.816350964290123 ], [ -77.506422379284061, 38.820604135443382 ], [ -77.503517293392079, 38.825144292195581 ], [ -77.51241126919507, 38.830552781131139 ], [ -77.510786135519652, 38.836245831673402 ], [ -77.507529128083277, 38.837324918333238 ], [ -77.508625323182542, 38.840860198104778 ], [ -77.52948356808497, 38.836968430821187 ], [ -77.536614342245912, 38.841543776984111 ], [ -77.535462642537254, 38.847866535386842 ], [ -77.328329086151129, 39.057633102831787 ] ], [ [ -77.334816873643149, 38.852173481229691 ], [ -77.318777115615802, 38.84191540481276 ], [ -77.318477362102385, 38.83472234752977 ], [ -77.308031399586781, 38.836645706858612 ], [ -77.302303020164871, 38.832857442414877 ], [ -77.296588007821441, 38.837024513960351 ], [ -77.287298222320203, 38.836071591062137 ], [ -77.286443290238097, 38.841561957216598 ], [ -77.270667527147069, 38.839644323512317 ], [ -77.268881296724018, 38.862686312362321 ], [ -77.270847400986241, 38.865995324208903 ], [ -77.291761804416083, 38.86747870607411 ], [ -77.291402120103598, 38.871923206297325 ], [ -77.303195732987021, 38.869186313996806 ], [ -77.304849204336321, 38.863364745412213 ], [ -77.314553049176126, 38.867294820411239 ], [ -77.330730637215026, 38.864576275766389 ], [ -77.334816873643149, 38.852173481229691 ] ] ] } },
{ "type": "Feature", "properties": { "County_Nam": "Warren", "FIPS": 187 }, "geometry": { "type": "Polygon", "coordinates": [ [ [ -78.293262593793301, 39.009300317888105 ], [ -78.163908515997178, 39.017960308020051 ], [ -78.151692721276831, 39.036515383622522 ], [ -78.097014864845889, 39.012825123030694 ], [ -78.058600329595762, 39.019100610662548 ], [ -78.004133722429529, 38.979532307978033 ], [ -78.01749745680705, 38.970038914043087 ], [ -78.017327108001211, 38.96584529368819 ], [ -78.02732662335282, 38.951811886457882 ], [ -78.034350261623629, 38.949701483851698 ], [ -78.03981162886214, 38.939109233717581 ], [ -78.06163805553004, 38.93223818175057 ], [ -78.063909040877618, 38.923812621344489 ], [ -78.0747492878955, 38.912532360721805 ], [ -78.075845143768632, 38.908255914445625 ], [ -78.071752566328726, 38.902476631971759 ], [ -78.062229578497593, 38.899920817738831 ], [ -78.056471687105514, 38.88906775127181 ], [ -78.06796847749159, 38.886842641582419 ], [ -78.076657486153678, 38.881253692881039 ], [ -78.080786389699611, 38.886212087627314 ], [ -78.090564395391326, 38.885827352601872 ], [ -78.10500309853343, 38.877827220904621 ], [ -78.111882969399446, 38.88681013304334 ], [ -78.115912979759599, 38.883945952194516 ], [ -78.13025315953999, 38.86982406992388 ], [ -78.130573075101239, 38.861748340061112 ], [ -78.142701800151841, 38.859548536465738 ], [ -78.145439558532885, 38.850858119209192 ], [ -78.157118621349554, 38.844687206164878 ], [ -78.160153375499732, 38.836222651109956 ], [ -78.168523054426487, 38.83351838616845 ], [ -78.170777730014819, 38.819147149054174 ], [ -78.180009453913016, 38.817972636488967 ], [ -78.184566365049591, 38.792881354206834 ], [ -78.19325862378426, 38.787324414037833 ], [ -78.200775665350136, 38.776601167119473 ], [ -78.218266652074931, 38.773102547832302 ], [ -78.224612142077291, 38.768116968565366 ], [ -78.23056239008514, 38.769010990918687 ], [ -78.238624024079442, 38.761905236641631 ], [ -78.244227941499275, 38.763285617782138 ], [ -78.253063380123223, 38.756972604281451 ], [ -78.276489279757143, 38.762159257822852 ], [ -78.284782265407486, 38.759219139081353 ], [ -78.291054458340028, 38.768622810019572 ], [ -78.289860291381302, 38.779398910423488 ], [ -78.294962688378632, 38.784119442383528 ], [ -78.326923429758921, 38.791585779149649 ], [ -78.343746701641024, 38.805864854662225 ], [ -78.394633277143186, 38.822862002629599 ], [ -78.36121474185758, 38.857083211906485 ], [ -78.338571173791976, 38.875556190665506 ], [ -78.331762586968324, 38.887434468605534 ], [ -78.338640713811913, 38.888620497893214 ], [ -78.338134347287138, 38.891296895591864 ], [ -78.327333373499854, 38.904275531716479 ], [ -78.321488035361497, 38.918274173528054 ], [ -78.308650358534692, 38.926692466644297 ], [ -78.300493005290662, 38.943611262535697 ], [ -78.307293198895124, 38.952687886413059 ], [ -78.312464147459409, 38.94973953898306 ], [ -78.319021953681414, 38.952259937999536 ], [ -78.334464888128849, 38.950170728340503 ], [ -78.330907640039371, 38.96154152596759 ], [ -78.338900142218151, 38.97988743120127 ], [ -78.333343811003431, 38.981523800046766 ], [ -78.321939331664481, 38.973904315769168 ], [ -78.316419707641955, 38.983267752277634 ], [ -78.328530775658763, 38.991295460764299 ], [ -78.333293070905228, 39.00024844166861 ], [ -78.32500205961712, 38.999926805405316 ], [ -78.314084655137449, 39.007993826645851 ], [ -78.293262593793301, 39.009300317888105 ] ] ] } },
{ "type": "Feature", "properties": { "County_Nam": "Fauquier", "FIPS": 61 }, "geometry": { "type": "Polygon", "coordinates": [ [ [ -77.962106330769686, 39.013755553846153 ], [ -77.654868233283736, 38.942549135869818 ], [ -77.663778801122049, 38.926940058538641 ], [ -77.665539756745858, 38.916390465946868 ], [ -77.680467728886825, 38.893092696494861 ], [ -77.692928177276997, 38.886197452932826 ], [ -77.697915125430868, 38.875045855017937 ], [ -77.702672541780615, 38.84812403266865 ], [ -77.704837087763252, 38.843015151394034 ], [ -77.715460675290529, 38.84375051346295 ], [ -77.715682175708778, 38.832389105918999 ], [ -77.530843134977644, 38.556072154283036 ], [ -77.633155148420997, 38.463139083434349 ], [ -77.628062910230994, 38.449995257120747 ], [ -77.633929644990289, 38.442389652019038 ], [ -77.628938222178263, 38.43869957041894 ], [ -77.628079058836732, 38.433420953355515 ], [ -77.63182602864623, 38.428349766560189 ], [ -77.629752629065479, 38.422544312831128 ], [ -77.634314579843405, 38.419058537704338 ], [ -77.634795851143934, 38.409789890479075 ], [ -77.689616677374943, 38.42700997011503 ], [ -77.69815128236435, 38.425552291421099 ], [ -77.701216182514159, 38.421260504041335 ], [ -77.720034044785336, 38.420712410420187 ], [ -77.73498010365067, 38.412971791112241 ], [ -77.739966300854391, 38.424842872863046 ], [ -77.755120788701092, 38.42935264191712 ], [ -77.761662653516524, 38.439537256793706 ], [ -77.760930421602296, 38.458267825620247 ], [ -77.775852208697785, 38.46452805558792 ], [ -77.778101314832583, 38.469574193755399 ], [ -77.775013600326105, 38.473017078231322 ], [ -77.78030983396134, 38.47690069874934 ], [ -77.78144472745393, 38.488383611806796 ], [ -77.788038457136878, 38.488348329479805 ], [ -77.787708931831475, 38.492910567545643 ], [ -77.800491117718153, 38.502349254192836 ], [ -77.800855740818704, 38.512156442456522 ], [ -77.813542309154215, 38.530051272616781 ], [ -77.820112447711281, 38.529077703530739 ], [ -77.831841248971315, 38.538713788653055 ], [ -77.837918515397732, 38.538976428764826 ], [ -77.849201706236698, 38.554932613293126 ], [ -77.855915690946972, 38.556665334233585 ], [ -77.860543432320242, 38.562011926663274 ], [ -77.866986204131649, 38.576543935013135 ], [ -77.877015060717966, 38.584604223750681 ], [ -77.874870413208953, 38.590805846467539 ], [ -77.866220933625968, 38.593166935101273 ], [ -77.862379157370043, 38.598382867792708 ], [ -77.873343207843419, 38.606163746366079 ], [ -77.873338545379539, 38.610073903281254 ], [ -77.861326524319253, 38.614170470606716 ], [ -77.859838728992514, 38.620734135504669 ], [ -77.86862865802776, 38.623433263166817 ], [ -77.871529593181378, 38.629907286875472 ], [ -77.869635219231014, 38.632224153830066 ], [ -77.876989187509892, 38.630998292111393 ], [ -77.880249336701695, 38.636057788974014 ], [ -77.873409106261278, 38.639780316703686 ], [ -77.871398077444596, 38.648478646027861 ], [ -77.883935152469888, 38.666418147216817 ], [ -77.896014575792947, 38.662006686825855 ], [ -77.901640122687724, 38.666056407254786 ], [ -77.902455206363484, 38.674883188198685 ], [ -77.891891034456904, 38.681140760343425 ], [ -77.903987757116013, 38.684138073274887 ], [ -77.90212611458405, 38.690531292640401 ], [ -77.90654360524546, 38.695989130464127 ], [ -77.928437648246287, 38.698888329590403 ], [ -77.933586995771037, 38.694943772999714 ], [ -77.941639487815038, 38.698844920927357 ], [ -77.946732276383912, 38.695513835760373 ], [ -77.951430383989802, 38.698201558063367 ], [ -77.955253384773599, 38.694803081980652 ], [ -77.995639392957855, 38.710414015458525 ], [ -78.001228773825147, 38.717635369038611 ], [ -78.014985883019136, 38.724812622258405 ], [ -78.00641400359757, 38.727398378036682 ], [ -78.009463850573681, 38.729558570281107 ], [ -78.005900528878115, 38.732375515883895 ], [ -78.012918540735186, 38.732892912272732 ], [ -78.013317463173209, 38.739562735572449 ], [ -78.018951623155658, 38.739957792612877 ], [ -78.015931411865367, 38.744760982042806 ], [ -78.018839972940441, 38.748550664316916 ], [ -78.016465458824769, 38.754188515951093 ], [ -78.02811631125023, 38.757526618606995 ], [ -78.027607308801421, 38.764517176939449 ], [ -78.022540515894548, 38.770310489076564 ], [ -78.026143183732771, 38.776802658910071 ], [ -78.019769568168897, 38.777976643223987 ], [ -78.027463808117417, 38.781786352711308 ], [ -78.029536882409744, 38.786471231735213 ], [ -78.026764116511217, 38.788335896627252 ], [ -78.031746497621782, 38.793724538879928 ], [ -78.025956035318899, 38.795581921598746 ], [ -78.034937348420598, 38.800100955924819 ], [ -78.043623783437383, 38.7974154336341 ], [ -78.043208508630201, 38.800408167035961 ], [ -78.047962962663235, 38.801950765844097 ], [ -78.04790089745353, 38.798736253014646 ], [ -78.051776040046036, 38.799418789062884 ], [ -78.050532197007513, 38.804788990816029 ], [ -78.057951801237067, 38.810414536450232 ], [ -78.080888075965305, 38.824964100847694 ], [ -78.099916237094035, 38.830559164045908 ], [ -78.107565910431077, 38.842693048062863 ], [ -78.130324774892827, 38.861993727827205 ], [ -78.13025315953999, 38.86982406992388 ], [ -78.111882969399446, 38.88681013304334 ], [ -78.105383799731044, 38.877794567314574 ], [ -78.090564395391326, 38.885827352601872 ], [ -78.080786389699611, 38.886212087627314 ], [ -78.076657486153678, 38.881253692881039 ], [ -78.06796847749159, 38.886842641582419 ], [ -78.056471687105514, 38.88906775127181 ], [ -78.062229578497593, 38.899920817738831 ], [ -78.071538095780454, 38.902257063951872 ], [ -78.075845143768632, 38.908255914445625 ], [ -78.063909040877618, 38.923812621344489 ], [ -78.06163805553004, 38.93223818175057 ], [ -78.03981162886214, 38.939109233717581 ], [ -78.034350261623629, 38.949701483851698 ], [ -78.02732662335282, 38.951811886457882 ], [ -78.017327108001211, 38.96584529368819 ], [ -78.01749745680705, 38.970038914043087 ], [ -78.005202884575482, 38.978324619019908 ], [ -77.98996803244647, 38.993409529754103 ], [ -77.990550223163467, 38.996178270210564 ], [ -77.9743462865803, 39.003124255044924 ], [ -77.962106330769686, 39.013755553846153 ] ] ] } },
{ "type": "Feature", "properties": { "County_Nam": "Arlington", "FIPS": 13 }, "geometry": { "type": "Polygon", "coordinates": [ [ [ -77.117657334258084, 38.932419992837673 ], [ -77.098251578045151, 38.908871052606159 ], [ -77.088180244017508, 38.903352754453429 ], [ -77.06873159845027, 38.900437476166417 ], [ -77.058984398473896, 38.880625024209962 ], [ -77.052675367349181, 38.877713200491392 ], [ -77.049573686893723, 38.871289280997246 ], [ -77.04572755070842, 38.875695241737098 ], [ -77.040216467725855, 38.870763939464723 ], [ -77.037834084908312, 38.864493803721054 ], [ -77.042567057127016, 38.863582117423483 ], [ -77.035445314451366, 38.85989064037831 ], [ -77.03255752863609, 38.854255413208605 ], [ -77.034547615807227, 38.840187054849025 ], [ -77.05351568151076, 38.840418075108168 ], [ -77.06291102743198, 38.84475309914945 ], [ -77.08553580169152, 38.844017691262117 ], [ -77.085300247227067, 38.83082174228101 ], [ -77.087974161884418, 38.827458138713887 ], [ -77.172325251905875, 38.893283875305208 ], [ -77.119752542602782, 38.934418238770554 ], [ -77.117657334258084, 38.932419992837673 ] ] ] } },
{ "type": "Feature", "properties": { "County_Nam": "Prince William", "FIPS": 153 }, "geometry": { "type": "Polygon", "coordinates": [ [ [ -77.654585953815115, 38.942510514495353 ], [ -77.637309766841668, 38.941573571182403 ], [ -77.629546690690432, 38.933608895399381 ], [ -77.6184805948036, 38.931127998464007 ], [ -77.608690158199309, 38.912963654275664 ], [ -77.582082974237252, 38.891266105159431 ], [ -77.572990167883134, 38.890957921149749 ], [ -77.564234859318319, 38.886141347042773 ], [ -77.556419983471869, 38.888650788916117 ], [ -77.552982383162373, 38.886856564844052 ], [ -77.549647249137621, 38.878667708156847 ], [ -77.551899117700927, 38.875325490052148 ], [ -77.549634312671316, 38.867599721033422 ], [ -77.552870368291053, 38.864195437250068 ], [ -77.548090690947149, 38.862799784999964 ], [ -77.552559829981888, 38.856584619459191 ], [ -77.547450353607218, 38.85347080397316 ], [ -77.549748334608751, 38.846902178056631 ], [ -77.546250255464258, 38.846437954767403 ], [ -77.547759893835703, 38.848445694418459 ], [ -77.544380970795842, 38.850244734711744 ], [ -77.535048876684641, 38.84719529396542 ], [ -77.536614342245912, 38.841543776984111 ], [ -77.529765857033638, 38.836980333541 ], [ -77.508625323182542, 38.840860198104778 ], [ -77.507529128083277, 38.837324918333238 ], [ -77.510786135519652, 38.836245831673402 ], [ -77.51241126919507, 38.830552781131139 ], [ -77.503517293392079, 38.825144292195581 ], [ -77.506422379284061, 38.820604135443382 ], [ -77.505189922070571, 38.816350964290123 ], [ -77.489265698676775, 38.808839501950018 ], [ -77.49374434352913, 38.797720503484683 ], [ -77.481076937884225, 38.796481142163984 ], [ -77.476514976903815, 38.79925837752252 ], [ -77.470956496961392, 38.795731637328039 ], [ -77.454758048993341, 38.795965084143845 ], [ -77.44966808865945, 38.802851859918036 ], [ -77.442773946242738, 38.803410711234335 ], [ -77.43305214461185, 38.787166099898108 ], [ -77.433385857915908, 38.779960239466185 ], [ -77.429879748499843, 38.781091885341439 ], [ -77.412728223532284, 38.771658085590182 ], [ -77.415830646871214, 38.76780979549509 ], [ -77.412807300587346, 38.762565406982624 ], [ -77.417199466398557, 38.76049243212865 ], [ -77.40642225380374, 38.753479880924019 ], [ -77.411737832598618, 38.744864916732013 ], [ -77.404045045079457, 38.746023529026232 ], [ -77.402540168559923, 38.752221781807634 ], [ -77.388207677042985, 38.748519663216719 ], [ -77.389759521081189, 38.742401727187044 ], [ -77.378348416723099, 38.735246353673887 ], [ -77.377489123441649, 38.729101018127423 ], [ -77.38078034611722, 38.722569365557092 ], [ -77.373534899274247, 38.711566855405742 ], [ -77.367944016725843, 38.710743204907651 ], [ -77.355941118981875, 38.726032468586638 ], [ -77.350847725674456, 38.721053372688438 ], [ -77.332105138279772, 38.718405955994449 ], [ -77.332205009815098, 38.710948137257752 ], [ -77.320166325152229, 38.7120031150546 ], [ -77.319600460777224, 38.709252753697292 ], [ -77.327466861674395, 38.703775944432977 ], [ -77.325426192156371, 38.701469427230123 ], [ -77.315752492691274, 38.701319067337245 ], [ -77.301812540025182, 38.708050118316436 ], [ -77.29874601489243, 38.704019863005328 ], [ -77.257390515771974, 38.683498587879996 ], [ -77.250883783530384, 38.673852430284597 ], [ -77.242980955491873, 38.67020652782417 ], [ -77.219073254947418, 38.647384766462864 ], [ -77.218017721090135, 38.642151780882458 ], [ -77.22871607798875, 38.624107880512611 ], [ -77.225297208972648, 38.605494541164518 ], [ -77.24642698822187, 38.593223928919656 ], [ -77.256255612168644, 38.560448838602085 ], [ -77.276071344641267, 38.547504747857872 ], [ -77.276379758745151, 38.539542593264272 ], [ -77.287521469947293, 38.521029853104366 ], [ -77.285292165689626, 38.520068727969175 ], [ -77.289958796658595, 38.517846596306171 ], [ -77.299594589277334, 38.503493432026033 ], [ -77.309541553475086, 38.505807064018867 ], [ -77.31282939555156, 38.500885583571332 ], [ -77.326164701367858, 38.505802397645859 ], [ -77.335669210932991, 38.514754176378162 ], [ -77.356148760597435, 38.516727079049957 ], [ -77.362911077578801, 38.520785083047834 ], [ -77.370235339658464, 38.519578330545528 ], [ -77.375845112640022, 38.526407022238153 ], [ -77.382363355001772, 38.526148418918631 ], [ -77.381091063115733, 38.529683786421529 ], [ -77.391529809555465, 38.536417875423957 ], [ -77.396742715329353, 38.546866695698128 ], [ -77.418568333859142, 38.558892294776534 ], [ -77.421047878956301, 38.563756051051541 ], [ -77.430663271935018, 38.566277794723995 ], [ -77.448646990619181, 38.581233518913876 ], [ -77.464199673477708, 38.578767145813337 ], [ -77.471341712620813, 38.589505124807921 ], [ -77.476810834541837, 38.592259162521962 ], [ -77.491530256629815, 38.590960047246931 ], [ -77.49761311896917, 38.582879060648985 ], [ -77.532308710031899, 38.556941441909082 ], [ -77.715682175708778, 38.832389105918999 ], [ -77.715460675290529, 38.84375051346295 ], [ -77.704837087763252, 38.843015151394034 ], [ -77.702672541780615, 38.84812403266865 ], [ -77.697915125430868, 38.875045855017937 ], [ -77.692928177276997, 38.886197452932826 ], [ -77.680467728886825, 38.893092696494861 ], [ -77.665539756745858, 38.916390465946868 ], [ -77.663778801122049, 38.926940058538641 ], [ -77.654585953815115, 38.942510514495353 ] ], [ [ -77.477000565942149, 38.77997608851657 ], [ -77.487599760507337, 38.769159820978764 ], [ -77.495576551736718, 38.770845717268287 ], [ -77.514105887980833, 38.745279595136147 ], [ -77.523308231452631, 38.740688980656998 ], [ -77.52065033986085, 38.735772973119218 ], [ -77.526658882069029, 38.732958302946315 ], [ -77.525002270356268, 38.724344757990103 ], [ -77.521230876469431, 38.722290873929147 ], [ -77.523990589801443, 38.717663355610625 ], [ -77.51434998766193, 38.71578540610529 ], [ -77.506263219169341, 38.705751010591506 ], [ -77.502510776699467, 38.715571010278197 ], [ -77.509742937089882, 38.721033522437047 ], [ -77.50757035034286, 38.722882116059388 ], [ -77.514312369160677, 38.736211348906906 ], [ -77.507686752545311, 38.740079262641075 ], [ -77.500281431947172, 38.737246712955539 ], [ -77.493678413558996, 38.725445328698669 ], [ -77.486734273135369, 38.7327245482793 ], [ -77.471211106507553, 38.727544322258147 ], [ -77.453739094476092, 38.735949246153524 ], [ -77.451425549484568, 38.739921588407334 ], [ -77.447649758043454, 38.76087662092246 ], [ -77.456577249015623, 38.765892464066525 ], [ -77.454630882445201, 38.767947082096107 ], [ -77.460142712978055, 38.770205247242096 ], [ -77.458793906805354, 38.771720271177252 ], [ -77.448274858906728, 38.765832482836593 ], [ -77.444576973740581, 38.767608281396377 ], [ -77.44382245961485, 38.760929707085801 ], [ -77.438472063172981, 38.758613321783358 ], [ -77.431024637461377, 38.77202661870411 ], [ -77.43100206003578, 38.779874722387625 ], [ -77.434472786351421, 38.778360860145504 ], [ -77.44010995602369, 38.783180667736119 ], [ -77.445046748143312, 38.770305924837707 ], [ -77.452518969716124, 38.773717214497836 ], [ -77.459614437953419, 38.778118021517457 ], [ -77.458728845225949, 38.787191568677571 ], [ -77.473271552770967, 38.788258548296056 ], [ -77.478938635321668, 38.78249827085078 ], [ -77.477000565942149, 38.77997608851657 ] ] ] } },
{ "type": "Feature", "properties": { "County_Nam": "Falls Church", "FIPS": 610 }, "geometry": { "type": "Polygon", "coordinates": [ [ [ -77.149864392778937, 38.875688466400298 ], [ -77.155682722328791, 38.872504149811178 ], [ -77.17382442065994, 38.8789613180641 ], [ -77.189447933522558, 38.878200712030619 ], [ -77.194330541258878, 38.886006402008334 ], [ -77.188870184317423, 38.896263388869585 ], [ -77.172823684028288, 38.893418757614675 ], [ -77.149864392778937, 38.875688466400298 ] ] ] } },
{ "type": "Feature", "properties": { "County_Nam": "Fairfax", "FIPS": 600 }, "geometry": { "type": "Polygon", "coordinates": [ [ [ -77.334833524879627, 38.852209188135262 ], [ -77.330730637215026, 38.864576275766389 ], [ -77.314553049176126, 38.867294820411239 ], [ -77.304849204336321, 38.863364745412213 ], [ -77.303195732987021, 38.869186313996806 ], [ -77.291402120103598, 38.871923206297325 ], [ -77.291761804416083, 38.86747870607411 ], [ -77.270847400986241, 38.865995324208903 ], [ -77.268881296724018, 38.862686312362321 ], [ -77.270667527147069, 38.839644323512317 ], [ -77.286443290238097, 38.841561957216598 ], [ -77.287298222320203, 38.836071591062137 ], [ -77.296588007821441, 38.837024513960351 ], [ -77.302303020164871, 38.832857442414877 ], [ -77.308031399586781, 38.836645706858612 ], [ -77.318477362102385, 38.83472234752977 ], [ -77.318777115615802, 38.84191540481276 ], [ -77.334833524879627, 38.852209188135262 ] ] ] } },
{ "type": "Feature", "properties": { "County_Nam": "Rappahannock", "FIPS": 157 }, "geometry": { "type": "Polygon", "coordinates": [ [ [ -78.130324774892827, 38.861993727827205 ], [ -78.107565910431077, 38.842693048062863 ], [ -78.099916237094035, 38.830559164045908 ], [ -78.080888075965305, 38.824964100847694 ], [ -78.057951801237067, 38.810414536450232 ], [ -78.050532197007513, 38.804788990816029 ], [ -78.051776040046036, 38.799418789062884 ], [ -78.04790089745353, 38.798736253014646 ], [ -78.047962962663235, 38.801950765844097 ], [ -78.043208508630201, 38.800408167035961 ], [ -78.043623783437383, 38.7974154336341 ], [ -78.034937348420598, 38.800100955924819 ], [ -78.025956035318899, 38.795581921598746 ], [ -78.031746497621782, 38.793724538879928 ], [ -78.026764116511217, 38.788335896627252 ], [ -78.029536882409744, 38.786471231735213 ], [ -78.027463808117417, 38.781786352711308 ], [ -78.019769568168897, 38.777976643223987 ], [ -78.026143183732771, 38.776802658910071 ], [ -78.022540515894548, 38.770310489076564 ], [ -78.027607308801421, 38.764517176939449 ], [ -78.02811631125023, 38.757526618606995 ], [ -78.016465458824769, 38.754188515951093 ], [ -78.018839972940441, 38.748550664316916 ], [ -78.015931411865367, 38.744760982042806 ], [ -78.018951623155658, 38.739957792612877 ], [ -78.013317463173209, 38.739562735572449 ], [ -78.012918540735186, 38.732892912272732 ], [ -78.005900528878115, 38.732375515883895 ], [ -78.009463850573681, 38.729558570281107 ], [ -78.00641400359757, 38.727398378036682 ], [ -78.013414158756106, 38.727100902819636 ], [ -78.014985883019136, 38.724812622258405 ], [ -78.001228773825147, 38.717635369038611 ], [ -77.995639392957855, 38.710414015458525 ], [ -77.955253384773599, 38.694803081980652 ], [ -77.951430383989802, 38.698201558063367 ], [ -77.946732276383912, 38.695513835760373 ], [ -77.942102457569192, 38.698833261566904 ], [ -77.935426772516578, 38.695775945408158 ], [ -78.090031147415715, 38.596713948929029 ], [ -78.170156657920586, 38.522804459925169 ], [ -78.176155617588321, 38.52079041082677 ], [ -78.178282585542405, 38.52659291119528 ], [ -78.187605107719619, 38.527762641485246 ], [ -78.191631746612515, 38.524130387528054 ], [ -78.201879514117081, 38.532778077224336 ], [ -78.20848334301067, 38.530651217644731 ], [ -78.214703597449358, 38.538322583437399 ], [ -78.232136425730758, 38.532535988909558 ], [ -78.338303491739879, 38.627358670471168 ], [ -78.326645747900514, 38.629974803343224 ], [ -78.315718608137757, 38.651833643851596 ], [ -78.320106641162852, 38.659573377192764 ], [ -78.317437706048452, 38.669553977180392 ], [ -78.323892301281589, 38.67302338040237 ], [ -78.314341008116358, 38.682573488038571 ], [ -78.316333733370712, 38.690930774649516 ], [ -78.320163136091139, 38.698249382818211 ], [ -78.33160922983447, 38.702733834951943 ], [ -78.332249750776171, 38.705566702210476 ], [ -78.319001328643353, 38.737721066286475 ], [ -78.304337529356999, 38.738619034403435 ], [ -78.299155584000971, 38.748503679311284 ], [ -78.290467137107029, 38.750347931782336 ], [ -78.284126321156293, 38.759886199733984 ], [ -78.27350203564643, 38.761923285320378 ], [ -78.253063380123223, 38.756972604281451 ], [ -78.244227941499275, 38.763285617782138 ], [ -78.238624024079442, 38.761905236641631 ], [ -78.23056239008514, 38.769010990918687 ], [ -78.224612142077291, 38.768116968565366 ], [ -78.218266652074931, 38.773102547832302 ], [ -78.200461598862319, 38.776843996924086 ], [ -78.19325862378426, 38.787324414037833 ], [ -78.184566365049591, 38.792881354206834 ], [ -78.180009453913016, 38.817972636488967 ], [ -78.170777730014819, 38.819147149054174 ], [ -78.168523054426487, 38.83351838616845 ], [ -78.160153375499732, 38.836222651109956 ], [ -78.157118621349554, 38.844687206164878 ], [ -78.145439558532885, 38.850858119209192 ], [ -78.142701800151841, 38.859548536465738 ], [ -78.130324774892827, 38.861993727827205 ] ] ] } },
{ "type": "Feature", "properties": { "County_Nam": "Alexandria", "FIPS": 510 }, "geometry": { "type": "Polygon", "coordinates": [ [ [ -77.110561852817042, 38.843621950099035 ], [ -77.087974161884418, 38.827458138713887 ], [ -77.085300247227067, 38.83082174228101 ], [ -77.08553580169152, 38.844017691262117 ], [ -77.06291102743198, 38.84475309914945 ], [ -77.05351568151076, 38.840418075108168 ], [ -77.045398104058634, 38.840596632428287 ], [ -77.043407027317812, 38.831760765790001 ], [ -77.041836681685908, 38.833684931837041 ], [ -77.039042371771714, 38.830936039817921 ], [ -77.040981208125473, 38.822454897270411 ], [ -77.036038676762288, 38.814693110389676 ], [ -77.040496694414045, 38.784601472556076 ], [ -77.075569392423787, 38.800576085415145 ], [ -77.105144262090349, 38.803425532967793 ], [ -77.138015132662147, 38.798138402347682 ], [ -77.144365590294043, 38.810321038942526 ], [ -77.13730894722103, 38.821424987092136 ], [ -77.141946345514839, 38.825700981557922 ], [ -77.125046913851691, 38.837502460980623 ], [ -77.124613456674538, 38.841254128716002 ], [ -77.110561852817042, 38.843621950099035 ] ] ] } },
{ "type": "Feature", "properties": { "County_Nam": "Rockingham", "FIPS": 165 }, "geometry": { "type": "Polygon", "coordinates": [ [ [ -79.007605272364898, 38.822842516733104 ], [ -78.999091949915112, 38.839955149702469 ], [ -79.00024464611765, 38.845540427433207 ], [ -78.993930706528403, 38.85019725038299 ], [ -78.641836537436816, 38.604694232557492 ], [ -78.654616938872323, 38.591360047586647 ], [ -78.675793207277351, 38.533929121819092 ], [ -78.691319934075523, 38.509983732579961 ], [ -78.651389662525261, 38.492951610463962 ], [ -78.632591550905076, 38.496716911021075 ], [ -78.630083268382606, 38.494619374218551 ], [ -78.631913520079422, 38.485284300245404 ], [ -78.617518038694769, 38.474285771643473 ], [ -78.622914492139344, 38.465849347830932 ], [ -78.59919483270312, 38.460046266428854 ], [ -78.594908047413895, 38.455462339077457 ], [ -78.582727674282026, 38.455264012196423 ], [ -78.558417722878644, 38.446844677269716 ], [ -78.548257603186258, 38.426173042891591 ], [ -78.541884811249219, 38.426091367553461 ], [ -78.538025317306889, 38.429716859376718 ], [ -78.486003569754388, 38.421540151040027 ], [ -78.486810651176995, 38.415917375115086 ], [ -78.493817838714321, 38.410123190807667 ], [ -78.493090137865124, 38.406582082018048 ], [ -78.498621836512484, 38.403529668868785 ], [ -78.499553922558874, 38.39930388520574 ], [ -78.508450980487765, 38.393150537926303 ], [ -78.515491880040074, 38.393493292480414 ], [ -78.518403659930186, 38.381631849881131 ], [ -78.526425165029138, 38.372494709043806 ], [ -78.522666487848454, 38.369689154948553 ], [ -78.544624861155043, 38.362855653482512 ], [ -78.543428557563885, 38.358761541569578 ], [ -78.546966670230191, 38.352817003483104 ], [ -78.554002415705924, 38.349063381542805 ], [ -78.551476943963436, 38.336433744635542 ], [ -78.554336905141042, 38.334063359078925 ], [ -78.567085384727491, 38.328387848021492 ], [ -78.58819667865103, 38.324702621674511 ], [ -78.601304841077024, 38.314548850266931 ], [ -78.60305905114113, 38.306752313628323 ], [ -78.62860374808325, 38.300004828319544 ], [ -78.635899699661366, 38.291572142174445 ], [ -78.652001909609567, 38.293580021936847 ], [ -78.663818331298501, 38.277073000740458 ], [ -78.660864882661571, 38.269530934755359 ], [ -78.666281527971037, 38.2660781042593 ], [ -78.655202764494419, 38.260404744300665 ], [ -78.660387544664971, 38.255060755397253 ], [ -78.670404227269003, 38.247315767052257 ], [ -78.68183869189555, 38.254879658440593 ], [ -78.696769264992639, 38.245969078726382 ], [ -78.706585277736181, 38.24631209062553 ], [ -78.711357099609472, 38.238310659645698 ], [ -78.725860251554892, 38.231995338886719 ], [ -78.736933860441368, 38.219504662941752 ], [ -78.74015416387671, 38.219726231281911 ], [ -78.749379292789413, 38.206649344097279 ], [ -78.863956153521372, 38.285910925819692 ], [ -78.87200703358053, 38.288887806185329 ], [ -78.878434044947383, 38.297867402737026 ], [ -78.888130474992778, 38.303792641526812 ], [ -78.89409617563058, 38.30681012082281 ], [ -78.913085962636416, 38.303700090916166 ], [ -79.224348648884003, 38.477921493877872 ], [ -79.221027043160376, 38.480657886774246 ], [ -79.221487688516163, 38.484811314640915 ], [ -79.208594702754596, 38.496962276943606 ], [ -79.206802574108949, 38.503394426481719 ], [ -79.211138420006961, 38.507435329163208 ], [ -79.206189905688845, 38.524671800344223 ], [ -79.184002290396521, 38.552010450830693 ], [ -79.176838968877419, 38.565704471567358 ], [ -79.170704329202835, 38.568742661598968 ], [ -79.170989405031307, 38.57419044849189 ], [ -79.158300217890229, 38.593295357999367 ], [ -79.159218178128597, 38.601233475099995 ], [ -79.154363863673794, 38.606482621961966 ], [ -79.155506663912547, 38.61088107610712 ], [ -79.151472300394289, 38.620368757368134 ], [ -79.137464512996061, 38.638365610172606 ], [ -79.130276865737926, 38.654750837196111 ], [ -79.123915500417212, 38.655979915426528 ], [ -79.120825916828935, 38.659993352955631 ], [ -79.111468893617683, 38.659557648129692 ], [ -79.106165586743941, 38.655970488230146 ], [ -79.092380839751755, 38.659746357686515 ], [ -79.092832259562229, 38.667805007421244 ], [ -79.088016916911442, 38.673328169390558 ], [ -79.084695495607178, 38.68551335510643 ], [ -79.090756013900062, 38.691772422984457 ], [ -79.093165654933131, 38.701523203731007 ], [ -79.0790599456449, 38.737052850790512 ], [ -79.07229056404222, 38.748025195736155 ], [ -79.05764239479609, 38.760595609265152 ], [ -79.055582446612959, 38.771263776967096 ], [ -79.05143236166694, 38.772665099061548 ], [ -79.054710800155902, 38.78648368876916 ], [ -79.047072177641695, 38.79215345160754 ], [ -79.028137026008466, 38.791962188526618 ], [ -79.023176722727797, 38.798789456735243 ], [ -79.024503459250965, 38.808394851632691 ], [ -79.019613114994442, 38.812548931320784 ], [ -79.019039173955633, 38.818720221135763 ], [ -79.007605272364898, 38.822842516733104 ] ], [ [ -78.870853629163918, 38.483618860921617 ], [ -78.871636702584567, 38.489677457174913 ], [ -78.88085048010835, 38.476432916201425 ], [ -78.888864365955726, 38.455296568412329 ], [ -78.900212923887594, 38.45915220261103 ], [ -78.908203063572827, 38.451418402018987 ], [ -78.915233406529822, 38.437622726098468 ], [ -78.90903806370153, 38.434249465114618 ], [ -78.902506099029054, 38.42417657502029 ], [ -78.906070539554364, 38.422337218753079 ], [ -78.906484357429875, 38.416315466002686 ], [ -78.903991116046086, 38.4148539079982 ], [ -78.917682639712524, 38.396061760664018 ], [ -78.914542840528384, 38.390046297298333 ], [ -78.905283755304026, 38.392990303238165 ], [ -78.889685924758155, 38.390573322592331 ], [ -78.887242509310013, 38.403827924652376 ], [ -78.883030088945048, 38.40229689041103 ], [ -78.882300415080607, 38.412287865024538 ], [ -78.861778121537697, 38.41324167427836 ], [ -78.858316178656636, 38.415769889766729 ], [ -78.851028980968053, 38.413893172374223 ], [ -78.827166752767056, 38.420481435853766 ], [ -78.83033644548351, 38.422620608267053 ], [ -78.823963278896343, 38.434962282104486 ], [ -78.826075027605043, 38.439838403037172 ], [ -78.834239531416927, 38.444372140604365 ], [ -78.834474030361875, 38.455569841930355 ], [ -78.848595049937984, 38.452475923293726 ], [ -78.848759783996755, 38.464463996568597 ], [ -78.857957879243031, 38.475415821369147 ], [ -78.871075223045679, 38.479954508697439 ], [ -78.870853629163918, 38.483618860921617 ] ] ] } },
{ "type": "Feature", "properties": { "County_Nam": "Page", "FIPS": 139 }, "geometry": { "type": "Polygon", "coordinates": [ [ [ -78.284782265407486, 38.759219139081353 ], [ -78.290467137107029, 38.750347931782336 ], [ -78.299155584000971, 38.748503679311284 ], [ -78.304337529356999, 38.738619034403435 ], [ -78.319001328643353, 38.737721066286475 ], [ -78.332249750776171, 38.705566702210476 ], [ -78.33160922983447, 38.702733834951943 ], [ -78.320163136091139, 38.698249382818211 ], [ -78.314262205321313, 38.682877506478967 ], [ -78.323892301281589, 38.67302338040237 ], [ -78.317437706048452, 38.669553977180392 ], [ -78.320106641162852, 38.659573377192764 ], [ -78.31571079687113, 38.652045564118588 ], [ -78.324148104787511, 38.633613235241143 ], [ -78.328182767463289, 38.628723900168275 ], [ -78.340213780092384, 38.62619153629808 ], [ -78.355273316124666, 38.61191415896829 ], [ -78.36031101785791, 38.613688191206478 ], [ -78.374611357606952, 38.594236920139458 ], [ -78.383329896600969, 38.588350132300036 ], [ -78.385763896008044, 38.582662941471078 ], [ -78.381036118126701, 38.561341834457721 ], [ -78.389190366038306, 38.554826890170922 ], [ -78.39496693514063, 38.555699759281623 ], [ -78.413547519535058, 38.547537693787412 ], [ -78.419720508020575, 38.534524959772078 ], [ -78.430143102705756, 38.526886929604416 ], [ -78.437951344976369, 38.530841985482212 ], [ -78.442864290041854, 38.527657149063593 ], [ -78.436219833326064, 38.521578304578384 ], [ -78.441157492711909, 38.516532609646468 ], [ -78.442574876688269, 38.505217018125322 ], [ -78.446985935308348, 38.499290258043779 ], [ -78.441468595026862, 38.490457797621026 ], [ -78.462733092164001, 38.459480909267477 ], [ -78.464986670922798, 38.447036608210489 ], [ -78.474442524312522, 38.44573376160627 ], [ -78.477907462702888, 38.438469136172642 ], [ -78.476637634449204, 38.432047829490422 ], [ -78.481868977251395, 38.430473470481431 ], [ -78.486003569754388, 38.421540151040027 ], [ -78.538025317306889, 38.429716859376718 ], [ -78.541884811249219, 38.426091367553461 ], [ -78.548257603186258, 38.426173042891591 ], [ -78.558417722878644, 38.446844677269716 ], [ -78.582727674282026, 38.455264012196423 ], [ -78.594908047413895, 38.455462339077457 ], [ -78.59919483270312, 38.460046266428854 ], [ -78.622914492139344, 38.465849347830932 ], [ -78.617518038694769, 38.474285771643473 ], [ -78.631913520079422, 38.485284300245404 ], [ -78.630083268382606, 38.494619374218551 ], [ -78.632591550905076, 38.496716911021075 ], [ -78.651389662525261, 38.492951610463962 ], [ -78.691392978946425, 38.510098526925553 ], [ -78.675793207277351, 38.533929121819092 ], [ -78.654616938872323, 38.591360047586647 ], [ -78.646880782341128, 38.602154340810692 ], [ -78.627073786031232, 38.617363516225865 ], [ -78.590417546685941, 38.68520326576224 ], [ -78.556787620421247, 38.724128480394953 ], [ -78.548778002533425, 38.738748751074397 ], [ -78.509504099822522, 38.725609103220066 ], [ -78.494028549083581, 38.7412246980833 ], [ -78.487766933828027, 38.741925434541777 ], [ -78.470175154729475, 38.752543269530278 ], [ -78.424506707782285, 38.798914725043822 ], [ -78.394633277143186, 38.822862002629599 ], [ -78.343746701641024, 38.805864854662225 ], [ -78.326923429758921, 38.791585779149649 ], [ -78.294962688378632, 38.784119442383528 ], [ -78.289860291381302, 38.779398910423488 ], [ -78.291054458340028, 38.768622810019572 ], [ -78.284782265407486, 38.759219139081353 ] ] ] } },
{ "type": "Feature", "properties": { "County_Nam": "Manassas Park", "FIPS": 685 }, "geometry": { "type": "Polygon", "coordinates": [ [ [ -77.475723842944006, 38.781219480417128 ], [ -77.478938635321668, 38.78249827085078 ], [ -77.473271552770967, 38.788258548296056 ], [ -77.458728845225949, 38.787191568677571 ], [ -77.459614437953419, 38.778118021517457 ], [ -77.452518969716124, 38.773717214497836 ], [ -77.445046748143312, 38.770305924837707 ], [ -77.44010995602369, 38.783180667736119 ], [ -77.434472786351421, 38.778360860145504 ], [ -77.43100206003578, 38.779874722387625 ], [ -77.431024637461377, 38.77202661870411 ], [ -77.438472063172981, 38.758613321783358 ], [ -77.44382245961485, 38.760929707085801 ], [ -77.444576973740581, 38.767608281396377 ], [ -77.448274858906728, 38.765832482836593 ], [ -77.475723842944006, 38.781219480417128 ] ] ] } },
{ "type": "Feature", "properties": { "County_Nam": "Manassas", "FIPS": 683 }, "geometry": { "type": "Polygon", "coordinates": [ [ [ -77.458328853053402, 38.772212086140698 ], [ -77.460142712978055, 38.770205247242096 ], [ -77.454630882445201, 38.767947082096107 ], [ -77.456577249015623, 38.765892464066525 ], [ -77.447649758043454, 38.76087662092246 ], [ -77.453739094476092, 38.735949246153524 ], [ -77.471211106507553, 38.727544322258147 ], [ -77.486734273135369, 38.7327245482793 ], [ -77.493678413558996, 38.725445328698669 ], [ -77.500281431947172, 38.737246712955539 ], [ -77.507686752545311, 38.740079262641075 ], [ -77.514312369160677, 38.736211348906906 ], [ -77.50757035034286, 38.722882116059388 ], [ -77.509742937089882, 38.721033522437047 ], [ -77.502510776699467, 38.715571010278197 ], [ -77.506263219169341, 38.705751010591506 ], [ -77.51434998766193, 38.71578540610529 ], [ -77.523990589801443, 38.717663355610625 ], [ -77.52131940968961, 38.722631334604685 ], [ -77.527096465861533, 38.729426033143071 ], [ -77.525627762838297, 38.735205998776792 ], [ -77.52065033986085, 38.735772973119218 ], [ -77.523308231452631, 38.740688980656998 ], [ -77.514105887980833, 38.745279595136147 ], [ -77.495576551736718, 38.770845717268287 ], [ -77.487599760507337, 38.769159820978764 ], [ -77.47468535265979, 38.78152078994912 ], [ -77.458328853053402, 38.772212086140698 ] ] ] } },
{ "type": "Feature", "properties": { "County_Nam": "Culpeper", "FIPS": 47 }, "geometry": { "type": "Polygon", "coordinates": [ [ [ -77.935426772516578, 38.695775945408158 ], [ -77.931228473702163, 38.695376854613642 ], [ -77.931934472045995, 38.697818623941082 ], [ -77.928437648246287, 38.698888329590403 ], [ -77.90654360524546, 38.695989130464127 ], [ -77.90212611458405, 38.690531292640401 ], [ -77.903987757116013, 38.684138073274887 ], [ -77.891891034456904, 38.681140760343425 ], [ -77.902455206363484, 38.674883188198685 ], [ -77.901640122687724, 38.666056407254786 ], [ -77.896014575792947, 38.662006686825855 ], [ -77.883935152469888, 38.666418147216817 ], [ -77.871398077444596, 38.648478646027861 ], [ -77.873409106261278, 38.639780316703686 ], [ -77.880249336701695, 38.636057788974014 ], [ -77.876989187509892, 38.630998292111393 ], [ -77.869635219231014, 38.632224153830066 ], [ -77.871529593181378, 38.629907286875472 ], [ -77.86862865802776, 38.623433263166817 ], [ -77.859838728992514, 38.620734135504669 ], [ -77.861326524319253, 38.614170470606716 ], [ -77.873338545379539, 38.610073903281254 ], [ -77.873343207843419, 38.606163746366079 ], [ -77.862379157370043, 38.598382867792708 ], [ -77.866220933625968, 38.593166935101273 ], [ -77.874870413208953, 38.590805846467539 ], [ -77.877015060717966, 38.584604223750681 ], [ -77.866986204131649, 38.576543935013135 ], [ -77.860543432320242, 38.562011926663274 ], [ -77.855915690946972, 38.556665334233585 ], [ -77.849201706236698, 38.554932613293126 ], [ -77.837918515397732, 38.538976428764826 ], [ -77.831841248971315, 38.538713788653055 ], [ -77.820112447711281, 38.529077703530739 ], [ -77.813542309154215, 38.530051272616781 ], [ -77.800855740818704, 38.512156442456522 ], [ -77.800491117718153, 38.502349254192836 ], [ -77.787708931831475, 38.492910567545643 ], [ -77.788038457136878, 38.488348329479805 ], [ -77.78144472745393, 38.488383611806796 ], [ -77.78030983396134, 38.47690069874934 ], [ -77.775013600326105, 38.473017078231322 ], [ -77.778101314832583, 38.469574193755399 ], [ -77.775852208697785, 38.46452805558792 ], [ -77.760930421602296, 38.458267825620247 ], [ -77.761662653516524, 38.439537256793706 ], [ -77.755120788701092, 38.42935264191712 ], [ -77.739966300854391, 38.424842872863046 ], [ -77.73498010365067, 38.412971791112241 ], [ -77.720034044785336, 38.420712410420187 ], [ -77.701216182514159, 38.421260504041335 ], [ -77.69815128236435, 38.425552291421099 ], [ -77.689616677374943, 38.42700997011503 ], [ -77.633963569034805, 38.409565334675989 ], [ -77.633243147567896, 38.39318321038305 ], [ -77.621500904489167, 38.38845041853569 ], [ -77.618593314719689, 38.367720074990494 ], [ -77.627005627095031, 38.368883325794677 ], [ -77.633168706859195, 38.360433183594239 ], [ -77.639821693754854, 38.359157257898495 ], [ -77.643942452408297, 38.361519621988819 ], [ -77.644288271836913, 38.366215088088012 ], [ -77.637103217334882, 38.371940721985133 ], [ -77.641242536516046, 38.377046320448542 ], [ -77.646468237769994, 38.377946557708071 ], [ -77.672228894535834, 38.370140399610591 ], [ -77.679110616324451, 38.360121799261279 ], [ -77.695948984731245, 38.356492066427556 ], [ -77.71181660981901, 38.367113650046818 ], [ -77.733276473236472, 38.375868275532 ], [ -77.750637378686079, 38.3773450893122 ], [ -77.744748757877119, 38.383087329941418 ], [ -77.758665973565812, 38.386148134669462 ], [ -77.769077642601175, 38.392677852466043 ], [ -77.782097266876946, 38.3857876595535 ], [ -77.787595092365521, 38.377268824865091 ], [ -77.774447168172955, 38.368093606346946 ], [ -77.774802692297058, 38.365301144631687 ], [ -77.780905830628171, 38.364088769379066 ], [ -77.803727636189748, 38.37700544286573 ], [ -77.827288542167949, 38.382079234572771 ], [ -77.835613241401646, 38.382076216905268 ], [ -77.84109538794452, 38.377506102427816 ], [ -77.854121196439422, 38.382270896516758 ], [ -77.883483302272268, 38.378605617239259 ], [ -77.886689949127344, 38.387986704293141 ], [ -77.891814429037979, 38.388968469057012 ], [ -77.908284790417966, 38.382181893180004 ], [ -77.911923928892662, 38.370279966068672 ], [ -77.921776393597369, 38.364728023058596 ], [ -77.95056778659675, 38.360357556441414 ], [ -77.958125729108474, 38.353675636642215 ], [ -77.972559611987933, 38.35914841644378 ], [ -77.97626662773844, 38.355306375055989 ], [ -77.976002355101016, 38.347105494883394 ], [ -77.994631351552769, 38.349112915688046 ], [ -78.016582354959283, 38.331616574538494 ], [ -78.030316028670256, 38.328316052004432 ], [ -78.035656342523637, 38.320709033326942 ], [ -78.035112971002462, 38.312646218241873 ], [ -78.047932313363972, 38.31296659347381 ], [ -78.052945171672505, 38.317818234714409 ], [ -78.068584212075464, 38.308355284156036 ], [ -78.076863137337909, 38.316296073439716 ], [ -78.09233823778419, 38.310401968011249 ], [ -78.10504809549424, 38.311885669331566 ], [ -78.094456246176378, 38.325382504827139 ], [ -78.082566173179288, 38.327569916696177 ], [ -78.091304819157727, 38.338812918560649 ], [ -78.099187868981943, 38.343203820291649 ], [ -78.107544278465198, 38.343288727719404 ], [ -78.106121243005688, 38.347907658790227 ], [ -78.113918267259422, 38.354484546965523 ], [ -78.117608983886129, 38.363044182962597 ], [ -78.118280026230693, 38.367783159790029 ], [ -78.110842261826377, 38.381156887951398 ], [ -78.114903841609973, 38.383283187988553 ], [ -78.10565127363121, 38.382758668306629 ], [ -78.091607062489018, 38.390189008479823 ], [ -78.095734936403716, 38.393219645476179 ], [ -78.096011390500678, 38.404162983792602 ], [ -78.107161170982437, 38.408917239130233 ], [ -78.105169324310552, 38.413258437044355 ], [ -78.118053620870242, 38.416073686896425 ], [ -78.114697621378923, 38.422352287089808 ], [ -78.126816511052155, 38.42596168506244 ], [ -78.118737888462903, 38.434325924093088 ], [ -78.122758693127153, 38.440124182237383 ], [ -78.130125321465087, 38.441080577931551 ], [ -78.139285647024948, 38.448772225176178 ], [ -78.139314983868616, 38.45292010228966 ], [ -78.153555247107562, 38.461879615112586 ], [ -78.232136425730758, 38.532535988909558 ], [ -78.214703597449358, 38.538322583437399 ], [ -78.20848334301067, 38.530651217644731 ], [ -78.201879514117081, 38.532778077224336 ], [ -78.191631746612515, 38.524130387528054 ], [ -78.187605107719619, 38.527762641485246 ], [ -78.178282585542405, 38.52659291119528 ], [ -78.176155617588321, 38.52079041082677 ], [ -78.170156657920586, 38.522804459925169 ], [ -78.090031147415715, 38.596713948929029 ], [ -77.935426772516578, 38.695775945408158 ] ] ] } },
{ "type": "Feature", "properties": { "County_Nam": "Madison", "FIPS": 113 }, "geometry": { "type": "Polygon", "coordinates": [ [ [ -78.338303491739879, 38.627358670471168 ], [ -78.153555247107562, 38.461879615112586 ], [ -78.139314983868616, 38.45292010228966 ], [ -78.139285647024948, 38.448772225176178 ], [ -78.130125321465087, 38.441080577931551 ], [ -78.122758693127153, 38.440124182237383 ], [ -78.118737888462903, 38.434325924093088 ], [ -78.126816511052155, 38.42596168506244 ], [ -78.114697621378923, 38.422352287089808 ], [ -78.118053620870242, 38.416073686896425 ], [ -78.105169324310552, 38.413258437044355 ], [ -78.107161170982437, 38.408917239130233 ], [ -78.096146066669291, 38.404380146956449 ], [ -78.095734936403716, 38.393219645476179 ], [ -78.091607062489018, 38.390189008479823 ], [ -78.10565127363121, 38.382758668306629 ], [ -78.114903841609973, 38.383283187988553 ], [ -78.110842261826377, 38.381156887951398 ], [ -78.111584710979017, 38.377380338846024 ], [ -78.118310867380785, 38.367435485567746 ], [ -78.113918267259422, 38.354484546965523 ], [ -78.106121243005688, 38.347907658790227 ], [ -78.107544278465198, 38.343288727719404 ], [ -78.099187868981943, 38.343203820291649 ], [ -78.091304819157727, 38.338812918560649 ], [ -78.082566173179288, 38.327569916696177 ], [ -78.094044476780809, 38.325650145156715 ], [ -78.104941208560774, 38.313136283618348 ], [ -78.094691611301783, 38.311772300930969 ], [ -78.095959889571546, 38.301941207182885 ], [ -78.104537666584108, 38.297556452677007 ], [ -78.11169107715007, 38.28878536770236 ], [ -78.120330620755794, 38.287708742262296 ], [ -78.124218085992027, 38.278415716487615 ], [ -78.127673807504351, 38.282391205778552 ], [ -78.136726477150432, 38.282342919873379 ], [ -78.145972945875926, 38.276184984138496 ], [ -78.147496054868398, 38.279954981906592 ], [ -78.144833495172875, 38.283436459906717 ], [ -78.153288261981984, 38.282038041101053 ], [ -78.158546036828895, 38.273634995640755 ], [ -78.152458556156617, 38.265816754068133 ], [ -78.167649613846308, 38.26928106982831 ], [ -78.169818302983089, 38.263807902849145 ], [ -78.173597598285781, 38.26882733818141 ], [ -78.182866758554212, 38.267616466307345 ], [ -78.182427370540793, 38.261840006842874 ], [ -78.176340272528975, 38.262897060800874 ], [ -78.177681798289413, 38.254283945984646 ], [ -78.205822229405484, 38.241256150131875 ], [ -78.217344886849659, 38.242386377031174 ], [ -78.220920002456452, 38.230067367640338 ], [ -78.232214032102647, 38.230540275402255 ], [ -78.237977705996272, 38.234471309166167 ], [ -78.250759203282072, 38.233856266856044 ], [ -78.252671369634399, 38.239992410479239 ], [ -78.261710094264842, 38.242394386128808 ], [ -78.266075438175903, 38.249583603193337 ], [ -78.272259082977655, 38.251771481085989 ], [ -78.266811636819625, 38.259292833764306 ], [ -78.269550093272585, 38.260450702468184 ], [ -78.267838401586616, 38.263705655464136 ], [ -78.295663022133667, 38.277340792805163 ], [ -78.297831522560159, 38.274455477162235 ], [ -78.304920535770179, 38.2744269213295 ], [ -78.303568408928697, 38.269555177257175 ], [ -78.314983412287788, 38.272786830676019 ], [ -78.319367534901104, 38.268626730367188 ], [ -78.324566933737259, 38.272672976330192 ], [ -78.332659393880888, 38.271902565112583 ], [ -78.341239197379693, 38.280270703203087 ], [ -78.349968590715605, 38.277967433484626 ], [ -78.348360082457106, 38.288436636126917 ], [ -78.365267315353208, 38.292380049107422 ], [ -78.365222228162523, 38.300831589784352 ], [ -78.357413254699807, 38.300524128918241 ], [ -78.365639328497338, 38.311143669534758 ], [ -78.36405862908714, 38.316004265461338 ], [ -78.382483215630003, 38.318108730119611 ], [ -78.385803670559056, 38.323909007169512 ], [ -78.404596928117655, 38.33632322275129 ], [ -78.412644029477917, 38.348813727336285 ], [ -78.411487860657317, 38.35110407986744 ], [ -78.429960498853617, 38.367027670411076 ], [ -78.423834484723301, 38.382962995771535 ], [ -78.42858275656252, 38.391819090819112 ], [ -78.436652704281812, 38.395037236339562 ], [ -78.440842347248392, 38.40998543262544 ], [ -78.434094602226779, 38.419786696632087 ], [ -78.434042861686962, 38.435859411502605 ], [ -78.437396174975873, 38.446634218792241 ], [ -78.435024384765057, 38.4516270103232 ], [ -78.444590943472022, 38.460147051794159 ], [ -78.452925663270491, 38.475769744490051 ], [ -78.441468595026862, 38.490457797621026 ], [ -78.446985935308348, 38.499290258043779 ], [ -78.442574876688269, 38.505217018125322 ], [ -78.441157492711909, 38.516532609646468 ], [ -78.436219833326064, 38.521578304578384 ], [ -78.442864290041854, 38.527657149063593 ], [ -78.437951344976369, 38.530841985482212 ], [ -78.430143102705756, 38.526886929604416 ], [ -78.419720508020575, 38.534524959772078 ], [ -78.413547519535058, 38.547537693787412 ], [ -78.39496693514063, 38.555699759281623 ], [ -78.389190366038306, 38.554826890170922 ], [ -78.381036118126701, 38.561341834457721 ], [ -78.385763896008044, 38.582662941471078 ], [ -78.383329896600969, 38.588350132300036 ], [ -78.374611357606952, 38.594236920139458 ], [ -78.36031101785791, 38.613688191206478 ], [ -78.355273316124666, 38.61191415896829 ], [ -78.338303491739879, 38.627358670471168 ] ] ] } },
{ "type": "Feature", "properties": { "County_Nam": "Stafford", "FIPS": 179 }, "geometry": { "type": "Polygon", "coordinates": [ [ [ -77.530843134977644, 38.556072154283036 ], [ -77.49761311896917, 38.582879060648985 ], [ -77.491530256629815, 38.590960047246931 ], [ -77.476810834541837, 38.592259162521962 ], [ -77.471341712620813, 38.589505124807921 ], [ -77.464199673477708, 38.578767145813337 ], [ -77.448646990619181, 38.581233518913876 ], [ -77.430663271935018, 38.566277794723995 ], [ -77.421047878956301, 38.563756051051541 ], [ -77.418568333859142, 38.558892294776534 ], [ -77.396742715329353, 38.546866695698128 ], [ -77.391529809555465, 38.536417875423957 ], [ -77.381091063115733, 38.529683786421529 ], [ -77.382363355001772, 38.526148418918631 ], [ -77.375845112640022, 38.526407022238153 ], [ -77.370235339658464, 38.519578330545528 ], [ -77.362911077578801, 38.520785083047834 ], [ -77.356148760597435, 38.516727079049957 ], [ -77.335669210932991, 38.514754176378162 ], [ -77.326164701367858, 38.505802397645859 ], [ -77.31282939555156, 38.500885583571332 ], [ -77.309541553475086, 38.505807064018867 ], [ -77.299594589277334, 38.503493432026033 ], [ -77.310253326107073, 38.494894949599896 ], [ -77.318549353809175, 38.474178208172319 ], [ -77.320321990652857, 38.435253936269419 ], [ -77.322986709197366, 38.433552210361668 ], [ -77.310465400342707, 38.400059896002389 ], [ -77.305032475989478, 38.375432868579431 ], [ -77.29709326488954, 38.370849161764696 ], [ -77.287929111010612, 38.359228994212714 ], [ -77.286301374521869, 38.347051335711654 ], [ -77.319721236099582, 38.345791073109744 ], [ -77.321775423954222, 38.33787963790386 ], [ -77.330521881706247, 38.334890276381614 ], [ -77.327153889981517, 38.318724541645174 ], [ -77.334857056903047, 38.312381094896992 ], [ -77.336215483627399, 38.302618043505866 ], [ -77.33946250898353, 38.302882196241406 ], [ -77.339302279574895, 38.287486193398003 ], [ -77.347583859135597, 38.272029618180177 ], [ -77.343306057741898, 38.267992779087564 ], [ -77.345637099093125, 38.261183668811611 ], [ -77.328996553143639, 38.253315511254961 ], [ -77.326967525252627, 38.244363090672579 ], [ -77.341508036119876, 38.252769081270081 ], [ -77.361571271875519, 38.242054180461658 ], [ -77.377214736342793, 38.250023495940177 ], [ -77.388608038859104, 38.244750615725636 ], [ -77.405477908435898, 38.253984163919235 ], [ -77.41830320545165, 38.256437143209688 ], [ -77.4239739101304, 38.266186677774009 ], [ -77.434676463176928, 38.271601101430619 ], [ -77.438625485095386, 38.281272967427206 ], [ -77.446324999924684, 38.283482375090102 ], [ -77.468117915275343, 38.319112668962426 ], [ -77.476219854984834, 38.320158236032555 ], [ -77.481206006303893, 38.316570284719802 ], [ -77.498451717105112, 38.325457721892235 ], [ -77.512069789005253, 38.325477592230023 ], [ -77.527562268557361, 38.320364639393361 ], [ -77.525952381763631, 38.310663636183783 ], [ -77.529045325095026, 38.308718307834667 ], [ -77.539860457712635, 38.313124880216286 ], [ -77.545157684960557, 38.324818048943428 ], [ -77.55085493701182, 38.329244436912255 ], [ -77.568506700089372, 38.336184390770292 ], [ -77.56681115476195, 38.344943458715122 ], [ -77.569849285353158, 38.347557441577742 ], [ -77.584679204907502, 38.346834928451983 ], [ -77.599381414002721, 38.332742230274974 ], [ -77.606845956149485, 38.336577008015574 ], [ -77.602994648311423, 38.349722861294886 ], [ -77.61258191543989, 38.364146564034463 ], [ -77.618303890300638, 38.366685870967309 ], [ -77.621819642683604, 38.388974883015905 ], [ -77.632876354756903, 38.392727434224078 ], [ -77.634525058574354, 38.398898313127752 ], [ -77.632628539955633, 38.407577090274017 ], [ -77.635297538881176, 38.415342310919847 ], [ -77.629752629065479, 38.422544312831128 ], [ -77.63182602864623, 38.428349766560189 ], [ -77.628079058836732, 38.433420953355515 ], [ -77.628938222178263, 38.43869957041894 ], [ -77.633929644990289, 38.442389652019038 ], [ -77.628062910230994, 38.449995257120747 ], [ -77.633155148420997, 38.463139083434349 ], [ -77.530843134977644, 38.556072154283036 ] ] ] } },
{ "type": "Feature", "properties": { "County_Nam": "Highland", "FIPS": 91 }, "geometry": { "type": "Polygon", "coordinates": [ [ [ -79.662473386407584, 38.560656595300465 ], [ -79.659268948337839, 38.562614908667449 ], [ -79.662967849685103, 38.57040821011622 ], [ -79.658057726701784, 38.573107656685686 ], [ -79.649206885064345, 38.591538616808812 ], [ -79.572578454895066, 38.563283903604869 ], [ -79.555129251808182, 38.560034818276073 ], [ -79.537157840263717, 38.551003711901537 ], [ -79.532027356637698, 38.542287255471109 ], [ -79.521632047837812, 38.534080631221748 ], [ -79.476666373106511, 38.457209173709437 ], [ -79.311899441024806, 38.411914013055103 ], [ -79.317936772119097, 38.409646789607265 ], [ -79.322863931644292, 38.401656213467682 ], [ -79.308741984935608, 38.393940973438326 ], [ -79.3086362764884, 38.382889458042918 ], [ -79.316215611909541, 38.378773282240182 ], [ -79.325111221770968, 38.381331250731364 ], [ -79.333467359583921, 38.37684751195971 ], [ -79.340262395811365, 38.366472423747851 ], [ -79.337188984026312, 38.360718756926154 ], [ -79.354592352244566, 38.352421368316662 ], [ -79.356652357668551, 38.344698298222227 ], [ -79.36180079308852, 38.343394198088248 ], [ -79.367691052701886, 38.335537114307911 ], [ -79.363585722933877, 38.330903422671049 ], [ -79.370966513628801, 38.330159625718238 ], [ -79.381678385131409, 38.318406591115888 ], [ -79.382453351631085, 38.313383589466952 ], [ -79.387852902159821, 38.308979843221017 ], [ -79.391400865948739, 38.292450864090213 ], [ -79.400547694532634, 38.293345702339572 ], [ -79.401790212655357, 38.28696309150525 ], [ -79.408552561327895, 38.279922410683945 ], [ -79.407208976440359, 38.269034929300624 ], [ -79.399713693149764, 38.260612295023407 ], [ -79.404005520979226, 38.251291574216722 ], [ -79.409637261766861, 38.243136052679446 ], [ -79.418770416431173, 38.239864712954784 ], [ -79.42276435111242, 38.232427843383789 ], [ -79.433741670004139, 38.229495493437966 ], [ -79.438104285229258, 38.216311696213218 ], [ -79.464706577228029, 38.222235366730409 ], [ -79.480887531000619, 38.216965695703728 ], [ -79.477228426932058, 38.211089526728848 ], [ -79.483482202652908, 38.205392570089906 ], [ -79.495789360941316, 38.20108420636118 ], [ -79.492444555582779, 38.194957791795524 ], [ -79.503089612659494, 38.191144746619457 ], [ -79.504454355533923, 38.185760671720658 ], [ -79.512160284528434, 38.180452255890394 ], [ -79.56207392980393, 38.198841158829204 ], [ -79.706182041445757, 38.221142333200049 ], [ -79.795963706707596, 38.265667962041512 ], [ -79.789093209978617, 38.268326644119377 ], [ -79.786566058889903, 38.27479213160256 ], [ -79.795971136089676, 38.290527121654442 ], [ -79.802874967958886, 38.29219707727853 ], [ -79.810113291361034, 38.307005660025958 ], [ -79.796648181227681, 38.323434382096508 ], [ -79.773257668017351, 38.335467417618034 ], [ -79.767766688344352, 38.344318266749475 ], [ -79.770344749464257, 38.34793866167665 ], [ -79.764528411526541, 38.356485578034793 ], [ -79.755987049880744, 38.357517620716472 ], [ -79.741672794689137, 38.353231504187555 ], [ -79.725518794847503, 38.363944090867442 ], [ -79.726777779827302, 38.371169447997453 ], [ -79.731401481399004, 38.373434983793878 ], [ -79.730062646013096, 38.380906363472604 ], [ -79.706835100874486, 38.415653864464396 ], [ -79.689877881993056, 38.431270635677656 ], [ -79.691574953767102, 38.446439513053512 ], [ -79.688184045805954, 38.45062345540105 ], [ -79.688646864895787, 38.458070287896696 ], [ -79.699629388659929, 38.473541490112346 ], [ -79.693585000565022, 38.479876487283981 ], [ -79.697646239645778, 38.486944516691416 ], [ -79.696044979046206, 38.491173817015493 ], [ -79.683275497470333, 38.501285987092324 ], [ -79.680325530244076, 38.510837252391681 ], [ -79.670436985231888, 38.507864999038517 ], [ -79.668233134259197, 38.512590827278032 ], [ -79.66215290366155, 38.515143500535245 ], [ -79.666534509651967, 38.524018919271874 ], [ -79.673002397718037, 38.528888885998249 ], [ -79.666914369742514, 38.538218651478317 ], [ -79.670975676296763, 38.541244188687614 ], [ -79.669966290500767, 38.550740126286563 ], [ -79.665385938595762, 38.560950605289477 ], [ -79.662473386407584, 38.560656595300465 ] ] ] } },
{ "type": "Feature", "properties": { "County_Nam": "Harrisonburg", "FIPS": 660 }, "geometry": { "type": "Polygon", "coordinates": [ [ [ -78.870990684902139, 38.481123769497749 ], [ -78.857957879243031, 38.475415821369147 ], [ -78.848759783996755, 38.464463996568597 ], [ -78.848595049937984, 38.452475923293726 ], [ -78.834474030361875, 38.455569841930355 ], [ -78.834239531416927, 38.444372140604365 ], [ -78.826075027605043, 38.439838403037172 ], [ -78.823963278896343, 38.434962282104486 ], [ -78.83033644548351, 38.422620608267053 ], [ -78.827166752767056, 38.420481435853766 ], [ -78.851028980968053, 38.413893172374223 ], [ -78.858316178656636, 38.415769889766729 ], [ -78.861778121537697, 38.41324167427836 ], [ -78.882300415080607, 38.412287865024538 ], [ -78.883030088945048, 38.40229689041103 ], [ -78.887242509310013, 38.403827924652376 ], [ -78.889685924758155, 38.390573322592331 ], [ -78.905283755304026, 38.392990303238165 ], [ -78.914542840528384, 38.390046297298333 ], [ -78.917682639712524, 38.396061760664018 ], [ -78.903991116046086, 38.4148539079982 ], [ -78.906484357429875, 38.416315466002686 ], [ -78.906070539554364, 38.422337218753079 ], [ -78.902506099029054, 38.42417657502029 ], [ -78.90903806370153, 38.434249465114618 ], [ -78.915233406529822, 38.437622726098468 ], [ -78.908203063572827, 38.451418402018987 ], [ -78.900212923887594, 38.45915220261103 ], [ -78.888864365955726, 38.455296568412329 ], [ -78.88085048010835, 38.476432916201425 ], [ -78.871636702584567, 38.489677457174913 ], [ -78.870990684902139, 38.481123769497749 ] ] ] } },
{ "type": "Feature", "properties": { "County_Nam": "Greene", "FIPS": 79 }, "geometry": { "type": "Polygon", "coordinates": [ [ [ -78.452925663270491, 38.475769744490051 ], [ -78.444590943472022, 38.460147051794159 ], [ -78.435024384765057, 38.4516270103232 ], [ -78.437396174975873, 38.446634218792241 ], [ -78.434042861686962, 38.435859411502605 ], [ -78.434094602226779, 38.419786696632087 ], [ -78.440842347248392, 38.40998543262544 ], [ -78.436652704281812, 38.395037236339562 ], [ -78.42858275656252, 38.391819090819112 ], [ -78.423834484723301, 38.382962995771535 ], [ -78.42999147863182, 38.367157387392673 ], [ -78.427389767195862, 38.363377896358557 ], [ -78.415944701875787, 38.356127090976493 ], [ -78.408113183976056, 38.340189265738204 ], [ -78.385803670559056, 38.323909007169512 ], [ -78.382483215630003, 38.318108730119611 ], [ -78.36405862908714, 38.316004265461338 ], [ -78.365639328497338, 38.311143669534758 ], [ -78.357413254699807, 38.300524128918241 ], [ -78.365222228162523, 38.300831589784352 ], [ -78.365267315353208, 38.292380049107422 ], [ -78.348360082457106, 38.288436636126917 ], [ -78.349968590715605, 38.277967433484626 ], [ -78.341239197379693, 38.280270703203087 ], [ -78.332659393880888, 38.271902565112583 ], [ -78.324566933737259, 38.272672976330192 ], [ -78.319665053400342, 38.268631815679193 ], [ -78.314983412287788, 38.272786830676019 ], [ -78.303568408928697, 38.269555177257175 ], [ -78.304920535770179, 38.2744269213295 ], [ -78.297831522560159, 38.274455477162235 ], [ -78.296042438024386, 38.277375165575776 ], [ -78.28703392505038, 38.27146608416232 ], [ -78.369792252590472, 38.184811395073567 ], [ -78.581754846542637, 38.24969387312008 ], [ -78.663146290702656, 38.277954290884487 ], [ -78.652001909609567, 38.293580021936847 ], [ -78.634971861655529, 38.291961263779541 ], [ -78.62860374808325, 38.300004828319544 ], [ -78.60305905114113, 38.306752313628323 ], [ -78.601304841077024, 38.314548850266931 ], [ -78.58819667865103, 38.324702621674511 ], [ -78.567085384727491, 38.328387848021492 ], [ -78.551476943963436, 38.336433744635542 ], [ -78.554002415705924, 38.349063381542805 ], [ -78.546966670230191, 38.352817003483104 ], [ -78.543428557563885, 38.358761541569578 ], [ -78.544624861155043, 38.362855653482512 ], [ -78.522666487848454, 38.369689154948553 ], [ -78.526425165029138, 38.372494709043806 ], [ -78.518403659930186, 38.381631849881131 ], [ -78.515767552988109, 38.393088643606958 ], [ -78.507648602353427, 38.393593476767045 ], [ -78.493090137865124, 38.406582082018048 ], [ -78.494232579593699, 38.409493733375321 ], [ -78.486810651176995, 38.415917375115086 ], [ -78.482440156221998, 38.429803364462607 ], [ -78.476637634449204, 38.432047829490422 ], [ -78.477907462702888, 38.438469136172642 ], [ -78.474442524312522, 38.44573376160627 ], [ -78.464986670922798, 38.447036608210489 ], [ -78.462733092164001, 38.459480909267477 ], [ -78.452925663270491, 38.475769744490051 ] ] ] } },
{ "type": "Feature", "properties": { "County_Nam": "Augusta", "FIPS": 15 }, "geometry": { "type": "Polygon", "coordinates": [ [ [ -79.261607932182898, 38.447442054746205 ], [ -79.254412517072254, 38.45600816258262 ], [ -79.242750810299, 38.454135251923525 ], [ -79.239946068613321, 38.470237176828078 ], [ -79.224348648884003, 38.477921493877872 ], [ -78.913085962636416, 38.303700090916166 ], [ -78.89409617563058, 38.30681012082281 ], [ -78.888130474992778, 38.303792641526812 ], [ -78.878434044947383, 38.297867402737026 ], [ -78.87200703358053, 38.288887806185329 ], [ -78.863956153521372, 38.285910925819692 ], [ -78.749379292789413, 38.206649344097279 ], [ -78.752721698142338, 38.194206117204146 ], [ -78.771899263086425, 38.166053660387959 ], [ -78.771592725943208, 38.154821715659907 ], [ -78.775510241649627, 38.141017209802385 ], [ -78.779148355372129, 38.139724499340296 ], [ -78.779573193276434, 38.132081149188139 ], [ -78.788165552961075, 38.126565860151203 ], [ -78.78522786736886, 38.119895806143781 ], [ -78.787624316537602, 38.117426854702671 ], [ -78.780536642860227, 38.112723707621093 ], [ -78.77883037755862, 38.106590271945272 ], [ -78.783936858317759, 38.100926344312185 ], [ -78.777303501404077, 38.093352800272477 ], [ -78.780983783055675, 38.081622077537084 ], [ -78.794058124586257, 38.077779324076324 ], [ -78.793338764004019, 38.069733316775448 ], [ -78.79667188917216, 38.067392916380676 ], [ -78.830128990609467, 38.054122459051428 ], [ -78.855465274468287, 38.035578937341228 ], [ -78.858116603537169, 38.029470104795351 ], [ -78.874073941683505, 38.028259850407444 ], [ -78.881997548011412, 38.017882342738176 ], [ -78.881767395446957, 38.008593967016886 ], [ -78.887923363926916, 37.996535966009624 ], [ -78.897431988416542, 37.995000074722796 ], [ -78.907094690591308, 37.987283382642495 ], [ -78.907662539704987, 37.976045149544376 ], [ -78.893864954611573, 37.977201685114736 ], [ -78.892609059925903, 37.974626525204435 ], [ -78.902468200070444, 37.957774203347959 ], [ -78.902328662430833, 37.951504816535532 ], [ -78.899031101479522, 37.948875936200864 ], [ -78.910213331983542, 37.945270288615603 ], [ -78.91990487537258, 37.946289370389088 ], [ -78.925858925445795, 37.940158788173783 ], [ -78.941773707863234, 37.940449917748566 ], [ -78.956904644576042, 37.925807834474909 ], [ -78.959167776712121, 37.920358412766468 ], [ -78.954781973592574, 37.916425620242862 ], [ -78.970344757364771, 37.91271636073769 ], [ -78.980677103131214, 37.906588192061896 ], [ -78.987502754681358, 37.895808622688811 ], [ -79.005150961093563, 37.881759698704712 ], [ -79.014734859646495, 37.886422734670553 ], [ -79.017423423625161, 37.893586477073036 ], [ -79.044605908662504, 37.89091043241914 ], [ -79.045738796376213, 37.897739700009772 ], [ -79.050266231514996, 37.900006666132953 ], [ -79.052393371568485, 37.912940204163867 ], [ -79.057162357714105, 37.912856574879683 ], [ -79.062622157304943, 37.917599406603443 ], [ -79.069056140743513, 37.91329618731065 ], [ -79.076665188689404, 37.914986859339166 ], [ -79.092367159651673, 37.910621433817902 ], [ -79.105716303619189, 37.901235201848031 ], [ -79.107895792812243, 37.903535260995994 ], [ -79.116285620781667, 37.901899333360902 ], [ -79.122618506974177, 37.895880900092493 ], [ -79.146106516545487, 37.888883885059634 ], [ -79.150723163744445, 37.892665992615136 ], [ -79.157750532249139, 37.891196888762373 ], [ -79.184255721897955, 37.914457767530642 ], [ -79.337201146922467, 37.99980818543213 ], [ -79.48244449317022, 38.086086851969682 ], [ -79.493270968132279, 38.095412602079655 ], [ -79.469970852366714, 38.12377690048563 ], [ -79.445369450158339, 38.147300361841111 ], [ -79.436749804749979, 38.162046125865032 ], [ -79.439346239636578, 38.165072963735213 ], [ -79.445837225159977, 38.168447367115981 ], [ -79.458786139710327, 38.163109938506487 ], [ -79.483432735954736, 38.170401050055183 ], [ -79.497171851460223, 38.164524827446876 ], [ -79.509296289379535, 38.1549491909485 ], [ -79.527417426004916, 38.151904410663228 ], [ -79.533236922647163, 38.154331710701136 ], [ -79.533385075936877, 38.15699513505934 ], [ -79.521642085138069, 38.162538402998138 ], [ -79.527242111332924, 38.170913937763018 ], [ -79.511727534110705, 38.176875495619974 ], [ -79.512228141696653, 38.181958160380475 ], [ -79.504454355533923, 38.185760671720658 ], [ -79.503089612659494, 38.191144746619457 ], [ -79.492170274856974, 38.195351071356541 ], [ -79.495789360941316, 38.20108420636118 ], [ -79.483482202652908, 38.205392570089906 ], [ -79.477228426932058, 38.211089526728848 ], [ -79.480887531000619, 38.216965695703728 ], [ -79.464706577228029, 38.222235366730409 ], [ -79.438294963231456, 38.216241426694246 ], [ -79.433741670004139, 38.229495493437966 ], [ -79.42276435111242, 38.232427843383789 ], [ -79.418422221940844, 38.240179562690031 ], [ -79.409637261766861, 38.243136052679446 ], [ -79.399735992497142, 38.260471859922951 ], [ -79.407208976440359, 38.269034929300624 ], [ -79.40610708741805, 38.275250182509545 ], [ -79.408810673561348, 38.278363618674248 ], [ -79.401790212655357, 38.28696309150525 ], [ -79.400797267557721, 38.293061628794689 ], [ -79.391400865948739, 38.292450864090213 ], [ -79.387852902159821, 38.308979843221017 ], [ -79.382453351631085, 38.313383589466952 ], [ -79.381678385131409, 38.318406591115888 ], [ -79.370966513628801, 38.330159625718238 ], [ -79.363585722933877, 38.330903422671049 ], [ -79.367691052701886, 38.335537114307911 ], [ -79.36180079308852, 38.343394198088248 ], [ -79.356652357668551, 38.344698298222227 ], [ -79.354592352244566, 38.352421368316662 ], [ -79.337188984026312, 38.360718756926154 ], [ -79.340262395811365, 38.366472423747851 ], [ -79.333467359583921, 38.37684751195971 ], [ -79.325111221770968, 38.381331250731364 ], [ -79.316215611909541, 38.378773282240182 ], [ -79.3086362764884, 38.382889458042918 ], [ -79.308594363185804, 38.393698734662252 ], [ -79.322811541951836, 38.401500538072327 ], [ -79.321238802451589, 38.406255497396579 ], [ -79.290791322986067, 38.421034920478526 ], [ -79.283052120124822, 38.418188894335024 ], [ -79.279758239484821, 38.423943061125833 ], [ -79.282734776714634, 38.431746280207477 ], [ -79.267395335698097, 38.438305484108483 ], [ -79.261607932182898, 38.447442054746205 ] ], [ [ -78.929561405528574, 38.090067227215471 ], [ -78.935210867897183, 38.077834730143699 ], [ -78.95056160471043, 38.069905586511062 ], [ -78.951137475035466, 38.06445014540239 ], [ -78.942803385126311, 38.060938339409347 ], [ -78.949939225839643, 38.056987209601253 ], [ -78.946945844848258, 38.052052721461123 ], [ -78.938508591565551, 38.052453334164511 ], [ -78.935450043777877, 38.048173769021865 ], [ -78.930127033432967, 38.049460113542693 ], [ -78.921554693758694, 38.032195565621592 ], [ -78.908275630988101, 38.042497437149073 ], [ -78.901559952619124, 38.04305870286791 ], [ -78.900118956543963, 38.044592870866985 ], [ -78.904863856316695, 38.048254318198573 ], [ -78.901943323152466, 38.050589875713143 ], [ -78.882676261720988, 38.053233205245803 ], [ -78.867487113086625, 38.047785210856553 ], [ -78.865387594581932, 38.062361356866305 ], [ -78.855990442482039, 38.069313778984096 ], [ -78.85885893504485, 38.070521088329691 ], [ -78.855648062192287, 38.074499982903298 ], [ -78.865421637185378, 38.082542047142361 ], [ -78.862635641167344, 38.089961592059041 ], [ -78.86780912761057, 38.091660227204805 ], [ -78.864632719678596, 38.095606705285185 ], [ -78.87203432593455, 38.092196414632674 ], [ -78.879847550644385, 38.092906577855004 ], [ -78.890505034864844, 38.098471619785641 ], [ -78.894871297725828, 38.096619771477755 ], [ -78.904387078584207, 38.100199210670397 ], [ -78.916623001179474, 38.090657577185226 ], [ -78.92010821374096, 38.092689466357363 ], [ -78.922047201208116, 38.088949556545103 ], [ -78.929561405528574, 38.090067227215471 ] ], [ [ -79.060872366745897, 38.127076948039132 ], [ -79.050088543233457, 38.122050173611569 ], [ -79.031155478244216, 38.133795262919286 ], [ -79.020883391423908, 38.145974678995145 ], [ -79.015136122228981, 38.169865444907096 ], [ -79.026413208794708, 38.177269832468674 ], [ -79.022866305057818, 38.182161004956832 ], [ -79.014103945881558, 38.182646140044092 ], [ -79.027620186244732, 38.192608267591474 ], [ -79.026057437315515, 38.196363959938679 ], [ -79.036728890444891, 38.199045743985963 ], [ -79.047357989098558, 38.1900141127851 ], [ -79.061625379842809, 38.186484997567277 ], [ -79.091287725353411, 38.186214150875003 ], [ -79.098191126751871, 38.182581720892088 ], [ -79.103804828511997, 38.174089695309839 ], [ -79.11335560145352, 38.154578703828321 ], [ -79.104796093392437, 38.138949698115823 ], [ -79.086150853811688, 38.127067695833354 ], [ -79.072495527329011, 38.128033803174361 ], [ -79.070169444055537, 38.131753511478436 ], [ -79.060872366745897, 38.127076948039132 ] ] ] } },
{ "type": "Feature", "properties": { "County_Nam": "King George", "FIPS": 99 }, "geometry": { "type": "Polygon", "coordinates": [ [ [ -77.201647946751791, 38.340409328491482 ], [ -77.179538651104522, 38.341223626632519 ], [ -77.163366288279903, 38.345587191431449 ], [ -77.138389391029762, 38.367748233748458 ], [ -77.084730330344669, 38.368399957344714 ], [ -77.07078615873634, 38.377698684101929 ], [ -77.056702330227068, 38.395991078708853 ], [ -77.043973660550378, 38.400886022457335 ], [ -77.011566851048968, 38.374535883777625 ], [ -77.016296949306621, 38.370521292588201 ], [ -77.0145532056154, 38.36076087883206 ], [ -77.017094526019818, 38.341127287481996 ], [ -77.014685823694307, 38.332770470374591 ], [ -77.030615301812105, 38.311639573509581 ], [ -77.026077665628918, 38.302432233156807 ], [ -77.017485166802828, 38.299057116714785 ], [ -76.99746509322155, 38.278156323297196 ], [ -77.007135245241415, 38.277500073801889 ], [ -77.014089579256179, 38.269685341372863 ], [ -77.028060433377462, 38.268669563752077 ], [ -77.033670320704005, 38.264377739067193 ], [ -77.034511832096968, 38.258492421358497 ], [ -77.044690517253841, 38.26036088363584 ], [ -77.048469388398757, 38.182794387477308 ], [ -77.051667688015556, 38.176281965414965 ], [ -77.06414357157378, 38.17200362375106 ], [ -77.064717112278828, 38.165798320003709 ], [ -77.061500540625772, 38.162254878874833 ], [ -77.069225621392803, 38.158473890762501 ], [ -77.067175461018394, 38.148205667903156 ], [ -77.071158045002022, 38.14258904230843 ], [ -77.077230151532376, 38.14148600566191 ], [ -77.081363081870194, 38.145084873147859 ], [ -77.083412003984307, 38.158186875375286 ], [ -77.08762077974356, 38.160986660215535 ], [ -77.096132587602867, 38.161141325768583 ], [ -77.116862419681397, 38.149829708445509 ], [ -77.129291831168374, 38.162612459029702 ], [ -77.147167376966834, 38.169522684516252 ], [ -77.171918096894288, 38.166120598046092 ], [ -77.188753491180549, 38.175183778286033 ], [ -77.218582618198155, 38.199304588116107 ], [ -77.231115762249175, 38.198589322751324 ], [ -77.228778776064459, 38.190023807563612 ], [ -77.232612849834084, 38.186472693929602 ], [ -77.253622122087677, 38.189166305324328 ], [ -77.253927598254364, 38.195368938901638 ], [ -77.24133295216825, 38.212334409822454 ], [ -77.251494150140076, 38.229864169191877 ], [ -77.22666189620746, 38.23593850183164 ], [ -77.22421487312478, 38.240129938672865 ], [ -77.226608326033514, 38.243693369279733 ], [ -77.245774656321487, 38.245386852373059 ], [ -77.251734042342733, 38.251170165404076 ], [ -77.271497371588822, 38.249527636492985 ], [ -77.277045546683013, 38.242981873220543 ], [ -77.277122622395694, 38.226806001993573 ], [ -77.292369666087069, 38.223472469468994 ], [ -77.294455053708077, 38.227063053279153 ], [ -77.290457954744241, 38.236305111603308 ], [ -77.292241201468244, 38.241519055356484 ], [ -77.297859237579573, 38.242211107668339 ], [ -77.310278203776093, 38.234713554632783 ], [ -77.318768737892455, 38.242516042060892 ], [ -77.32665144516929, 38.24505417363968 ], [ -77.328996553143639, 38.253315511254961 ], [ -77.345637099093125, 38.261183668811611 ], [ -77.343306057741898, 38.267992779087564 ], [ -77.347591189601573, 38.272268254166733 ], [ -77.339302279574895, 38.287486193398003 ], [ -77.33946250898353, 38.302882196241406 ], [ -77.336215483627399, 38.302618043505866 ], [ -77.334857056903047, 38.312381094896992 ], [ -77.327153889981517, 38.318724541645174 ], [ -77.330560431183684, 38.334776877444099 ], [ -77.321775423954222, 38.33787963790386 ], [ -77.321214035213572, 38.345265940470632 ], [ -77.289386321312577, 38.348536455175257 ], [ -77.280021231439164, 38.339289319367687 ], [ -77.268793253029088, 38.33375382315009 ], [ -77.245016671566248, 38.330985730933833 ], [ -77.201647946751791, 38.340409328491482 ] ] ] } },
{ "type": "Feature", "properties": { "County_Nam": "Orange", "FIPS": 137 }, "geometry": { "type": "Polygon", "coordinates": [ [ [ -77.972458702777999, 38.359150976863205 ], [ -77.958125729108474, 38.353675636642215 ], [ -77.95056778659675, 38.360357556441414 ], [ -77.921776393597369, 38.364728023058596 ], [ -77.911923928892662, 38.370279966068672 ], [ -77.908284790417966, 38.382181893180004 ], [ -77.891227446817794, 38.389005484421851 ], [ -77.886689949127344, 38.387986704293141 ], [ -77.883483302272268, 38.378605617239259 ], [ -77.854121196439422, 38.382270896516758 ], [ -77.84109538794452, 38.377506102427816 ], [ -77.835613241401646, 38.382076216905268 ], [ -77.827288542167949, 38.382079234572771 ], [ -77.804436122091531, 38.377272291123838 ], [ -77.781858614304653, 38.364264365968154 ], [ -77.775598932154665, 38.364908374725957 ], [ -77.775482038651134, 38.369821507388622 ], [ -77.787720337590429, 38.376716246311048 ], [ -77.782097266876946, 38.3857876595535 ], [ -77.771227658761106, 38.392928831174082 ], [ -77.744748757877119, 38.383087329941418 ], [ -77.750637378686079, 38.3773450893122 ], [ -77.733276473236472, 38.375868275532 ], [ -77.702637592882638, 38.360847519089333 ], [ -77.707687949743487, 38.358726223379172 ], [ -77.705070811297546, 38.355588113428027 ], [ -77.709491106763068, 38.355260757038685 ], [ -77.707880595057745, 38.352315672290231 ], [ -77.713147880846165, 38.351437019943454 ], [ -77.712477800350726, 38.345478908804445 ], [ -77.718779212707275, 38.341179311291107 ], [ -77.714783317087111, 38.336190291072995 ], [ -77.719799188959414, 38.335456833168436 ], [ -77.726715492869275, 38.323853475829907 ], [ -77.834194619004734, 38.229570273691607 ], [ -77.874890040166235, 38.1886348315033 ], [ -77.955078630721346, 38.117317130420908 ], [ -77.968786721259121, 38.122602379794678 ], [ -77.983466779116043, 38.120712069559637 ], [ -77.990493784719746, 38.125159762926259 ], [ -77.989803599250934, 38.127871248793291 ], [ -77.996644542982622, 38.135183869714226 ], [ -78.005341277743199, 38.139349179615223 ], [ -78.021396338176672, 38.141973087120732 ], [ -78.024610668380106, 38.136475480745553 ], [ -78.029964719546243, 38.139738471866174 ], [ -78.03893340234184, 38.134875581935894 ], [ -78.047443990766666, 38.135794560952093 ], [ -78.069825791094345, 38.143085432544162 ], [ -78.075666720034249, 38.14124767621314 ], [ -78.0807671597628, 38.146965525784474 ], [ -78.101747912531252, 38.152494067620772 ], [ -78.11215786965019, 38.147691126069304 ], [ -78.116906169648658, 38.140055716478344 ], [ -78.13359138868249, 38.138467062560963 ], [ -78.144888420681895, 38.142642436879612 ], [ -78.150339776963079, 38.138045562105638 ], [ -78.163718566752721, 38.136622453900387 ], [ -78.171235906340328, 38.129932802884298 ], [ -78.187302266804352, 38.127582986403326 ], [ -78.369792252590472, 38.184811395073567 ], [ -78.28703392505038, 38.27146608416232 ], [ -78.267838401586616, 38.263705655464136 ], [ -78.269550093272585, 38.260450702468184 ], [ -78.266811636819625, 38.259292833764306 ], [ -78.272259082977655, 38.251771481085989 ], [ -78.266075438175903, 38.249583603193337 ], [ -78.261710094264842, 38.242394386128808 ], [ -78.252671369634399, 38.239992410479239 ], [ -78.250759203282072, 38.233856266856044 ], [ -78.237977705996272, 38.234471309166167 ], [ -78.232214032102647, 38.230540275402255 ], [ -78.220920002456452, 38.230067367640338 ], [ -78.217344886849659, 38.242386377031174 ], [ -78.205822229405484, 38.241256150131875 ], [ -78.177681798289413, 38.254283945984646 ], [ -78.176340272528975, 38.262897060800874 ], [ -78.182427370540793, 38.261840006842874 ], [ -78.182866758554212, 38.267616466307345 ], [ -78.173597598285781, 38.26882733818141 ], [ -78.169818302983089, 38.263807902849145 ], [ -78.167649613846308, 38.26928106982831 ], [ -78.15222385947952, 38.265922168821618 ], [ -78.158546036828895, 38.273634995640755 ], [ -78.153842408899393, 38.281658254448168 ], [ -78.14850669396958, 38.284049545048802 ], [ -78.144583355117916, 38.283127850540751 ], [ -78.147496054868398, 38.279954981906592 ], [ -78.145972945875926, 38.276184984138496 ], [ -78.136726477150432, 38.282342919873379 ], [ -78.127673807504351, 38.282391205778552 ], [ -78.124218085992027, 38.278415716487615 ], [ -78.120330620755794, 38.287708742262296 ], [ -78.11169107715007, 38.28878536770236 ], [ -78.104537666584108, 38.297556452677007 ], [ -78.095959889571546, 38.301941207182885 ], [ -78.095833977955451, 38.310944798963497 ], [ -78.088512498590148, 38.311187591519051 ], [ -78.083257100745541, 38.315736064976967 ], [ -78.076349241341319, 38.316151906510385 ], [ -78.068584212075464, 38.308355284156036 ], [ -78.053551687735435, 38.317811436922341 ], [ -78.047932313363972, 38.31296659347381 ], [ -78.035112971002462, 38.312646218241873 ], [ -78.035656342523637, 38.320709033326942 ], [ -78.030316028670256, 38.328316052004432 ], [ -78.016582354959283, 38.331616574538494 ], [ -77.993818174144621, 38.349394970357274 ], [ -77.9755634050764, 38.347238271021766 ], [ -77.97626662773844, 38.355306375055989 ], [ -77.972458702777999, 38.359150976863205 ] ] ] } },
{ "type": "Feature", "properties": { "County_Nam": "Spotsylvania", "FIPS": 177 }, "geometry": { "type": "Polygon", "coordinates": [ [ [ -77.702637592882638, 38.360847519089333 ], [ -77.695445843152839, 38.356472104026629 ], [ -77.679628246488065, 38.359952289676116 ], [ -77.67155391387233, 38.370507180523639 ], [ -77.641700148111283, 38.377315317755844 ], [ -77.637049615377492, 38.371676130364101 ], [ -77.642834668697333, 38.369050015164404 ], [ -77.644474394566956, 38.362791558858184 ], [ -77.639821693754854, 38.359157257898495 ], [ -77.633168706859195, 38.360433183594239 ], [ -77.627005627095031, 38.368883325794677 ], [ -77.61258191543989, 38.364146564034463 ], [ -77.60268983817339, 38.348959259072828 ], [ -77.607153301960921, 38.338029824064165 ], [ -77.602394461804039, 38.332720434261795 ], [ -77.593585213162299, 38.336916194244317 ], [ -77.584679204907502, 38.346834928451983 ], [ -77.568326990469814, 38.346761862922982 ], [ -77.568506700089372, 38.336184390770292 ], [ -77.55873913341911, 38.334023780760141 ], [ -77.545547998373777, 38.32520602919714 ], [ -77.539606669805067, 38.312918634143607 ], [ -77.53018060739403, 38.309220923370091 ], [ -77.532633066420587, 38.308550770637773 ], [ -77.514646319100294, 38.305396785389171 ], [ -77.517150731915436, 38.294890993522841 ], [ -77.507396972350989, 38.292054412488866 ], [ -77.511685771750621, 38.279965261518917 ], [ -77.501548246762837, 38.279078125534014 ], [ -77.494589473986792, 38.282334959676632 ], [ -77.494729106731114, 38.274028848377114 ], [ -77.473966124834149, 38.269449839383384 ], [ -77.467397852407572, 38.279292522941709 ], [ -77.460771859429997, 38.27789545359515 ], [ -77.457706166987691, 38.27113427362341 ], [ -77.450410482709628, 38.274787524623761 ], [ -77.454676906637175, 38.283623220236699 ], [ -77.446813396990024, 38.284143469683826 ], [ -77.438625485095386, 38.281272967427206 ], [ -77.434676463176928, 38.271601101430619 ], [ -77.4239739101304, 38.266186677774009 ], [ -77.41830320545165, 38.256437143209688 ], [ -77.405477908435898, 38.253984163919235 ], [ -77.388608038859104, 38.244750615725636 ], [ -77.377214736342793, 38.250023495940177 ], [ -77.367259200584257, 38.243493877455144 ], [ -77.499190324540351, 38.124652347627901 ], [ -77.566887081445401, 38.068129059044828 ], [ -77.642297687687275, 37.99224270872007 ], [ -77.649540549152078, 37.994152128765322 ], [ -77.659602379891822, 37.991987679080388 ], [ -77.660956680318392, 37.997561572218302 ], [ -77.667179985443866, 37.997055621818994 ], [ -77.670439589458994, 38.003306974106444 ], [ -77.677046671178431, 38.006549128417646 ], [ -77.694829055637726, 38.007124955918172 ], [ -77.700115544742587, 38.012581073450242 ], [ -77.711320197642081, 38.012701593740644 ], [ -77.719829985484523, 38.016690299765393 ], [ -77.722821639790993, 38.023171546256073 ], [ -77.731089736330901, 38.02090283546864 ], [ -77.728156879969248, 38.026683488608867 ], [ -77.732029025361896, 38.031369002754211 ], [ -77.739902798129478, 38.032839087899802 ], [ -77.747293956340243, 38.023877013656694 ], [ -77.748714468238276, 38.036823095745447 ], [ -77.740863974965634, 38.037925503488218 ], [ -77.748129777390531, 38.042373575492263 ], [ -77.745544729126081, 38.051246032289505 ], [ -77.750017713620082, 38.052677677327225 ], [ -77.756095091949931, 38.048318463215914 ], [ -77.76421400452314, 38.053376162833338 ], [ -77.769690735324318, 38.05219747568507 ], [ -77.77180802400764, 38.057310382406484 ], [ -77.784650399814481, 38.063521004612511 ], [ -77.782628071826139, 38.067997427747599 ], [ -77.786458923903581, 38.076448236906963 ], [ -77.810879340868965, 38.079772208750029 ], [ -77.813289710739056, 38.085944974701647 ], [ -77.819340422978357, 38.087642432522507 ], [ -77.81983384873898, 38.092604145928995 ], [ -77.835945486171269, 38.101379365364899 ], [ -77.837615747712533, 38.106073781940836 ], [ -77.844994097262287, 38.104539231959372 ], [ -77.843095116198114, 38.101404692345717 ], [ -77.846256923747845, 38.098408849474204 ], [ -77.851329785151052, 38.104390055347089 ], [ -77.857420348743048, 38.10009740116255 ], [ -77.860271082939491, 38.105605175590327 ], [ -77.873830274464297, 38.106346274149523 ], [ -77.888439368075836, 38.113209249069499 ], [ -77.902315153521982, 38.108037751674587 ], [ -77.912401400653479, 38.111450510070163 ], [ -77.916615527994892, 38.118450178960771 ], [ -77.929296985932424, 38.11352140341328 ], [ -77.947483251998634, 38.120044330846923 ], [ -77.954855294389816, 38.117412849825065 ], [ -77.874890040166235, 38.1886348315033 ], [ -77.834194619004734, 38.229570273691607 ], [ -77.726715492869275, 38.323853475829907 ], [ -77.719799188959414, 38.335456833168436 ], [ -77.714783317087111, 38.336190291072995 ], [ -77.718779212707275, 38.341179311291107 ], [ -77.712477800350726, 38.345478908804445 ], [ -77.713147880846165, 38.351437019943454 ], [ -77.707880595057745, 38.352315672290231 ], [ -77.709491106763068, 38.355260757038685 ], [ -77.705070811297546, 38.355588113428027 ], [ -77.707687949743487, 38.358726223379172 ], [ -77.702637592882638, 38.360847519089333 ] ] ] } },
{ "type": "Feature", "properties": { "County_Nam": "Fredericksburg", "FIPS": 630 }, "geometry": { "type": "Polygon", "coordinates": [ [ [ -77.53018060739403, 38.309220923370091 ], [ -77.526043283334445, 38.31015259216376 ], [ -77.527562268557361, 38.320364639393361 ], [ -77.512069789005253, 38.325477592230023 ], [ -77.498451717105112, 38.325457721892235 ], [ -77.481206006303893, 38.316570284719802 ], [ -77.476219854984834, 38.320158236032555 ], [ -77.468117915275343, 38.319112668962426 ], [ -77.446813396990024, 38.284143469683826 ], [ -77.454676906637175, 38.283623220236699 ], [ -77.450410482709628, 38.274787524623761 ], [ -77.457706166987691, 38.27113427362341 ], [ -77.464568072341024, 38.279716952188259 ], [ -77.473966124834149, 38.269449839383384 ], [ -77.494729106731114, 38.274028848377114 ], [ -77.494589473986792, 38.282334959676632 ], [ -77.501548246762837, 38.279078125534014 ], [ -77.511685771750621, 38.279965261518917 ], [ -77.507396972350989, 38.292054412488866 ], [ -77.517150731915436, 38.294890993522841 ], [ -77.514646319100294, 38.305396785389171 ], [ -77.532633066420587, 38.308550770637773 ], [ -77.53018060739403, 38.309220923370091 ] ] ] } },
{ "type": "Feature", "properties": { "County_Nam": "Westmoreland", "FIPS": 193 }, "geometry": { "type": "Polygon", "coordinates": [ [ [ -76.640431779784265, 38.153327525816195 ], [ -76.605037953433367, 38.148716792871085 ], [ -76.610311093725272, 38.148234618359986 ], [ -76.600624181364566, 38.114022499363202 ], [ -76.594391281143061, 38.10580267989976 ], [ -76.58060469380878, 38.095715184840017 ], [ -76.535653018944743, 38.074844220474318 ], [ -76.533988650154683, 38.063222349748436 ], [ -76.51615406875051, 38.044690427847321 ], [ -76.516574294950118, 38.034785189184817 ], [ -76.538630656572437, 38.032015899041163 ], [ -76.552559932624035, 38.025614508065374 ], [ -76.572482240597523, 38.027030623689086 ], [ -76.574605603405473, 38.023640705064231 ], [ -76.571590735050478, 38.022833886578113 ], [ -76.572690604317273, 38.01828159016452 ], [ -76.581068587334329, 38.013888530634873 ], [ -76.58816177223045, 38.004983642584818 ], [ -76.615847084704313, 38.001912013342789 ], [ -76.632149517919942, 37.977701798156616 ], [ -76.634558564205136, 37.966380942554082 ], [ -76.638969026754424, 37.96523365768811 ], [ -76.64788663032131, 37.968236240077729 ], [ -76.656378401883444, 37.982062900738121 ], [ -76.671243106213794, 37.984925737346934 ], [ -76.681942505285448, 37.980808050347527 ], [ -76.689422305443188, 37.984819298460827 ], [ -76.700583976379278, 37.984604420077318 ], [ -76.728701972605421, 37.999280380354506 ], [ -76.743313304295413, 37.998668237243258 ], [ -76.748938184370502, 37.994898927310089 ], [ -76.765665538763727, 38.001624209706513 ], [ -76.758770768885086, 38.010734939332785 ], [ -76.760031339421161, 38.018971021632524 ], [ -76.755518154746881, 38.025333308914078 ], [ -76.757426457955958, 38.030748011540169 ], [ -76.768011719465818, 38.034662727664177 ], [ -76.797381969734786, 38.05854042119563 ], [ -76.814359710779016, 38.058815820212573 ], [ -76.816250795399739, 38.063337568749148 ], [ -76.822787821728383, 38.065128856405366 ], [ -76.863028442305492, 38.102319959337244 ], [ -76.868019665129751, 38.11696571270862 ], [ -76.877009845483855, 38.124360613839286 ], [ -76.911553050469536, 38.097332115020208 ], [ -76.937804073269277, 38.084727528403278 ], [ -76.93457567340576, 38.082014173576475 ], [ -76.936862763949208, 38.077511277342943 ], [ -76.985139984434653, 38.087906975130167 ], [ -76.990561974963356, 38.094902752214068 ], [ -76.988074196943856, 38.105528801877512 ], [ -76.998934332346408, 38.110089028656425 ], [ -77.004229066880896, 38.108935436918074 ], [ -77.014800270766003, 38.093755071529955 ], [ -77.032018510869307, 38.091277664888771 ], [ -77.034268055449274, 38.101106168087476 ], [ -77.051973348249646, 38.112364162810842 ], [ -77.052454525504359, 38.144548602277503 ], [ -77.06472336447851, 38.166676804351695 ], [ -77.062290619769215, 38.174577365119909 ], [ -77.051667688015556, 38.176281965414965 ], [ -77.048469388398757, 38.182794387477308 ], [ -77.044690517253841, 38.26036088363584 ], [ -77.034511832096968, 38.258492421358497 ], [ -77.033670320704005, 38.264377739067193 ], [ -77.028060433377462, 38.268669563752077 ], [ -77.014089579256179, 38.269685341372863 ], [ -77.007135245241415, 38.277500073801889 ], [ -76.99746509322155, 38.278156323297196 ], [ -76.990126111577482, 38.274379293388272 ], [ -76.981335886731756, 38.274609241817934 ], [ -76.961755148523935, 38.256596205351798 ], [ -76.956844855938343, 38.237790636630109 ], [ -76.962198308296777, 38.230172275108757 ], [ -76.949009856502286, 38.208503572295371 ], [ -76.93593573167685, 38.202168714933762 ], [ -76.911028286373451, 38.197526039617138 ], [ -76.876555576716868, 38.172908640097276 ], [ -76.858590159931552, 38.171022646996448 ], [ -76.838784062132717, 38.163670162704157 ], [ -76.787343786506355, 38.1693172792844 ], [ -76.640431779784265, 38.153327525816195 ] ] ] } },
{ "type": "Feature", "properties": { "County_Nam": "Albemarle", "FIPS": 3 }, "geometry": { "type": "Polygon", "coordinates": [ [ [ -78.662198805040504, 38.263800611955773 ], [ -78.666281527971037, 38.2660781042593 ], [ -78.660559416236183, 38.270270137663502 ], [ -78.663146290702656, 38.277954290884487 ], [ -78.581754846542637, 38.24969387312008 ], [ -78.34469832852055, 38.178025436966074 ], [ -78.208019762308638, 38.132649133916615 ], [ -78.254253620851983, 38.063883815670273 ], [ -78.49693231902603, 37.793472141842493 ], [ -78.498814217179643, 37.785922886411825 ], [ -78.495346739617574, 37.770408620451285 ], [ -78.498910008870652, 37.762415264082016 ], [ -78.511560852139752, 37.757468593011957 ], [ -78.545768272379277, 37.763960947887746 ], [ -78.585179600775149, 37.755375009082719 ], [ -78.612212354414027, 37.756124905280757 ], [ -78.639803117102218, 37.739097168798743 ], [ -78.644048399712858, 37.733143838145132 ], [ -78.657066922442979, 37.729343723155637 ], [ -78.658408787185607, 37.72291927240309 ], [ -78.661486731916426, 37.72258032750247 ], [ -78.685786766166103, 37.736934102671952 ], [ -78.683521620165379, 37.759711500612269 ], [ -78.670535789896874, 37.756930457613208 ], [ -78.667613980066633, 37.759586789620045 ], [ -78.683945887673374, 37.773650384738005 ], [ -78.693436997105863, 37.771388941996335 ], [ -78.689405715072539, 37.778244875207747 ], [ -78.682474610268272, 37.781439382884301 ], [ -78.68714784779884, 37.784319916991819 ], [ -78.700005992203572, 37.811536568643454 ], [ -78.839342887220567, 38.047623978953943 ], [ -78.82215445482106, 38.059125108711292 ], [ -78.79667188917216, 38.067392916380676 ], [ -78.793338764004019, 38.069733316775448 ], [ -78.794058124586257, 38.077779324076324 ], [ -78.781539078764013, 38.081157214100237 ], [ -78.779059339971781, 38.084604177625529 ], [ -78.777303501404077, 38.093352800272477 ], [ -78.783936858317759, 38.100926344312185 ], [ -78.77883037755862, 38.106590271945272 ], [ -78.780536642860227, 38.112723707621093 ], [ -78.787624316537602, 38.117426854702671 ], [ -78.78522786736886, 38.119895806143781 ], [ -78.788165552961075, 38.126565860151203 ], [ -78.779573193276434, 38.132081149188139 ], [ -78.779148355372129, 38.139724499340296 ], [ -78.775510241649627, 38.141017209802385 ], [ -78.771592725943208, 38.154821715659907 ], [ -78.771899263086425, 38.166053660387959 ], [ -78.752721698142338, 38.194206117204146 ], [ -78.751995669795321, 38.202485065422046 ], [ -78.745198777647843, 38.213912714324124 ], [ -78.725860251554892, 38.231995338886719 ], [ -78.711357099609472, 38.238310659645698 ], [ -78.706273528207021, 38.246457069649175 ], [ -78.696769264992639, 38.245969078726382 ], [ -78.68183869189555, 38.254879658440593 ], [ -78.670404227269003, 38.247315767052257 ], [ -78.655202764494419, 38.260404744300665 ], [ -78.662198805040504, 38.263800611955773 ] ], [ [ -78.461253198337559, 38.022640574138222 ], [ -78.455365929147348, 38.021868022714706 ], [ -78.452683651630309, 38.026185520244596 ], [ -78.454823265227745, 38.02991526874559 ], [ -78.461087305911406, 38.028393021793349 ], [ -78.454446433217356, 38.038556708771949 ], [ -78.454654068148216, 38.045599917544898 ], [ -78.457274399937631, 38.049788410617673 ], [ -78.463979353391068, 38.049608800915408 ], [ -78.466182989773188, 38.045764625304209 ], [ -78.472364258160624, 38.049266527136133 ], [ -78.464569613140981, 38.064734962552073 ], [ -78.46702757347316, 38.067923529651424 ], [ -78.472461387711675, 38.06757373720388 ], [ -78.471630034800469, 38.070598204237513 ], [ -78.477375406840395, 38.064703162774144 ], [ -78.484934380159388, 38.069199519458373 ], [ -78.491689033415298, 38.061809935656314 ], [ -78.495087987634989, 38.065208626522306 ], [ -78.50265958341781, 38.06064081095515 ], [ -78.501619020294868, 38.057541376286416 ], [ -78.507746163586859, 38.056218859285131 ], [ -78.517572801012136, 38.041272399700844 ], [ -78.515729576342324, 38.036818826298244 ], [ -78.523828750378868, 38.022328984008873 ], [ -78.519145531091581, 38.016870609115401 ], [ -78.519115041663156, 38.010912346825258 ], [ -78.511846289764563, 38.009643531378138 ], [ -78.503355734074034, 38.010316039139283 ], [ -78.490422197405437, 38.017290956917527 ], [ -78.48407533866984, 38.015452464905003 ], [ -78.482736134783295, 38.011803135337573 ], [ -78.475526997060484, 38.014903969802766 ], [ -78.469813086007633, 38.011672132918854 ], [ -78.461253198337559, 38.022640574138222 ] ] ] } },
{ "type": "Feature", "properties": { "County_Nam": "Caroline", "FIPS": 33 }, "geometry": { "type": "Polygon", "coordinates": [ [ [ -77.32665144516929, 38.24505417363968 ], [ -77.318768737892455, 38.242516042060892 ], [ -77.309963881417644, 38.234629636299282 ], [ -77.298700183554075, 38.241874751379719 ], [ -77.293142087921368, 38.242100665186911 ], [ -77.2903634289069, 38.236933205630393 ], [ -77.294439623600908, 38.226572267578455 ], [ -77.291537154063775, 38.223389612671035 ], [ -77.277122622395694, 38.226806001993573 ], [ -77.277045546683013, 38.242981873220543 ], [ -77.271497371588822, 38.249527636492985 ], [ -77.251734042342733, 38.251170165404076 ], [ -77.245774656321487, 38.245386852373059 ], [ -77.226608326033514, 38.243693369279733 ], [ -77.22421487312478, 38.240129938672865 ], [ -77.22666189620746, 38.23593850183164 ], [ -77.251494150140076, 38.229864169191877 ], [ -77.24133295216825, 38.212334409822454 ], [ -77.253927598254364, 38.195368938901638 ], [ -77.254089845430428, 38.189535780974701 ], [ -77.233364501895821, 38.186260148279196 ], [ -77.228778776064459, 38.190023807563612 ], [ -77.231115762249175, 38.198589322751324 ], [ -77.218582618198155, 38.199304588116107 ], [ -77.174976743309855, 38.167456157619398 ], [ -77.165827747036531, 38.16499864042715 ], [ -77.147167376966834, 38.169522684516252 ], [ -77.129777748553295, 38.162923536856773 ], [ -77.121277141341963, 38.151588281251215 ], [ -77.11599671691485, 38.14985883504032 ], [ -77.114371771043906, 38.133541839147902 ], [ -77.105616679419072, 38.132973798931708 ], [ -77.105539406593962, 38.126392496520069 ], [ -77.116722087966352, 38.120667542355847 ], [ -77.142394971031322, 38.123089960045256 ], [ -77.145193724517654, 38.10911660658337 ], [ -77.143826197913569, 38.09543106512956 ], [ -77.152317189138856, 38.093252741738198 ], [ -77.153329956126612, 38.088219451793528 ], [ -77.165860168189482, 38.08284366221298 ], [ -77.169840307053406, 38.078007793446197 ], [ -77.160084815025613, 38.064769934320715 ], [ -77.14885844877432, 38.061470464803989 ], [ -77.144956640794959, 38.05755880449933 ], [ -77.146782533661849, 38.053961506408797 ], [ -77.130515518435345, 38.045976266927376 ], [ -77.121968451427932, 38.034127885348489 ], [ -77.127333886528461, 38.029241362982098 ], [ -77.131030471079043, 38.020217143504574 ], [ -77.129601070379508, 38.015737393741396 ], [ -77.119314953796476, 38.012976619255021 ], [ -77.113910320784527, 38.016169350012511 ], [ -77.100741600856409, 38.010804902565368 ], [ -77.089052018374673, 38.013581501169568 ], [ -77.082165722249187, 38.002597135514925 ], [ -77.076670231694095, 38.000837999020568 ], [ -77.072623639623643, 37.994727579185174 ], [ -77.076993644194246, 37.99016726324944 ], [ -77.068715766098379, 37.971366638061554 ], [ -77.070201595577274, 37.964919813213655 ], [ -77.072402610508092, 37.968494640525158 ], [ -77.080352537715029, 37.968714708806822 ], [ -77.087671288139575, 37.964259493736591 ], [ -77.096887691402983, 37.963775591201404 ], [ -77.106375829981189, 37.971693755049593 ], [ -77.144239181001581, 37.972144760598283 ], [ -77.165483918788198, 37.965114035850341 ], [ -77.181131387352522, 37.950911324027572 ], [ -77.178791802265181, 37.946584195077968 ], [ -77.183974973811914, 37.941401147835094 ], [ -77.178875090252106, 37.928870831617871 ], [ -77.181637022635613, 37.921651089560598 ], [ -77.186259733814964, 37.92414250821286 ], [ -77.18191035856141, 37.918307304972899 ], [ -77.186517563361605, 37.911319039767832 ], [ -77.174747802547316, 37.904237986717412 ], [ -77.178536571567818, 37.900856194545341 ], [ -77.181792777479103, 37.904612178221278 ], [ -77.187015438187998, 37.901212526556684 ], [ -77.186897235255955, 37.898313054828144 ], [ -77.179632723089284, 37.897307925307061 ], [ -77.180339518499906, 37.892225909839766 ], [ -77.186470973414359, 37.889471779870007 ], [ -77.192083117011478, 37.891732844066382 ], [ -77.198245575013246, 37.88819804225983 ], [ -77.205315747148205, 37.891940626776986 ], [ -77.208812323170235, 37.88843268851906 ], [ -77.204433148016292, 37.887072998131103 ], [ -77.2089216246424, 37.885718211530836 ], [ -77.216298656027035, 37.891175541661795 ], [ -77.211426519491738, 37.895579159345985 ], [ -77.211356772378394, 37.901059377276212 ], [ -77.219739559253412, 37.903866236532174 ], [ -77.226317683233844, 37.898641514695186 ], [ -77.230310978711444, 37.907027511850785 ], [ -77.241138858002444, 37.909849519323572 ], [ -77.245520808659663, 37.904386208028825 ], [ -77.24046439900998, 37.89285802141044 ], [ -77.248372068330568, 37.886367704872121 ], [ -77.247628941560421, 37.876246412855146 ], [ -77.279812404938511, 37.843921082784931 ], [ -77.288041339907778, 37.843644284502595 ], [ -77.290744009089153, 37.8362880541899 ], [ -77.330051164342265, 37.805806479254386 ], [ -77.345451986205319, 37.792378065776298 ], [ -77.345264855816126, 37.7893562520971 ], [ -77.349143014235139, 37.788965819857538 ], [ -77.353771825045598, 37.795546250342277 ], [ -77.362457714728649, 37.797706243417537 ], [ -77.366637466413835, 37.793301426817486 ], [ -77.365807036246096, 37.789040018697733 ], [ -77.37113889948499, 37.787919027559013 ], [ -77.374420706481615, 37.776699232984512 ], [ -77.397284448471012, 37.777427843417783 ], [ -77.405774383966289, 37.782217659807557 ], [ -77.40309935314967, 37.786079502634863 ], [ -77.393422952940696, 37.784289570779919 ], [ -77.390811089061572, 37.786786912469296 ], [ -77.398003556902253, 37.790344291557538 ], [ -77.395451637792476, 37.803484989724979 ], [ -77.402131904293611, 37.805899070585049 ], [ -77.406802411615601, 37.803082328319178 ], [ -77.422641803725156, 37.809344667130873 ], [ -77.420877116770654, 37.815332816368084 ], [ -77.412827475839762, 37.815689534538414 ], [ -77.413666018150877, 37.818569429683691 ], [ -77.409386511628512, 37.820407496833127 ], [ -77.411874314722681, 37.823406830391683 ], [ -77.426279236584392, 37.825615942366461 ], [ -77.428005436424058, 37.829518207339099 ], [ -77.427642371141005, 37.857953410072717 ], [ -77.424648743428961, 37.861597018607647 ], [ -77.421046175181274, 37.858821429344538 ], [ -77.418705060881905, 37.860728098133848 ], [ -77.433087625129545, 37.875115142828008 ], [ -77.436059072177628, 37.885177552682478 ], [ -77.442532443290602, 37.888967649228498 ], [ -77.444432665910412, 37.894402366682478 ], [ -77.462096034351219, 37.888325623248861 ], [ -77.469791571702871, 37.889479941727039 ], [ -77.478169772943446, 37.883541280906826 ], [ -77.483948400609904, 37.883347348428771 ], [ -77.492334242157, 37.888995583245105 ], [ -77.493264622005157, 37.897351511285684 ], [ -77.518786285120129, 37.906918131548657 ], [ -77.528690055501201, 37.920911266063584 ], [ -77.536698631529688, 37.921351589839482 ], [ -77.54571986003188, 37.915952990974041 ], [ -77.556798886639569, 37.92270059227998 ], [ -77.545999061277456, 37.928386341380332 ], [ -77.562292955057558, 37.936813539491979 ], [ -77.566182918349213, 37.942770436338328 ], [ -77.564035289804025, 37.946565735969159 ], [ -77.576296339338327, 37.958164903604548 ], [ -77.580741246227575, 37.951075152500778 ], [ -77.58629348725951, 37.949475437367923 ], [ -77.603757456610353, 37.955555258115844 ], [ -77.611598242401939, 37.949988535071022 ], [ -77.617652678777205, 37.949926023562618 ], [ -77.61392167051784, 37.959172823092004 ], [ -77.621155882063348, 37.966801484424927 ], [ -77.632458952281567, 37.965251472963303 ], [ -77.630645890742286, 37.971712093077578 ], [ -77.636448593254585, 37.977885032660751 ], [ -77.643143289073919, 37.979086317585583 ], [ -77.642958654824966, 37.98888944491064 ], [ -77.566887081445401, 38.068129059044828 ], [ -77.499190324540351, 38.124652347627901 ], [ -77.371075542899291, 38.241799393524687 ], [ -77.359925041283475, 38.242519820231124 ], [ -77.343433310402133, 38.252730634679175 ], [ -77.333272500459913, 38.245796707941878 ], [ -77.32665144516929, 38.24505417363968 ] ] ] } },
{ "type": "Feature", "properties": { "County_Nam": "Bath", "FIPS": 17 }, "geometry": { "type": "Polygon", "coordinates": [ [ [ -79.819092315522596, 38.248625939102666 ], [ -79.81495313554008, 38.251524819109292 ], [ -79.811939779807688, 38.260703295972441 ], [ -79.806231774703164, 38.259361948752094 ], [ -79.797362406582266, 38.26628151554165 ], [ -79.706182041445757, 38.221142333200049 ], [ -79.56207392980393, 38.198841158829204 ], [ -79.512160284528434, 38.180452255890394 ], [ -79.511727534110705, 38.176875495619974 ], [ -79.527345678036639, 38.170801863554672 ], [ -79.521575896896621, 38.162734587363168 ], [ -79.533385075936877, 38.15699513505934 ], [ -79.531602577519081, 38.152485643908307 ], [ -79.509296289379535, 38.1549491909485 ], [ -79.497171851460223, 38.164524827446876 ], [ -79.483432735954736, 38.170401050055183 ], [ -79.458440022046986, 38.163078078321163 ], [ -79.445837225159977, 38.168447367115981 ], [ -79.436697734628353, 38.162921708584626 ], [ -79.445369450158339, 38.147300361841111 ], [ -79.469970852366714, 38.12377690048563 ], [ -79.493270968132279, 38.095412602079655 ], [ -79.48244449317022, 38.086086851969682 ], [ -79.505841996174539, 38.056046028624721 ], [ -79.524589334801803, 38.041252226910743 ], [ -79.511200897634708, 38.035387034317473 ], [ -79.533502065420947, 38.009701930422104 ], [ -79.533587717928427, 38.00393020260006 ], [ -79.540564975624989, 38.002368029681641 ], [ -79.551544754679895, 37.98485361839009 ], [ -79.581715520047851, 37.954666744370037 ], [ -79.609076707962799, 37.935867375932503 ], [ -79.647458348626827, 37.874510433694361 ], [ -79.685905443406611, 37.838423279416546 ], [ -79.721379122796577, 37.868545205517584 ], [ -79.74930868868843, 37.885403151161114 ], [ -79.807767991331929, 37.880362667544766 ], [ -79.887247531659696, 37.892934434361244 ], [ -79.894215535451181, 37.898029152647304 ], [ -79.935491914581078, 37.95435115781909 ], [ -79.974464583142662, 37.953713671667757 ], [ -79.990373495672614, 37.960597511020119 ], [ -80.001770783902785, 37.960517316725522 ], [ -80.02739095319258, 37.942750011159731 ], [ -80.056841631838893, 37.951871040751101 ], [ -80.013434147610695, 37.984754675758339 ], [ -80.012283039808622, 37.988680434148399 ], [ -79.999433328961331, 37.99497448451131 ], [ -79.995332115853131, 38.007450746715726 ], [ -79.986011607937229, 38.014253187199365 ], [ -79.980321745328013, 38.027443776475785 ], [ -79.971940607292382, 38.035279923464003 ], [ -79.973719770962347, 38.040398190250244 ], [ -79.962439688126423, 38.058165359070614 ], [ -79.959561156814473, 38.064270855944734 ], [ -79.961628100716609, 38.067492628671999 ], [ -79.954223344603108, 38.080804250179426 ], [ -79.926282769483763, 38.106902989770994 ], [ -79.939172214704698, 38.111497620913163 ], [ -79.945178707128662, 38.132292960668401 ], [ -79.932717652478217, 38.136244653748946 ], [ -79.925939371666971, 38.149789504073176 ], [ -79.918239054060223, 38.154900701837647 ], [ -79.919532016877497, 38.162408944912897 ], [ -79.916029441836287, 38.163294412504861 ], [ -79.914838168630965, 38.167707266633322 ], [ -79.918798992251709, 38.170155498875019 ], [ -79.916488865963828, 38.17743076614903 ], [ -79.920882217145291, 38.179898164209696 ], [ -79.920013656810696, 38.182573078197564 ], [ -79.914063979945041, 38.188512632647111 ], [ -79.907220860635789, 38.188043068557434 ], [ -79.897302319840861, 38.193457498456333 ], [ -79.890595528100889, 38.205597296897992 ], [ -79.883025308724001, 38.206849776019169 ], [ -79.874587536504407, 38.212969058681146 ], [ -79.844917008813781, 38.24092687321312 ], [ -79.834142865887941, 38.242328209893259 ], [ -79.830679618034893, 38.249795122634602 ], [ -79.819092315522596, 38.248625939102666 ] ] ] } },
{ "type": "Feature", "properties": { "County_Nam": "Staunton", "FIPS": 790 }, "geometry": { "type": "Polygon", "coordinates": [ [ [ -79.060872366745897, 38.127076948039132 ], [ -79.070169444055537, 38.131753511478436 ], [ -79.072495527329011, 38.128033803174361 ], [ -79.086150853811688, 38.127067695833354 ], [ -79.104796093392437, 38.138949698115823 ], [ -79.11335560145352, 38.154578703828321 ], [ -79.103804828511997, 38.174089695309839 ], [ -79.098191126751871, 38.182581720892088 ], [ -79.091287725353411, 38.186214150875003 ], [ -79.061625379842809, 38.186484997567277 ], [ -79.047357989098558, 38.1900141127851 ], [ -79.036728890444891, 38.199045743985963 ], [ -79.026057437315515, 38.196363959938679 ], [ -79.027620186244732, 38.192608267591474 ], [ -79.014103945881558, 38.182646140044092 ], [ -79.022866305057818, 38.182161004956832 ], [ -79.026413208794708, 38.177269832468674 ], [ -79.015136122228981, 38.169865444907096 ], [ -79.020883391423908, 38.145974678995145 ], [ -79.031155478244216, 38.133795262919286 ], [ -79.050088543233457, 38.122050173611569 ], [ -79.060872366745897, 38.127076948039132 ] ] ] } },
{ "type": "Feature", "properties": { "County_Nam": "Essex", "FIPS": 57 }, "geometry": { "type": "Polygon", "coordinates": [ [ [ -77.11599671691485, 38.14985883504032 ], [ -77.096132587602867, 38.161141325768583 ], [ -77.08762077974356, 38.160986660215535 ], [ -77.083412003984307, 38.158186875375286 ], [ -77.08174641427216, 38.14563677139062 ], [ -77.074566179564613, 38.141357397396611 ], [ -77.067360179752967, 38.147296784502053 ], [ -77.068712897137544, 38.15942460252387 ], [ -77.061188332348237, 38.161440340057482 ], [ -77.052386017764036, 38.14421638303029 ], [ -77.051973348249646, 38.112364162810842 ], [ -77.034268055449274, 38.101106168087476 ], [ -77.032703496724949, 38.091693851596091 ], [ -77.014800270766003, 38.093755071529955 ], [ -77.004229066880896, 38.108935436918074 ], [ -76.996594356653489, 38.109745836355067 ], [ -76.988074196943856, 38.105528801877512 ], [ -76.990561974963356, 38.094902752214068 ], [ -76.985139984434653, 38.087906975130167 ], [ -76.928365367443135, 38.073780540481764 ], [ -76.912647682633292, 38.031939539371386 ], [ -76.914144215009145, 38.015500432355822 ], [ -76.905354250372497, 38.002643778784012 ], [ -76.909381486584223, 37.993404621169887 ], [ -76.908174975748452, 37.987165618350325 ], [ -76.897981152632951, 37.981603614649664 ], [ -76.870995115043002, 37.977025372952731 ], [ -76.861972361153377, 37.952282657894401 ], [ -76.848698445224741, 37.934355777398359 ], [ -76.785691202890234, 37.897753680266959 ], [ -76.774217232627038, 37.872340090175065 ], [ -76.755488018260067, 37.856043315104287 ], [ -76.728168183953727, 37.821911151048369 ], [ -76.715756757133349, 37.812310033737468 ], [ -76.684005291209601, 37.79704894025506 ], [ -76.668162371511329, 37.778351130666316 ], [ -76.687475447365586, 37.768624575651586 ], [ -76.703045312089785, 37.755589758937525 ], [ -76.713197034513868, 37.760322659116973 ], [ -76.723050894323279, 37.756596634287014 ], [ -76.751107976421935, 37.728878153347019 ], [ -76.753001824689036, 37.738513412052576 ], [ -76.760339347120393, 37.750563817784339 ], [ -76.768784878338394, 37.756144273228031 ], [ -76.77209069970003, 37.762380540310524 ], [ -76.789723747648736, 37.771788493283736 ], [ -76.790598416004954, 37.786352187339588 ], [ -76.802591727823241, 37.794919966699624 ], [ -76.820364839493834, 37.79242071310405 ], [ -76.842557513971727, 37.797951507811014 ], [ -76.876444551592144, 37.78207376735061 ], [ -76.882819053067919, 37.783085042335792 ], [ -76.888928190088208, 37.790836645993487 ], [ -76.905582695750326, 37.795926005004276 ], [ -76.914404325579554, 37.795460797505157 ], [ -76.931630168334337, 37.791299981052681 ], [ -76.94328590867832, 37.782697949128462 ], [ -76.941315771093898, 37.802527258403217 ], [ -76.945549518503569, 37.811845498184248 ], [ -76.945208054024093, 37.82820535519614 ], [ -76.969669454283093, 37.82865490813731 ], [ -76.982769352704437, 37.839364109040524 ], [ -76.992454731949707, 37.834550567980578 ], [ -77.003331322062792, 37.836069239683574 ], [ -77.019087876650957, 37.844845549911248 ], [ -77.020234816340235, 37.860733768286607 ], [ -77.032952370105804, 37.864261379776607 ], [ -77.042845426175404, 37.872401059918701 ], [ -77.039798652097531, 37.87664882901155 ], [ -77.02492563181238, 37.878241677463876 ], [ -77.020213311823554, 37.885284177308037 ], [ -77.025470660242163, 37.890375491229364 ], [ -77.031605722529335, 37.891134836630691 ], [ -77.0287884928821, 37.894305976933119 ], [ -77.030791421949829, 37.89845732190588 ], [ -77.027441527015597, 37.898898090111174 ], [ -77.024054119727694, 37.905025743504822 ], [ -77.029119242658396, 37.911142984598072 ], [ -77.028538051828733, 37.915501106226976 ], [ -77.032737442995568, 37.917095760839373 ], [ -77.031359581856691, 37.921305446458526 ], [ -77.040164348917259, 37.928123517200433 ], [ -77.044346442217559, 37.926505421480485 ], [ -77.055301800883868, 37.930941931593914 ], [ -77.059255154238798, 37.942952737152034 ], [ -77.073075985656715, 37.946138801624784 ], [ -77.064447927881773, 37.958365988872941 ], [ -77.070173665878642, 37.964609409041287 ], [ -77.068676880516676, 37.971831412846562 ], [ -77.076993644194246, 37.99016726324944 ], [ -77.072623639623643, 37.994727579185174 ], [ -77.077152018785355, 38.00128906926291 ], [ -77.082165722249187, 38.002597135514925 ], [ -77.089052018374673, 38.013581501169568 ], [ -77.100741600856409, 38.010804902565368 ], [ -77.113910320784527, 38.016169350012511 ], [ -77.119314953796476, 38.012976619255021 ], [ -77.129601070379508, 38.015737393741396 ], [ -77.131030471079043, 38.020217143504574 ], [ -77.127333886528461, 38.029241362982098 ], [ -77.121968451427932, 38.034127885348489 ], [ -77.130515518435345, 38.045976266927376 ], [ -77.146782533661849, 38.053961506408797 ], [ -77.144956640794959, 38.05755880449933 ], [ -77.14885844877432, 38.061470464803989 ], [ -77.160084815025613, 38.064769934320715 ], [ -77.169840307053406, 38.078007793446197 ], [ -77.165860168189482, 38.08284366221298 ], [ -77.153329956126612, 38.088219451793528 ], [ -77.152317189138856, 38.093252741738198 ], [ -77.143826197913569, 38.09543106512956 ], [ -77.145193724517654, 38.10911660658337 ], [ -77.142394971031322, 38.123089960045256 ], [ -77.116722087966352, 38.120667542355847 ], [ -77.105539406593962, 38.126392496520069 ], [ -77.105616679419072, 38.132973798931708 ], [ -77.114371771043906, 38.133541839147902 ], [ -77.11599671691485, 38.14985883504032 ] ] ] } },
{ "type": "Feature", "properties": { "County_Nam": "Louisa", "FIPS": 109 }, "geometry": { "type": "Polygon", "coordinates": [ [ [ -77.999493509336332, 38.136503098121821 ], [ -77.98988405195675, 38.127995335646482 ], [ -77.990493784719746, 38.125159762926259 ], [ -77.980128803137092, 38.11955351020093 ], [ -77.968786721259121, 38.122602379794678 ], [ -77.957406855364766, 38.117470232664772 ], [ -77.940906720530521, 38.118911850669292 ], [ -77.929296985932424, 38.11352140341328 ], [ -77.916615527994892, 38.118450178960771 ], [ -77.912401400653479, 38.111450510070163 ], [ -77.902315153521982, 38.108037751674587 ], [ -77.888439368075836, 38.113209249069499 ], [ -77.873830274464297, 38.106346274149523 ], [ -77.860271082939491, 38.105605175590327 ], [ -77.857420348743048, 38.10009740116255 ], [ -77.851329785151052, 38.104390055347089 ], [ -77.846256923747845, 38.098408849474204 ], [ -77.843095116198114, 38.101404692345717 ], [ -77.844994097262287, 38.104539231959372 ], [ -77.837615747712533, 38.106073781940836 ], [ -77.835945486171269, 38.101379365364899 ], [ -77.81983384873898, 38.092604145928995 ], [ -77.819340422978357, 38.087642432522507 ], [ -77.813289710739056, 38.085944974701647 ], [ -77.810879340868965, 38.079772208750029 ], [ -77.786458923903581, 38.076448236906963 ], [ -77.782628071826139, 38.067997427747599 ], [ -77.784650399814481, 38.063521004612511 ], [ -77.77180802400764, 38.057310382406484 ], [ -77.769690735324318, 38.05219747568507 ], [ -77.76421400452314, 38.053376162833338 ], [ -77.756095091949931, 38.048318463215914 ], [ -77.750017713620082, 38.052677677327225 ], [ -77.745544729126081, 38.051246032289505 ], [ -77.748129777390531, 38.042373575492263 ], [ -77.740863974965634, 38.037925503488218 ], [ -77.748714468238276, 38.036823095745447 ], [ -77.747293956340243, 38.023877013656694 ], [ -77.739902798129478, 38.032839087899802 ], [ -77.732787184258839, 38.031572128043223 ], [ -77.728156879969248, 38.026683488608867 ], [ -77.731089736330901, 38.02090283546864 ], [ -77.722821639790993, 38.023171546256073 ], [ -77.719829985484523, 38.016690299765393 ], [ -77.711320197642081, 38.012701593740644 ], [ -77.700115544742587, 38.012581073450242 ], [ -77.694829055637726, 38.007124955918172 ], [ -77.687459858539469, 38.007960431608659 ], [ -77.797295188539792, 37.729241545128943 ], [ -77.833486766040181, 37.753466418224448 ], [ -77.888517398714228, 37.760792969156888 ], [ -77.899836527694006, 37.768432613409011 ], [ -77.915779105062541, 37.805719959949961 ], [ -77.948362844413694, 37.846089362382763 ], [ -77.990796570859388, 37.857713720456516 ], [ -78.018300451371516, 37.892343914777484 ], [ -78.063239532422912, 37.905261683195171 ], [ -78.173809664370623, 37.950228422130628 ], [ -78.193338300334517, 37.952483336471886 ], [ -78.205146898397601, 37.957382902045012 ], [ -78.229680203913574, 37.978662885775982 ], [ -78.278095533113472, 37.992052470428135 ], [ -78.306663330867082, 38.006423464190654 ], [ -78.254253620851983, 38.063883815670273 ], [ -78.208019762308638, 38.132649133916615 ], [ -78.187149614169442, 38.127560105257182 ], [ -78.171235906340328, 38.129932802884298 ], [ -78.163718566752721, 38.136622453900387 ], [ -78.150339776963079, 38.138045562105638 ], [ -78.144888420681895, 38.142642436879612 ], [ -78.13359138868249, 38.138467062560963 ], [ -78.116906169648658, 38.140055716478344 ], [ -78.11215786965019, 38.147691126069304 ], [ -78.102036088106729, 38.152504466625317 ], [ -78.080965573644434, 38.147050410200201 ], [ -78.075666720034249, 38.14124767621314 ], [ -78.069825791094345, 38.143085432544162 ], [ -78.047443990766666, 38.135794560952093 ], [ -78.03893340234184, 38.134875581935894 ], [ -78.029964719546243, 38.139738471866174 ], [ -78.024610668380106, 38.136475480745553 ], [ -78.021396338176672, 38.141973087120732 ], [ -77.999493509336332, 38.136503098121821 ] ] ] } },
{ "type": "Feature", "properties": { "County_Nam": "Richmond", "FIPS": 159 }, "geometry": { "type": "Polygon", "coordinates": [ [ [ -76.936862763949208, 38.077511277342943 ], [ -76.93457567340576, 38.082014173576475 ], [ -76.937614019573729, 38.084870341141453 ], [ -76.911553050469536, 38.097332115020208 ], [ -76.877009845483855, 38.124360613839286 ], [ -76.873672697003613, 38.12281433303189 ], [ -76.868019665129751, 38.11696571270862 ], [ -76.863028442305492, 38.102319959337244 ], [ -76.822787821728383, 38.065128856405366 ], [ -76.816250795399739, 38.063337568749148 ], [ -76.814359710779016, 38.058815820212573 ], [ -76.797381969734786, 38.05854042119563 ], [ -76.768011719465818, 38.034662727664177 ], [ -76.757426457955958, 38.030748011540169 ], [ -76.755518154746881, 38.025333308914078 ], [ -76.760031339421161, 38.018971021632524 ], [ -76.758770768885086, 38.010734939332785 ], [ -76.765665538763727, 38.001624209706513 ], [ -76.748938184370502, 37.994898927310089 ], [ -76.743313304295413, 37.998668237243258 ], [ -76.728701972605421, 37.999280380354506 ], [ -76.700583976379278, 37.984604420077318 ], [ -76.689422305443188, 37.984819298460827 ], [ -76.681942505285448, 37.980808050347527 ], [ -76.671243106213794, 37.984925737346934 ], [ -76.655843858817747, 37.981899199283113 ], [ -76.64788663032131, 37.968236240077729 ], [ -76.638969026754424, 37.96523365768811 ], [ -76.628143553545044, 37.96850206741599 ], [ -76.62558601039521, 37.962868928334622 ], [ -76.606968005447143, 37.952679805954403 ], [ -76.60509834193401, 37.947978548661467 ], [ -76.592863479794559, 37.947914978890218 ], [ -76.583423313402875, 37.944739480860846 ], [ -76.57444313631531, 37.936870825586766 ], [ -76.556375374680755, 37.931762503929505 ], [ -76.546915668727436, 37.913408016915035 ], [ -76.545171392438647, 37.898245589738067 ], [ -76.541000911848286, 37.890166844951999 ], [ -76.548007068738087, 37.867675340874364 ], [ -76.536204635702916, 37.857918818771907 ], [ -76.511699715592542, 37.85001911583317 ], [ -76.50788044790832, 37.838570787798645 ], [ -76.519059220264992, 37.834337845139046 ], [ -76.564222583770047, 37.837450636565841 ], [ -76.570804093476966, 37.832016574061548 ], [ -76.578283755670199, 37.830983815027551 ], [ -76.585218698918709, 37.824187884399805 ], [ -76.58129281484625, 37.819878773905394 ], [ -76.585399918468042, 37.811836525485475 ], [ -76.59134365025453, 37.815507685321698 ], [ -76.594914776678436, 37.810529726782704 ], [ -76.597613464029692, 37.813611361652399 ], [ -76.599102920882316, 37.809114356241587 ], [ -76.605041660453324, 37.809191291840357 ], [ -76.608196800519821, 37.805595209288747 ], [ -76.612536255072968, 37.80840174753115 ], [ -76.627699226728339, 37.805480524400053 ], [ -76.630412510067842, 37.798796535185325 ], [ -76.668162371511329, 37.778351130666316 ], [ -76.684005291209601, 37.79704894025506 ], [ -76.715756757133349, 37.812310033737468 ], [ -76.728168183953727, 37.821911151048369 ], [ -76.755488018260067, 37.856043315104287 ], [ -76.774217232627038, 37.872340090175065 ], [ -76.785691202890234, 37.897753680266959 ], [ -76.848698445224741, 37.934355777398359 ], [ -76.861972361153377, 37.952282657894401 ], [ -76.870995115043002, 37.977025372952731 ], [ -76.906693691550103, 37.985504458603927 ], [ -76.909495922410031, 37.992753926489435 ], [ -76.905354250372497, 38.002643778784012 ], [ -76.914371136157413, 38.016217673309725 ], [ -76.912092066101764, 38.02834841580647 ], [ -76.915431404867363, 38.041721430491684 ], [ -76.925472609280973, 38.070182782176154 ], [ -76.936862763949208, 38.077511277342943 ] ] ] } },
{ "type": "Feature", "properties": { "County_Nam": null, "FIPS": 903 }, "geometry": { "type": "Polygon", "coordinates": [ [ [ -75.217966776725987, 38.029361098554517 ], [ -75.175908484426728, 38.033049902087029 ], [ -75.178199229209909, 38.017529084108091 ], [ -75.184281642811257, 38.00478350288315 ], [ -75.240868770347547, 37.935372151523289 ], [ -75.281853542747342, 37.868908863895911 ], [ -75.300679695320255, 37.843904752848317 ], [ -75.325553690664023, 37.821264938846191 ], [ -75.354599184530471, 37.808111895454289 ], [ -75.38855621855005, 37.806660295466735 ], [ -75.42087220433541, 37.818000846211795 ], [ -75.459905279501527, 37.777120707261545 ], [ -75.473089999601456, 37.74963891302135 ], [ -75.50823964552545, 37.706364499871036 ], [ -75.520341527081072, 37.678750627980698 ], [ -75.529109939928844, 37.643498803514504 ], [ -75.541485497482356, 37.612366658306897 ], [ -75.531714021604884, 37.590475150697806 ], [ -75.535542567810083, 37.560125859520134 ], [ -75.543922461290492, 37.544200630386058 ], [ -75.596614532631179, 37.473307668788316 ], [ -75.595079999463621, 37.45038858935002 ], [ -75.667163318614669, 37.467321965428788 ], [ -75.662670519417489, 37.485110838613146 ], [ -75.59758190457751, 37.570703055285954 ], [ -75.59965223664166, 37.581513042971658 ], [ -75.595109669634894, 37.586132850019332 ], [ -75.611995620090298, 37.58659496451704 ], [ -75.611074340748203, 37.60396512072969 ], [ -75.608740987669506, 37.616845894734062 ], [ -75.598839003472051, 37.633208334061671 ], [ -75.590508100929583, 37.656360249370508 ], [ -75.582586698449262, 37.693608289273165 ], [ -75.562878620857447, 37.735734396067606 ], [ -75.552643507324646, 37.741814798142414 ], [ -75.534411095613365, 37.772658396539001 ], [ -75.526872392045988, 37.776173644882931 ], [ -75.524444310978339, 37.788811868435175 ], [ -75.515057887484303, 37.801744250783415 ], [ -75.46447058492214, 37.85493120239768 ], [ -75.440852452280112, 37.869911573094605 ], [ -75.410299512703119, 37.874207888008392 ], [ -75.391701406487286, 37.868091305741515 ], [ -75.381293608551132, 37.856859172263881 ], [ -75.373719273598525, 37.855157466806389 ], [ -75.36849358295774, 37.85785533255229 ], [ -75.34676740155858, 37.879518886439172 ], [ -75.300200406885494, 37.954069427123116 ], [ -75.251538958845998, 38.015561438973158 ], [ -75.241173212888228, 38.027351610344112 ], [ -75.217966776725987, 38.029361098554517 ] ] ] } },
{ "type": "Feature", "properties": { "County_Nam": "Accomack", "FIPS": 1 }, "geometry": { "type": "Polygon", "coordinates": [ [ [ -75.28034561488964, 37.977682835134004 ], [ -75.300590786995755, 37.953496108494235 ], [ -75.34676740155858, 37.879518886439172 ], [ -75.36849358295774, 37.85785533255229 ], [ -75.373719273598525, 37.855157466806389 ], [ -75.381293608551132, 37.856859172263881 ], [ -75.391701406487286, 37.868091305741515 ], [ -75.410299512703119, 37.874207888008392 ], [ -75.440852452280112, 37.869911573094605 ], [ -75.456678575341698, 37.861068027365235 ], [ -75.474128853117634, 37.845884154259302 ], [ -75.520379188540787, 37.794893454748696 ], [ -75.526515759500256, 37.784232982050547 ], [ -75.526872392045988, 37.776173644882931 ], [ -75.534411095613365, 37.772658396539001 ], [ -75.552643507324646, 37.741814798142414 ], [ -75.562878620857447, 37.735734396067606 ], [ -75.582586698449262, 37.693608289273165 ], [ -75.590508100929583, 37.656360249370508 ], [ -75.598839003472051, 37.633208334061671 ], [ -75.608740987669506, 37.616845894734062 ], [ -75.611074340748203, 37.60396512072969 ], [ -75.611995620090298, 37.58659496451704 ], [ -75.595109669634894, 37.586132850019332 ], [ -75.59965223664166, 37.581513042971658 ], [ -75.59758190457751, 37.570703055285954 ], [ -75.662670519417489, 37.485110838613146 ], [ -75.667163318614669, 37.467321965428788 ], [ -75.675254999039979, 37.46510602375217 ], [ -75.682256372825222, 37.455105758981695 ], [ -75.710697927154456, 37.448612576817958 ], [ -75.730256661676734, 37.46037748000694 ], [ -75.764266380034812, 37.463001269926131 ], [ -75.776832359378474, 37.454309010543192 ], [ -75.78610976239743, 37.463982117832792 ], [ -75.804666618029785, 37.462696476352839 ], [ -75.809701138852176, 37.465749136177045 ], [ -75.813021590688336, 37.4751971951491 ], [ -75.79384357630758, 37.488633980736743 ], [ -75.795194959346134, 37.499573953930373 ], [ -75.791538124279953, 37.503199425393291 ], [ -75.80325059640677, 37.50497246361315 ], [ -75.805506980705346, 37.51397047353629 ], [ -75.798815762896453, 37.51483622376756 ], [ -75.787774293585642, 37.529007477189701 ], [ -75.83854255368891, 37.555742332411903 ], [ -75.882271581293807, 37.549323349664547 ], [ -75.899269691847806, 37.556894494810827 ], [ -75.914299220953851, 37.553067653047563 ], [ -75.931093350862227, 37.55490333843025 ], [ -75.93484677945267, 37.550827610983532 ], [ -75.940999246337441, 37.558049169121723 ], [ -75.940787678737834, 37.564822062497257 ], [ -75.934369806142897, 37.576824670883219 ], [ -75.921556573867221, 37.58458070266078 ], [ -75.921231089439544, 37.591363240428315 ], [ -75.925738414123444, 37.595734927689286 ], [ -75.923615050651293, 37.601900849157616 ], [ -75.907438432857745, 37.625519427230792 ], [ -75.902326928369177, 37.625930484270071 ], [ -75.89011138942962, 37.640334083836379 ], [ -75.892261444225113, 37.642438161591187 ], [ -75.888787949714199, 37.648248615540567 ], [ -75.891544604837264, 37.64868970446485 ], [ -75.890384132767394, 37.651476785593545 ], [ -75.868276808077141, 37.668665421525965 ], [ -75.852062936186002, 37.676422493012872 ], [ -75.85325017580675, 37.682578870950209 ], [ -75.863962246528899, 37.683300667099672 ], [ -75.86684726911885, 37.680850428295017 ], [ -75.872010951780638, 37.684007445480049 ], [ -75.86007472115439, 37.696720346490665 ], [ -75.854267044922608, 37.697828431338323 ], [ -75.859567931670583, 37.703596527038371 ], [ -75.837700549931625, 37.713362121436155 ], [ -75.830897801286667, 37.725125118844069 ], [ -75.832443537451837, 37.730850971579315 ], [ -75.821924397234952, 37.743121818681495 ], [ -75.81118998876974, 37.749516702710267 ], [ -75.808030782798554, 37.745962515567903 ], [ -75.792997397899484, 37.750226566454494 ], [ -75.787341003833149, 37.757028872049517 ], [ -75.787148584817047, 37.762972509967234 ], [ -75.795147310101484, 37.766719500811064 ], [ -75.797757569422785, 37.762389079627511 ], [ -75.80269443437551, 37.762096375971375 ], [ -75.797857278179507, 37.770281591095504 ], [ -75.80127568091649, 37.772685123018988 ], [ -75.794046313711249, 37.769502958977689 ], [ -75.791954998864853, 37.773426467801649 ], [ -75.781337762259909, 37.774256811499072 ], [ -75.782998612722977, 37.780597715090636 ], [ -75.789054080802103, 37.780424312128126 ], [ -75.79171428631949, 37.784291058589311 ], [ -75.79970836600873, 37.782860245683302 ], [ -75.801683055204862, 37.785827865622792 ], [ -75.804179161539295, 37.781450774689091 ], [ -75.81177403485836, 37.781759134282687 ], [ -75.812535090497988, 37.777790398371351 ], [ -75.81654062933346, 37.790392169295124 ], [ -75.824814379143604, 37.791947779419615 ], [ -75.810976159171446, 37.791392800911211 ], [ -75.810872511833665, 37.792950513974482 ], [ -75.814091336516313, 37.795113937994131 ], [ -75.814538976247334, 37.79570119143488 ], [ -75.8143433494851, 37.795858020262891 ], [ -75.805977285906934, 37.793144136330973 ], [ -75.792665850796851, 37.805722115281455 ], [ -75.783419128214305, 37.806739444197895 ], [ -75.77632055220856, 37.803309742187643 ], [ -75.77072045986948, 37.804410105765214 ], [ -75.761940589109599, 37.798261845780509 ], [ -75.780462219543253, 37.802173733565809 ], [ -75.781433150749777, 37.796960017504446 ], [ -75.776156922918062, 37.789746224049509 ], [ -75.769295307607436, 37.788477648778603 ], [ -75.75743340104269, 37.794931350235224 ], [ -75.728437956542294, 37.781754603110151 ], [ -75.725922694402115, 37.783721445216919 ], [ -75.727568107422059, 37.794919031373531 ], [ -75.71795659549197, 37.799556586686549 ], [ -75.724146156374999, 37.806366377259195 ], [ -75.719501717550457, 37.813562424924221 ], [ -75.723531534444447, 37.819952767413227 ], [ -75.715454303089743, 37.821971417183228 ], [ -75.716884600764871, 37.828071287709911 ], [ -75.710086712662815, 37.833042549754175 ], [ -75.714576092719938, 37.836827908170768 ], [ -75.710427603873157, 37.839369865272516 ], [ -75.709055368079888, 37.846311362363394 ], [ -75.703868238027638, 37.846159946632135 ], [ -75.702024916721399, 37.850213260235861 ], [ -75.694736774394727, 37.847782392677459 ], [ -75.687037420147391, 37.857746306984076 ], [ -75.693877654274161, 37.866052221566861 ], [ -75.685928583158372, 37.873250537515808 ], [ -75.679441309799543, 37.872754109445602 ], [ -75.682159918686793, 37.880201112176024 ], [ -75.678756564163649, 37.887264370831566 ], [ -75.702095717011417, 37.890872453488996 ], [ -75.712931823259268, 37.90310095857577 ], [ -75.726887783477679, 37.897571881925899 ], [ -75.75972321703901, 37.898473135589995 ], [ -75.756571843942041, 37.90283766233442 ], [ -75.737033709456824, 37.901506047613019 ], [ -75.734809429774785, 37.90487724007594 ], [ -75.74128172332928, 37.90696372155751 ], [ -75.743329201225791, 37.913102094909014 ], [ -75.731775907394734, 37.918726362895079 ], [ -75.714747454621161, 37.937541599243467 ], [ -75.71228771901815, 37.938106285443631 ], [ -75.709487727137201, 37.936834353041888 ], [ -75.70950515648201, 37.93502266825832 ], [ -75.710132107426901, 37.934653869482226 ], [ -75.712230764797454, 37.936479813832719 ], [ -75.709675725062979, 37.932421436730166 ], [ -75.702871582980407, 37.928789508028046 ], [ -75.692688246595111, 37.931044471968185 ], [ -75.678779506954186, 37.942752027015281 ], [ -75.657644174976369, 37.935558024223063 ], [ -75.642167751133414, 37.936414026625528 ], [ -75.636705347966881, 37.944690446156997 ], [ -75.636108763585469, 37.952824044950326 ], [ -75.641568175749555, 37.963066533021646 ], [ -75.648567744672761, 37.966427983813247 ], [ -75.638820538470782, 37.979040607618913 ], [ -75.629453837786428, 37.976127721840619 ], [ -75.634497916680871, 37.984052410685173 ], [ -75.626546897836732, 37.988958010202822 ], [ -75.624314912865941, 37.99435486956763 ], [ -75.241173212888228, 38.027351610344112 ], [ -75.28034561488964, 37.977682835134004 ] ] ] } },
{ "type": "Feature", "properties": { "County_Nam": "Waynesboro", "FIPS": 820 }, "geometry": { "type": "Polygon", "coordinates": [ [ [ -78.929561405528574, 38.090067227215471 ], [ -78.922047201208116, 38.088949556545103 ], [ -78.92010821374096, 38.092689466357363 ], [ -78.916623001179474, 38.090657577185226 ], [ -78.904387078584207, 38.100199210670397 ], [ -78.894871297725828, 38.096619771477755 ], [ -78.890505034864844, 38.098471619785641 ], [ -78.879847550644385, 38.092906577855004 ], [ -78.87203432593455, 38.092196414632674 ], [ -78.864632719678596, 38.095606705285185 ], [ -78.86780912761057, 38.091660227204805 ], [ -78.862635641167344, 38.089961592059041 ], [ -78.865421637185378, 38.082542047142361 ], [ -78.855648062192287, 38.074499982903298 ], [ -78.85885893504485, 38.070521088329691 ], [ -78.855990442482039, 38.069313778984096 ], [ -78.865387594581932, 38.062361356866305 ], [ -78.867487113086625, 38.047785210856553 ], [ -78.882676261720988, 38.053233205245803 ], [ -78.901943323152466, 38.050589875713143 ], [ -78.904863856316695, 38.048254318198573 ], [ -78.900118956543963, 38.044592870866985 ], [ -78.901559952619124, 38.04305870286791 ], [ -78.908275630988101, 38.042497437149073 ], [ -78.921554693758694, 38.032195565621592 ], [ -78.930127033432967, 38.049460113542693 ], [ -78.935450043777877, 38.048173769021865 ], [ -78.938508591565551, 38.052453334164511 ], [ -78.946945844848258, 38.052052721461123 ], [ -78.949939225839643, 38.056987209601253 ], [ -78.942803385126311, 38.060938339409347 ], [ -78.951137475035466, 38.06445014540239 ], [ -78.95056160471043, 38.069905586511062 ], [ -78.935210867897183, 38.077834730143699 ], [ -78.929561405528574, 38.090067227215471 ] ] ] } },
{ "type": "Feature", "properties": { "County_Nam": "Rockbridge", "FIPS": 163 }, "geometry": { "type": "Polygon", "coordinates": [ [ [ -79.479560290536838, 38.084324374019914 ], [ -79.337201146922467, 37.99980818543213 ], [ -79.183992000480004, 37.914287022640387 ], [ -79.151948039253412, 37.886119412973464 ], [ -79.15180090396457, 37.878328785542976 ], [ -79.146115599799785, 37.874435807918431 ], [ -79.146555761091264, 37.869569817772287 ], [ -79.151351135655119, 37.865815500466312 ], [ -79.143784207564053, 37.859088505230396 ], [ -79.158799294068842, 37.838421969330248 ], [ -79.154348189329454, 37.833526338545042 ], [ -79.159838417681399, 37.826612601828195 ], [ -79.157809276384896, 37.819856863711486 ], [ -79.164006474046928, 37.816392514146848 ], [ -79.171812892704551, 37.803786852538558 ], [ -79.170923791208281, 37.800319069657341 ], [ -79.189327057373276, 37.794350163749286 ], [ -79.198173158013446, 37.788103215788041 ], [ -79.208843541701498, 37.788915031239277 ], [ -79.217594336361159, 37.796352008863359 ], [ -79.215311840252511, 37.801887760220183 ], [ -79.220807270857378, 37.802883952893701 ], [ -79.230989426198263, 37.813227274455244 ], [ -79.245770950748266, 37.805206924265228 ], [ -79.255686448403566, 37.793359777595839 ], [ -79.260801055992658, 37.791314552623277 ], [ -79.265512421739359, 37.793780514241234 ], [ -79.308547703847026, 37.734208754831386 ], [ -79.304927230918111, 37.729092555145229 ], [ -79.317429309020028, 37.714702945750687 ], [ -79.316649629300869, 37.703216264719245 ], [ -79.322814917150069, 37.692431591716847 ], [ -79.340636711187045, 37.67857371679667 ], [ -79.345114081502217, 37.660869945761682 ], [ -79.358433392984935, 37.656036175967159 ], [ -79.365460217706527, 37.645751217985044 ], [ -79.380424080080871, 37.642695918388924 ], [ -79.40169142279484, 37.62595623367563 ], [ -79.419463651101054, 37.625745217412309 ], [ -79.426228405649198, 37.615396916371004 ], [ -79.445096023749329, 37.618131062965695 ], [ -79.45700016534083, 37.607155056377898 ], [ -79.457263763185892, 37.599275213389966 ], [ -79.447535020346876, 37.583242618785064 ], [ -79.44893023732304, 37.578632542582973 ], [ -79.442433749406973, 37.575938982396842 ], [ -79.438500451449798, 37.577848069225148 ], [ -79.433991245475724, 37.57210733852439 ], [ -79.440928953110529, 37.563440553622918 ], [ -79.457902101174611, 37.56026218497999 ], [ -79.463617042406923, 37.549811707264894 ], [ -79.478705590194295, 37.54830141508576 ], [ -79.496844193256408, 37.536857645031461 ], [ -79.498597913089483, 37.532868395004336 ], [ -79.578019413538698, 37.58083097852257 ], [ -79.57324463164565, 37.595604263561398 ], [ -79.683717841055241, 37.66166863960931 ], [ -79.671922130446276, 37.674131118669038 ], [ -79.667795526789732, 37.694419888136956 ], [ -79.67642710167992, 37.698778891382275 ], [ -79.688748716782754, 37.734648337580907 ], [ -79.681619978788561, 37.740248786457514 ], [ -79.672844225315856, 37.766534607914224 ], [ -79.666514543286013, 37.771923873056728 ], [ -79.642800305668416, 37.81369788022419 ], [ -79.63711428474393, 37.814332360187699 ], [ -79.625459821394884, 37.829493672453602 ], [ -79.616562085590289, 37.852209896133168 ], [ -79.606212359844918, 37.86164465541129 ], [ -79.61901253703202, 37.867581269459244 ], [ -79.627713451858028, 37.875636158972014 ], [ -79.641744432224456, 37.871485276498646 ], [ -79.647458348626827, 37.874510433694361 ], [ -79.634123917732751, 37.894183809312587 ], [ -79.627523381723634, 37.910123346004298 ], [ -79.609076707962799, 37.935867375932503 ], [ -79.581715520047851, 37.954666744370037 ], [ -79.551544754679895, 37.98485361839009 ], [ -79.540564975624989, 38.002368029681641 ], [ -79.533966924037202, 38.003474250294701 ], [ -79.533502065420947, 38.009701930422104 ], [ -79.511200897634708, 38.035387034317473 ], [ -79.524589334801803, 38.041252226910743 ], [ -79.522045520899482, 38.045110383088144 ], [ -79.509845631589982, 38.051821363429283 ], [ -79.48244449317022, 38.086086851969682 ], [ -79.479560290536838, 38.084324374019914 ] ], [ [ -79.349066230785311, 37.754856126679343 ], [ -79.362466409984322, 37.751434800134625 ], [ -79.364774200901252, 37.744395974467544 ], [ -79.381796272976146, 37.74192109823472 ], [ -79.375278924124473, 37.73916002464685 ], [ -79.376930102722881, 37.72818023723579 ], [ -79.372236835663458, 37.729602224397716 ], [ -79.365369287338822, 37.726545097763143 ], [ -79.370349268165938, 37.726666390785788 ], [ -79.376135425037845, 37.721697972614145 ], [ -79.375179361849717, 37.711758623577886 ], [ -79.384007531533101, 37.706406471753432 ], [ -79.379306209491844, 37.703305396644893 ], [ -79.377921608398992, 37.696734756316886 ], [ -79.357885951297433, 37.705884160831765 ], [ -79.340718921258429, 37.729582997233251 ], [ -79.334023390643267, 37.728451863609962 ], [ -79.333271013279912, 37.730377770647529 ], [ -79.339593669680696, 37.732218476140638 ], [ -79.333781943466491, 37.737553135134831 ], [ -79.330968646915196, 37.756463040126619 ], [ -79.342603335084306, 37.760647699423281 ], [ -79.349066230785311, 37.754856126679343 ] ], [ [ -79.45630844307631, 37.770128157617116 ], [ -79.459252131767016, 37.768399875514412 ], [ -79.457325324330426, 37.766027683465168 ], [ -79.451571972075996, 37.766612683988022 ], [ -79.42894346028838, 37.784257801529151 ], [ -79.421993778341545, 37.784895463008127 ], [ -79.422800309712329, 37.789057682900456 ], [ -79.415090569797911, 37.788640498688309 ], [ -79.437531014100998, 37.794926406992403 ], [ -79.447518966985726, 37.791092653942556 ], [ -79.453431032986217, 37.793122676982868 ], [ -79.461865672456213, 37.78621006752924 ], [ -79.45572841890413, 37.779489866824051 ], [ -79.460702397150115, 37.77278955139677 ], [ -79.45630844307631, 37.770128157617116 ] ] ] } },
{ "type": "Feature", "properties": { "County_Nam": "Charlottesville", "FIPS": 540 }, "geometry": { "type": "Polygon", "coordinates": [ [ [ -78.461927677406578, 38.022566641283049 ], [ -78.469813086007633, 38.011672132918854 ], [ -78.475526997060484, 38.014903969802766 ], [ -78.482736134783295, 38.011803135337573 ], [ -78.48407533866984, 38.015452464905003 ], [ -78.490422197405437, 38.017290956917527 ], [ -78.503355734074034, 38.010316039139283 ], [ -78.511846289764563, 38.009643531378138 ], [ -78.519115041663156, 38.010912346825258 ], [ -78.519145531091581, 38.016870609115401 ], [ -78.523828750378868, 38.022328984008873 ], [ -78.515729576342324, 38.036818826298244 ], [ -78.517572801012136, 38.041272399700844 ], [ -78.507746163586859, 38.056218859285131 ], [ -78.501619020294868, 38.057541376286416 ], [ -78.50265958341781, 38.06064081095515 ], [ -78.495087987634989, 38.065208626522306 ], [ -78.491689033415298, 38.061809935656314 ], [ -78.484934380159388, 38.069199519458373 ], [ -78.477375406840395, 38.064703162774144 ], [ -78.471630034800469, 38.070598204237513 ], [ -78.472461387711675, 38.06757373720388 ], [ -78.46702757347316, 38.067923529651424 ], [ -78.464569613140981, 38.064734962552073 ], [ -78.472364258160624, 38.049266527136133 ], [ -78.466182989773188, 38.045764625304209 ], [ -78.463979353391068, 38.049608800915408 ], [ -78.457274399937631, 38.049788410617673 ], [ -78.454654068148216, 38.045599917544898 ], [ -78.454446433217356, 38.038556708771949 ], [ -78.461087305911406, 38.028393021793349 ], [ -78.454823265227745, 38.02991526874559 ], [ -78.452683651630309, 38.026185520244596 ], [ -78.456952079273478, 38.021213255030183 ], [ -78.461927677406578, 38.022566641283049 ] ] ] } },
{ "type": "Feature", "properties": { "County_Nam": "Northumberland", "FIPS": 133 }, "geometry": { "type": "Polygon", "coordinates": [ [ [ -76.516574294950118, 38.034785189184817 ], [ -76.516863058908555, 38.027053556510033 ], [ -76.512208982123326, 38.024887478516447 ], [ -76.492267439073231, 38.017855770585541 ], [ -76.464989173059266, 38.013228280023299 ], [ -76.433946912812431, 37.981973392269332 ], [ -76.412861102369462, 37.966362413106587 ], [ -76.335961613266946, 37.944120721873766 ], [ -76.265274080957326, 37.911009662359646 ], [ -76.24707999752539, 37.894552921667454 ], [ -76.235778944216307, 37.889735402576747 ], [ -76.250353000221565, 37.849313493412978 ], [ -76.251004845838168, 37.834332147432249 ], [ -76.262442498657265, 37.827040855270404 ], [ -76.264206443940054, 37.818899365129568 ], [ -76.280012939010334, 37.812402219553697 ], [ -76.282750169508674, 37.813125067046805 ], [ -76.282084670438834, 37.817996841425085 ], [ -76.293045612851998, 37.822543565005184 ], [ -76.305561577924635, 37.823374664349565 ], [ -76.308854635703568, 37.817980243626494 ], [ -76.306844866843193, 37.802868165520032 ], [ -76.31195611183945, 37.791962608562038 ], [ -76.298708156580659, 37.78378813275188 ], [ -76.290019557332414, 37.786591628789608 ], [ -76.285233028021977, 37.782547562634818 ], [ -76.287728020347615, 37.777594986909563 ], [ -76.291658041017413, 37.784266492861754 ], [ -76.298314274485563, 37.778943674744006 ], [ -76.305002799850868, 37.780393109773208 ], [ -76.305527838110635, 37.77546417029243 ], [ -76.31014397270738, 37.776776225896725 ], [ -76.306846127135472, 37.765878194150837 ], [ -76.311226184180413, 37.750965589840014 ], [ -76.315802520725725, 37.747771512864134 ], [ -76.313799284773935, 37.742546056639561 ], [ -76.308253498754539, 37.74062924785899 ], [ -76.305134916529738, 37.730134422625852 ], [ -76.314587048168406, 37.734473025566267 ], [ -76.319562714221647, 37.733241397809223 ], [ -76.319707757015934, 37.723219698296049 ], [ -76.31110853080655, 37.717197888860667 ], [ -76.301162733255381, 37.698491049390597 ], [ -76.30301771725901, 37.688923652339568 ], [ -76.310117297402655, 37.690544127109938 ], [ -76.312348381974616, 37.684674480325519 ], [ -76.324006753294753, 37.687962643990872 ], [ -76.332028302001689, 37.68537233737613 ], [ -76.343919539815474, 37.690198466743183 ], [ -76.349439701660742, 37.695063395957533 ], [ -76.349781456575258, 37.701044072862537 ], [ -76.357338991225774, 37.706293168854984 ], [ -76.376113419004923, 37.711582946088846 ], [ -76.364295688207761, 37.728350972443138 ], [ -76.361882286278075, 37.736690922046783 ], [ -76.363164604447576, 37.751216079103024 ], [ -76.368948132053333, 37.75763599858773 ], [ -76.36392490614756, 37.765492188721723 ], [ -76.368124491298104, 37.773401688036984 ], [ -76.381833819020969, 37.779521566590894 ], [ -76.401090185689014, 37.7803333970311 ], [ -76.402910365364022, 37.785424099541473 ], [ -76.41227059463958, 37.791589687571552 ], [ -76.413131658130908, 37.798965055316415 ], [ -76.419639896595939, 37.806432603830402 ], [ -76.419349399661186, 37.823341049163169 ], [ -76.429643542340273, 37.829036521965264 ], [ -76.440308435984818, 37.822386430850628 ], [ -76.462077085280498, 37.820244210294511 ], [ -76.468342958325223, 37.822665076227388 ], [ -76.477398201213106, 37.837338914772836 ], [ -76.494707974718509, 37.841133586761806 ], [ -76.508092882094857, 37.83331170388383 ], [ -76.511204836971842, 37.84963118501129 ], [ -76.536204635702916, 37.857918818771907 ], [ -76.548007068738087, 37.867675340874364 ], [ -76.541000911848286, 37.890166844951999 ], [ -76.545171392438647, 37.898245589738067 ], [ -76.546915668727436, 37.913408016915035 ], [ -76.555445235188515, 37.930887115356853 ], [ -76.576944368156944, 37.938017910991832 ], [ -76.583423313402875, 37.944739480860846 ], [ -76.595777139730743, 37.948713619695511 ], [ -76.60509834193401, 37.947978548661467 ], [ -76.606968005447143, 37.952679805954403 ], [ -76.62558601039521, 37.962868928334622 ], [ -76.628143553545044, 37.96850206741599 ], [ -76.634558564205136, 37.966380942554082 ], [ -76.632149517919942, 37.977701798156616 ], [ -76.617720390511394, 38.000480380820825 ], [ -76.58816177223045, 38.004983642584818 ], [ -76.581068587334329, 38.013888530634873 ], [ -76.572690604317273, 38.01828159016452 ], [ -76.57308181303442, 38.026815328464338 ], [ -76.552559932624035, 38.025614508065374 ], [ -76.538630656572437, 38.032015899041163 ], [ -76.516574294950118, 38.034785189184817 ] ] ] } },
{ "type": "Feature", "properties": { "County_Nam": "Nelson", "FIPS": 125 }, "geometry": { "type": "Polygon", "coordinates": [ [ [ -78.839342887220567, 38.047623978953943 ], [ -78.700005992203572, 37.811536568643454 ], [ -78.68714784779884, 37.784319916991819 ], [ -78.682474610268272, 37.781439382884301 ], [ -78.689405715072539, 37.778244875207747 ], [ -78.693436997105863, 37.771388941996335 ], [ -78.683945887673374, 37.773650384738005 ], [ -78.667613980066633, 37.759586789620045 ], [ -78.670535789896874, 37.756930457613208 ], [ -78.683521620165379, 37.759711500612269 ], [ -78.685786766166103, 37.736934102671952 ], [ -78.661486731916426, 37.72258032750247 ], [ -78.658408787185607, 37.72291927240309 ], [ -78.657066922442979, 37.729343723155637 ], [ -78.644048399712858, 37.733143838145132 ], [ -78.646908076082696, 37.722195104791219 ], [ -78.653653837333238, 37.716909426665978 ], [ -78.656070320736333, 37.704005807049995 ], [ -78.644268930893375, 37.693428202776211 ], [ -78.640782931702475, 37.685844718352925 ], [ -78.651946231333042, 37.678077923921371 ], [ -78.660327740267164, 37.677768111843541 ], [ -78.676963120333923, 37.696220101032722 ], [ -78.691237650357976, 37.69854133902323 ], [ -78.695591117843776, 37.692035549378218 ], [ -78.68895466633289, 37.68338353852868 ], [ -78.688812091501006, 37.677403909107682 ], [ -78.709304113846372, 37.672899847343366 ], [ -78.718949298010187, 37.661762567931042 ], [ -78.71263071427822, 37.641789051598465 ], [ -78.715444763398736, 37.637092311615753 ], [ -78.739492744276262, 37.631817809418102 ], [ -78.798710859149026, 37.642384007980326 ], [ -78.822071712329333, 37.631072505972668 ], [ -78.823849855994425, 37.621555865624401 ], [ -78.811178307912058, 37.608570795461908 ], [ -78.810417390079706, 37.603805105188613 ], [ -78.814917579792223, 37.599089892771772 ], [ -78.829811888710992, 37.59424208986033 ], [ -78.834014383272162, 37.588112517277807 ], [ -78.83057388006965, 37.580839674047468 ], [ -78.813547791740419, 37.566340779950494 ], [ -78.825127955115363, 37.558776711126477 ], [ -78.823276920218731, 37.540243072451638 ], [ -78.832057091293308, 37.535622648430945 ], [ -78.846452454082439, 37.537903740936805 ], [ -78.860187637813169, 37.545542178701879 ], [ -78.869775404561679, 37.541849679435295 ], [ -78.868055223841296, 37.545178446973999 ], [ -78.872912571826831, 37.548924121916123 ], [ -78.876602126549813, 37.546345804379513 ], [ -78.883621723010293, 37.550700029465432 ], [ -78.88497586522125, 37.546860627487078 ], [ -78.887906507909136, 37.548351735562683 ], [ -78.893537836146848, 37.543688718741983 ], [ -78.898496393424423, 37.544304067436272 ], [ -78.963756264862511, 37.66530224428115 ], [ -78.971613089126478, 37.670255361898242 ], [ -78.966961560688134, 37.677096212244507 ], [ -78.983085676538835, 37.68221123143195 ], [ -78.982443707701023, 37.687023810759804 ], [ -78.98827645160236, 37.689913814824266 ], [ -78.986129127978529, 37.69754718060662 ], [ -78.996257503426463, 37.701757290251749 ], [ -79.006434497064248, 37.697531339453711 ], [ -79.014842073650215, 37.705405829494545 ], [ -79.03067778494426, 37.702450200848538 ], [ -79.038483215917182, 37.709273867955758 ], [ -79.057482659105631, 37.712241128525093 ], [ -79.067306637092457, 37.719364690411709 ], [ -79.064451036515848, 37.725070687167531 ], [ -79.069781663405848, 37.731047578379993 ], [ -79.065898160401389, 37.746431879606384 ], [ -79.072166361310749, 37.762372399498346 ], [ -79.066829352505508, 37.769934397141689 ], [ -79.070990832266801, 37.778124658445876 ], [ -79.076424061720175, 37.778310180134731 ], [ -79.074603517549932, 37.781496688344831 ], [ -79.089749386634992, 37.788021352383616 ], [ -79.100157812676585, 37.784774059369624 ], [ -79.114123502713213, 37.786351021615999 ], [ -79.119936983647293, 37.79416178448907 ], [ -79.119961300937177, 37.801267822452957 ], [ -79.128263843950066, 37.802082124099719 ], [ -79.135266691713241, 37.807443031168042 ], [ -79.138165051352019, 37.814182125553359 ], [ -79.171885491423652, 37.80343524173491 ], [ -79.164006474046928, 37.816392514146848 ], [ -79.157809276384896, 37.819856863711486 ], [ -79.159838417681399, 37.826612601828195 ], [ -79.154348189329454, 37.833526338545042 ], [ -79.158799294068842, 37.838421969330248 ], [ -79.15280656863365, 37.848866299391453 ], [ -79.144207627946898, 37.856146177067828 ], [ -79.1441585323157, 37.859989545093086 ], [ -79.151351135655119, 37.865815500466312 ], [ -79.146555761091264, 37.869569817772287 ], [ -79.146172840758354, 37.874699503476037 ], [ -79.150871694784286, 37.876726803849117 ], [ -79.151534964947317, 37.885354884785357 ], [ -79.157750532249139, 37.891196888762373 ], [ -79.150723163744445, 37.892665992615136 ], [ -79.146106516545487, 37.888883885059634 ], [ -79.122618506974177, 37.895880900092493 ], [ -79.116285620781667, 37.901899333360902 ], [ -79.107895792812243, 37.903535260995994 ], [ -79.105716303619189, 37.901235201848031 ], [ -79.092367159651673, 37.910621433817902 ], [ -79.076665188689404, 37.914986859339166 ], [ -79.069056140743513, 37.91329618731065 ], [ -79.062622157304943, 37.917599406603443 ], [ -79.057162357714105, 37.912856574879683 ], [ -79.052393371568485, 37.912940204163867 ], [ -79.050266231514996, 37.900006666132953 ], [ -79.045738796376213, 37.897739700009772 ], [ -79.044605908662504, 37.89091043241914 ], [ -79.017423423625161, 37.893586477073036 ], [ -79.014734859646495, 37.886422734670553 ], [ -79.005150961093563, 37.881759698704712 ], [ -78.987502754681358, 37.895808622688811 ], [ -78.980677103131214, 37.906588192061896 ], [ -78.970344757364771, 37.91271636073769 ], [ -78.954781973592574, 37.916425620242862 ], [ -78.959167776712121, 37.920358412766468 ], [ -78.956904644576042, 37.925807834474909 ], [ -78.941773707863234, 37.940449917748566 ], [ -78.925858925445795, 37.940158788173783 ], [ -78.91990487537258, 37.946289370389088 ], [ -78.910213331983542, 37.945270288615603 ], [ -78.899031101479522, 37.948875936200864 ], [ -78.902328662430833, 37.951504816535532 ], [ -78.902468200070444, 37.957774203347959 ], [ -78.892609059925903, 37.974626525204435 ], [ -78.893864954611573, 37.977201685114736 ], [ -78.907662539704987, 37.976045149544376 ], [ -78.907094690591308, 37.987283382642495 ], [ -78.897431988416542, 37.995000074722796 ], [ -78.887923363926916, 37.996535966009624 ], [ -78.881767395446957, 38.008593967016886 ], [ -78.881997548011412, 38.017882342738176 ], [ -78.874073941683505, 38.028259850407444 ], [ -78.858116603537169, 38.029470104795351 ], [ -78.855465274468287, 38.035578937341228 ], [ -78.839342887220567, 38.047623978953943 ] ] ] } },
{ "type": "Feature", "properties": { "County_Nam": null, "FIPS": 901 }, "geometry": { "type": "Polygon", "coordinates": [ [ [ -76.016648283634879, 37.953520015189397 ], [ -76.00523143058814, 37.953361183572952 ], [ -75.997908427868936, 37.944550499294898 ], [ -75.99501329319969, 37.9534074876155 ], [ -75.94362903224679, 37.946057743912334 ], [ -75.952630977470008, 37.906725574141333 ], [ -75.883559128250525, 37.911311683422277 ], [ -75.801149165187354, 37.91217705638811 ], [ -75.761657658961937, 37.941321172634652 ], [ -75.691601351238063, 37.955263829529294 ], [ -75.656144736446805, 37.945178590440641 ], [ -75.64818323003297, 37.946712422650471 ], [ -75.64852675909691, 37.964196474392189 ], [ -75.641568175749555, 37.963066533021646 ], [ -75.636048722276684, 37.950986938335852 ], [ -75.641036352085294, 37.937704522567081 ], [ -75.646636226363185, 37.935452240022855 ], [ -75.666201208708671, 37.937078166464836 ], [ -75.678779506954186, 37.942752027015281 ], [ -75.693280657621585, 37.930703004271081 ], [ -75.704081946985283, 37.92882283600661 ], [ -75.707634184907832, 37.930266132969493 ], [ -75.712230764797454, 37.936479813832719 ], [ -75.710132107426901, 37.934653869482226 ], [ -75.70940244436062, 37.936767270564587 ], [ -75.713703052201026, 37.937989562235146 ], [ -75.731775907394734, 37.918726362895079 ], [ -75.743329201225791, 37.913102094909014 ], [ -75.74128172332928, 37.90696372155751 ], [ -75.734809429774785, 37.90487724007594 ], [ -75.737033709456824, 37.901506047613019 ], [ -75.756571843942041, 37.90283766233442 ], [ -75.758889193226508, 37.900290109559997 ], [ -75.759695789164113, 37.898329106886514 ], [ -75.753091461776208, 37.896690699260276 ], [ -75.745175192368436, 37.900017269603005 ], [ -75.741837866329917, 37.897000995284145 ], [ -75.726887783477679, 37.897571881925899 ], [ -75.712931823259268, 37.90310095857577 ], [ -75.702095717011417, 37.890872453488996 ], [ -75.68782159749027, 37.887144197141382 ], [ -75.679157289548556, 37.888176872814078 ], [ -75.679020553071027, 37.882576128693003 ], [ -75.682159918686793, 37.880201112176024 ], [ -75.679441309799543, 37.872754109445602 ], [ -75.685351852928719, 37.873513015729017 ], [ -75.692883840272842, 37.868279761262748 ], [ -75.692995168457458, 37.862679811928963 ], [ -75.687037420147391, 37.857746306984076 ], [ -75.69356176699128, 37.848499085894069 ], [ -75.702415451759094, 37.850118550039845 ], [ -75.703868238027638, 37.846159946632135 ], [ -75.709055368079888, 37.846311362363394 ], [ -75.710427603873157, 37.839369865272516 ], [ -75.713924984160215, 37.83821309407174 ], [ -75.709995453007807, 37.833376580264968 ], [ -75.716884600764871, 37.828071287709911 ], [ -75.715454303089743, 37.821971417183228 ], [ -75.723531534444447, 37.819952767413227 ], [ -75.719501717550457, 37.813562424924221 ], [ -75.724146156374999, 37.806366377259195 ], [ -75.71795659549197, 37.799556586686549 ], [ -75.727568107422059, 37.794919031373531 ], [ -75.725870689083379, 37.784028209472901 ], [ -75.728437956542294, 37.781754603110151 ], [ -75.75743340104269, 37.794931350235224 ], [ -75.769295307607436, 37.788477648778603 ], [ -75.776156922918062, 37.789746224049509 ], [ -75.781433150749777, 37.796960017504446 ], [ -75.780462219543253, 37.802173733565809 ], [ -75.761940589109599, 37.798261845780509 ], [ -75.77072045986948, 37.804410105765214 ], [ -75.77632055220856, 37.803309742187643 ], [ -75.783419128214305, 37.806739444197895 ], [ -75.792665850796851, 37.805722115281455 ], [ -75.805977285906934, 37.793144136330973 ], [ -75.8143433494851, 37.795858020262891 ], [ -75.810976159171446, 37.791392800911211 ], [ -75.815669819766924, 37.790826328727569 ], [ -75.819527960866509, 37.792286661738515 ], [ -75.824814379143604, 37.791947779419615 ], [ -75.81654062933346, 37.790392169295124 ], [ -75.812535090497988, 37.777790398371351 ], [ -75.81177403485836, 37.781759134282687 ], [ -75.804179161539295, 37.781450774689091 ], [ -75.801683055204862, 37.785827865622792 ], [ -75.79970836600873, 37.782860245683302 ], [ -75.79171428631949, 37.784291058589311 ], [ -75.789054080802103, 37.780424312128126 ], [ -75.782998612722977, 37.780597715090636 ], [ -75.781337762259909, 37.774256811499072 ], [ -75.791954998864853, 37.773426467801649 ], [ -75.794046313711249, 37.769502958977689 ], [ -75.80127568091649, 37.772685123018988 ], [ -75.797857278179507, 37.770281591095504 ], [ -75.80269443437551, 37.762096375971375 ], [ -75.797757569422785, 37.762389079627511 ], [ -75.795147310101484, 37.766719500811064 ], [ -75.787753597665912, 37.763718316955462 ], [ -75.787281610051167, 37.75714869277931 ], [ -75.792997397899484, 37.750226566454494 ], [ -75.808030782798554, 37.745962515567903 ], [ -75.81118998876974, 37.749516702710267 ], [ -75.821924397234952, 37.743121818681495 ], [ -75.832443537451837, 37.730850971579315 ], [ -75.830897801286667, 37.725125118844069 ], [ -75.837700549931625, 37.713362121436155 ], [ -75.859567931670583, 37.703596527038371 ], [ -75.854267044922608, 37.697828431338323 ], [ -75.86007472115439, 37.696720346490665 ], [ -75.872010951780638, 37.684007445480049 ], [ -75.86684726911885, 37.680850428295017 ], [ -75.863962246528899, 37.683300667099672 ], [ -75.85325017580675, 37.682578870950209 ], [ -75.852062936186002, 37.676422493012872 ], [ -75.868276808077141, 37.668665421525965 ], [ -75.890384132767394, 37.651476785593545 ], [ -75.891544604837264, 37.64868970446485 ], [ -75.888787949714199, 37.648248615540567 ], [ -75.892261444225113, 37.642438161591187 ], [ -75.89011138942962, 37.640334083836379 ], [ -75.902326928369177, 37.625930484270071 ], [ -75.907438432857745, 37.625519427230792 ], [ -75.923615050651293, 37.601900849157616 ], [ -75.925738414123444, 37.595734927689286 ], [ -75.921231089439544, 37.591363240428315 ], [ -75.921556573867221, 37.58458070266078 ], [ -75.932358056760293, 37.579247135893688 ], [ -75.94111271935175, 37.563771677773246 ], [ -75.940999246337441, 37.558049169121723 ], [ -75.935186384570571, 37.550537526545497 ], [ -76.124229280563, 37.542540414544447 ], [ -76.094517820301959, 37.630125367669031 ], [ -76.044007676229725, 37.701889722869936 ], [ -76.046060012696969, 37.706796025882092 ], [ -76.056547316759264, 37.712021035984606 ], [ -76.128072690909534, 37.719730616309043 ], [ -76.136816686698708, 37.723980223270324 ], [ -76.147492132159954, 37.740816976944544 ], [ -76.155730245962914, 37.776093708154328 ], [ -76.161087188457657, 37.832966488667672 ], [ -76.158636100432318, 37.850915101825791 ], [ -76.145370233673944, 37.876552646664592 ], [ -76.142308569416315, 37.903567434620328 ], [ -76.143910716762619, 37.91840514550541 ], [ -76.052056823312327, 37.953606627926114 ], [ -76.045689345520543, 37.953608142924068 ], [ -76.044831423317248, 37.94760431949161 ], [ -76.03473851780943, 37.942673392098193 ], [ -76.031887783781016, 37.934970032062012 ], [ -76.034884572214821, 37.925813875289997 ], [ -76.028840368811402, 37.899865116256422 ], [ -76.025635814089199, 37.892847337630045 ], [ -76.02487636872246, 37.901161451917893 ], [ -76.027843682532861, 37.902726349715458 ], [ -76.031941224090602, 37.917845428503497 ], [ -76.029524903101461, 37.918853466197625 ], [ -76.031416298644757, 37.920711563022401 ], [ -76.025146744305204, 37.922019066620088 ], [ -76.024982164577892, 37.926968478040543 ], [ -76.014847327643366, 37.928232405093787 ], [ -76.020916534453434, 37.939905475038351 ], [ -76.016531603382418, 37.94577011574453 ], [ -76.019676370700083, 37.950406987289526 ], [ -76.016648283634879, 37.953520015189397 ] ], [ [ -75.998515468291956, 37.848045518020633 ], [ -76.000311977888785, 37.834727283766121 ], [ -75.996672277045988, 37.812636028149079 ], [ -75.978074931029795, 37.802294304875694 ], [ -75.994012234441769, 37.814075812075465 ], [ -75.984202935988179, 37.820397465430624 ], [ -75.984577919356965, 37.824492942697034 ], [ -75.97593759703075, 37.827280074827549 ], [ -75.972394163179416, 37.833508034125693 ], [ -75.982185970498108, 37.835150397607485 ], [ -75.994293892794289, 37.851156914857349 ], [ -75.998515468291956, 37.848045518020633 ] ], [ [ -76.00815582658683, 37.871471150413718 ], [ -76.002940387054949, 37.861950794051374 ], [ -75.994602734948344, 37.859980129636519 ], [ -75.995282787566836, 37.866042265263424 ], [ -76.00815582658683, 37.871471150413718 ] ], [ [ -76.009334976095559, 37.872871561820752 ], [ -76.009250150464524, 37.872800185837001 ], [ -76.009139456905658, 37.872864223370435 ], [ -76.009313989858626, 37.873000174021634 ], [ -76.009334976095559, 37.872871561820752 ] ], [ [ -76.012266420225757, 37.880106226713472 ], [ -76.011950161673241, 37.879976004312418 ], [ -76.011443815928033, 37.881875290661554 ], [ -76.012441271086828, 37.881120916687372 ], [ -76.012266420225757, 37.880106226713472 ] ], [ [ -76.002600882525655, 37.886096745557978 ], [ -76.003678453198802, 37.885526525775028 ], [ -76.002947551667944, 37.881285469499169 ], [ -76.001567178644848, 37.883108782257459 ], [ -76.002600882525655, 37.886096745557978 ] ], [ [ -75.898791676075007, 37.887219866252053 ], [ -75.898455293648809, 37.888578868941686 ], [ -75.900687604937318, 37.889611786069032 ], [ -75.899535343215661, 37.887617503995202 ], [ -75.898791676075007, 37.887219866252053 ] ], [ [ -76.023807757235645, 37.891342333140365 ], [ -76.023355416488954, 37.891553556379847 ], [ -76.023371675428081, 37.891598478977798 ], [ -76.024053513495417, 37.891509186725486 ], [ -76.023807757235645, 37.891342333140365 ] ], [ [ -75.90064479998864, 37.899140924479553 ], [ -75.904783258935012, 37.898018600162608 ], [ -75.903587412554771, 37.892390275001461 ], [ -75.902725169237698, 37.895618983182366 ], [ -75.897776039469079, 37.894775872351062 ], [ -75.90064479998864, 37.899140924479553 ] ], [ [ -75.902771799240256, 37.901999700762275 ], [ -75.901667724309007, 37.905667374344119 ], [ -75.898497486849251, 37.904803882266215 ], [ -75.901191102764471, 37.908325300207515 ], [ -75.902771799240256, 37.901999700762275 ] ], [ [ -75.805094997243486, 37.799200162578586 ], [ -75.804634649904003, 37.799072623791076 ], [ -75.804601013330213, 37.799309445330486 ], [ -75.804842648763127, 37.799431721138269 ], [ -75.805094997243486, 37.799200162578586 ] ], [ [ -75.733189076269852, 37.799604783059436 ], [ -75.733028868826551, 37.799125835381901 ], [ -75.732679353431763, 37.799317282028497 ], [ -75.732795906048494, 37.799330077086609 ], [ -75.733189076269852, 37.799604783059436 ] ], [ [ -75.890642817627821, 37.789868034169167 ], [ -75.890325331126874, 37.793757287293104 ], [ -75.893459732946212, 37.808377349611519 ], [ -75.891120474290446, 37.809783088466702 ], [ -75.893392060987665, 37.811070484587553 ], [ -75.897149578967614, 37.802004142172613 ], [ -75.890642817627821, 37.789868034169167 ] ], [ [ -75.743828511280469, 37.814592118670738 ], [ -75.743337926665703, 37.806564619995555 ], [ -75.737604500748816, 37.807533484973234 ], [ -75.740665179247657, 37.801092513671378 ], [ -75.733511944040714, 37.802532009414975 ], [ -75.730673130994376, 37.797948486940236 ], [ -75.728880574545713, 37.798376437290869 ], [ -75.743828511280469, 37.814592118670738 ] ], [ [ -75.792531536861247, 37.807271003284065 ], [ -75.792517648706777, 37.807034505606914 ], [ -75.792278319682012, 37.807128501158395 ], [ -75.792327758042347, 37.807270122896441 ], [ -75.792531536861247, 37.807271003284065 ] ], [ [ -75.743148629060116, 37.820822137943317 ], [ -75.74352166191062, 37.819039718192975 ], [ -75.737054935371035, 37.822985217670265 ], [ -75.739539298411572, 37.823262577156939 ], [ -75.743148629060116, 37.820822137943317 ] ], [ [ -75.897210581378616, 37.887013379719953 ], [ -75.897045537909563, 37.886942536217866 ], [ -75.896911463748651, 37.886963837861991 ], [ -75.897095449701069, 37.887043549874804 ], [ -75.897210581378616, 37.887013379719953 ] ], [ [ -75.891453283623278, 37.904420381706728 ], [ -75.892621152096083, 37.904641347757554 ], [ -75.893923916719615, 37.903788751769284 ], [ -75.889311780373362, 37.903841753485885 ], [ -75.891453283623278, 37.904420381706728 ] ], [ [ -75.883903068765008, 37.909335292930919 ], [ -75.882972472096014, 37.909459452174787 ], [ -75.883639662115669, 37.910346707668516 ], [ -75.884067681701481, 37.909901862254856 ], [ -75.883903068765008, 37.909335292930919 ] ] ] } },
{ "type": "Feature", "properties": { "County_Nam": "Hanover", "FIPS": 85 }, "geometry": { "type": "Polygon", "coordinates": [ [ [ -77.642297687687275, 37.99224270872007 ], [ -77.643245692350945, 37.979322795408407 ], [ -77.636448593254585, 37.977885032660751 ], [ -77.630645890742286, 37.971712093077578 ], [ -77.632458952281567, 37.965251472963303 ], [ -77.621155882063348, 37.966801484424927 ], [ -77.61392167051784, 37.959172823092004 ], [ -77.618073467480585, 37.950209503053173 ], [ -77.611598242401939, 37.949988535071022 ], [ -77.603757456610353, 37.955555258115844 ], [ -77.58629348725951, 37.949475437367923 ], [ -77.580741246227575, 37.951075152500778 ], [ -77.576296339338327, 37.958164903604548 ], [ -77.564035289804025, 37.946565735969159 ], [ -77.566182918349213, 37.942770436338328 ], [ -77.562292955057558, 37.936813539491979 ], [ -77.545999061277456, 37.928386341380332 ], [ -77.556798886639569, 37.92270059227998 ], [ -77.54571986003188, 37.915952990974041 ], [ -77.536698631529688, 37.921351589839482 ], [ -77.528690055501201, 37.920911266063584 ], [ -77.518786285120129, 37.906918131548657 ], [ -77.493264622005157, 37.897351511285684 ], [ -77.492334242157, 37.888995583245105 ], [ -77.483948400609904, 37.883347348428771 ], [ -77.478169772943446, 37.883541280906826 ], [ -77.469791571702871, 37.889479941727039 ], [ -77.462096034351219, 37.888325623248861 ], [ -77.444432665910412, 37.894402366682478 ], [ -77.442532443290602, 37.888967649228498 ], [ -77.436059072177628, 37.885177552682478 ], [ -77.433087625129545, 37.875115142828008 ], [ -77.418705060881905, 37.860728098133848 ], [ -77.421046175181274, 37.858821429344538 ], [ -77.424648743428961, 37.861597018607647 ], [ -77.427642371141005, 37.857953410072717 ], [ -77.428005436424058, 37.829518207339099 ], [ -77.426279236584392, 37.825615942366461 ], [ -77.411874314722681, 37.823406830391683 ], [ -77.409386511628512, 37.820407496833127 ], [ -77.413666018150877, 37.818569429683691 ], [ -77.412827475839762, 37.815689534538414 ], [ -77.420877116770654, 37.815332816368084 ], [ -77.422641803725156, 37.809344667130873 ], [ -77.406802411615601, 37.803082328319178 ], [ -77.402131904293611, 37.805899070585049 ], [ -77.395232966628143, 37.803077175875906 ], [ -77.398003556902253, 37.790344291557538 ], [ -77.390811089061572, 37.786786912469296 ], [ -77.393422952940696, 37.784289570779919 ], [ -77.40309935314967, 37.786079502634863 ], [ -77.404358660482757, 37.779775246740563 ], [ -77.374420706481615, 37.776699232984512 ], [ -77.37113889948499, 37.787919027559013 ], [ -77.365807036246096, 37.789040018697733 ], [ -77.366637466413835, 37.793301426817486 ], [ -77.362457714728649, 37.797706243417537 ], [ -77.353771825045598, 37.795546250342277 ], [ -77.348872358502931, 37.788912644691301 ], [ -77.33202309442774, 37.792426214952336 ], [ -77.329230961694293, 37.788288954345916 ], [ -77.329512991089828, 37.777882054585994 ], [ -77.321786712465666, 37.769913126037402 ], [ -77.323888190064636, 37.767055639195348 ], [ -77.331717991481156, 37.767766005980469 ], [ -77.337908129373801, 37.764282087822558 ], [ -77.335213955654211, 37.755520176869346 ], [ -77.316477435581263, 37.752749606055708 ], [ -77.303524139992788, 37.754981582702804 ], [ -77.301114563146072, 37.750935237316995 ], [ -77.303887235090812, 37.744199036842417 ], [ -77.30772378489263, 37.741235773008874 ], [ -77.312802786184037, 37.744258667240359 ], [ -77.320790547732429, 37.743657787163798 ], [ -77.322689007524801, 37.73385194084976 ], [ -77.293406180861481, 37.739954076162171 ], [ -77.297185877003784, 37.724639711092692 ], [ -77.292117174784195, 37.714228690200024 ], [ -77.279576119609374, 37.714048380769988 ], [ -77.269762865664916, 37.723677410931991 ], [ -77.262956833926566, 37.719789129381567 ], [ -77.260365921420131, 37.713945263432379 ], [ -77.247753307128832, 37.709531981817562 ], [ -77.243791904803672, 37.712274921407896 ], [ -77.250194404265116, 37.717573325561062 ], [ -77.247321888634701, 37.721363459986733 ], [ -77.252017722599518, 37.7224318034745 ], [ -77.245480352730127, 37.731180674106362 ], [ -77.242130311753073, 37.729241644393397 ], [ -77.243745174955905, 37.726804801451756 ], [ -77.236239100576, 37.72641131307963 ], [ -77.233634952715477, 37.722225242676437 ], [ -77.235405141880591, 37.717663324757588 ], [ -77.230081606790904, 37.713875670960448 ], [ -77.24361599128251, 37.699195619627886 ], [ -77.236763915338173, 37.69218186970636 ], [ -77.241215093493125, 37.686782679172893 ], [ -77.213959654096499, 37.689183492622995 ], [ -77.208407968190826, 37.683749941262761 ], [ -77.212749296389788, 37.681145240017521 ], [ -77.211404626543498, 37.67715124428522 ], [ -77.202557873097476, 37.67846587736031 ], [ -77.199350320097878, 37.689851273072776 ], [ -77.184486440793833, 37.687230417273696 ], [ -77.182528404510848, 37.68091790039702 ], [ -77.184788078721652, 37.675993912216406 ], [ -77.181995835861869, 37.673918850839733 ], [ -77.191634704361874, 37.666972200592433 ], [ -77.186467200608689, 37.657954982772374 ], [ -77.167234235868307, 37.660499967319794 ], [ -77.16316747530125, 37.668390157738543 ], [ -77.157038073058203, 37.66546773482829 ], [ -77.154921693412035, 37.668651568146366 ], [ -77.153207366173376, 37.664327922740149 ], [ -77.14820456193479, 37.663815394120313 ], [ -77.147560226785615, 37.675168534319162 ], [ -77.140104424126861, 37.667860340080118 ], [ -77.141291352331137, 37.6652636500651 ], [ -77.136452708164171, 37.66707720663522 ], [ -77.13358313588958, 37.662652529324156 ], [ -77.119911160572741, 37.659871163626619 ], [ -77.109813606579792, 37.663253771762257 ], [ -77.10966403705433, 37.652856700051004 ], [ -77.117868080758129, 37.643042092311596 ], [ -77.114777268632281, 37.636325098568818 ], [ -77.128650097765416, 37.636129570361767 ], [ -77.123664394996482, 37.626745671859993 ], [ -77.135276730328229, 37.623978865178103 ], [ -77.133859285970516, 37.619482786036812 ], [ -77.138191595504622, 37.617029683367285 ], [ -77.13306152126998, 37.609696736242199 ], [ -77.140409834462602, 37.592373340330553 ], [ -77.149879481180122, 37.591345015335691 ], [ -77.170631258379046, 37.596358646050682 ], [ -77.210385957144041, 37.564297468149313 ], [ -77.221903216531047, 37.5506377035382 ], [ -77.234138374440832, 37.547169201352808 ], [ -77.234582693966615, 37.541938411535099 ], [ -77.231050548178928, 37.538310363200168 ], [ -77.243748046473115, 37.538536026040191 ], [ -77.258500408751956, 37.545193795567798 ], [ -77.261636743316572, 37.551000440046217 ], [ -77.28228534964299, 37.554347379416321 ], [ -77.292184673327739, 37.56046602717867 ], [ -77.305062018824259, 37.560686085874281 ], [ -77.314966859200723, 37.567787198800509 ], [ -77.323031161584581, 37.568455553498673 ], [ -77.335018750379902, 37.577872718449079 ], [ -77.357472211580756, 37.582923352800314 ], [ -77.369080554563766, 37.592569807116639 ], [ -77.381897120181236, 37.594693058678956 ], [ -77.403591626972414, 37.605107441385307 ], [ -77.4086046420082, 37.614699311065806 ], [ -77.404843986516553, 37.624233601875829 ], [ -77.41709692371127, 37.631798322532894 ], [ -77.42420306183071, 37.648512857709306 ], [ -77.430344935896926, 37.651495367048732 ], [ -77.430798130570381, 37.657994510341958 ], [ -77.439643617134635, 37.668109569175172 ], [ -77.442041341820655, 37.680795229527142 ], [ -77.448536727434046, 37.68470433014236 ], [ -77.451901481931955, 37.679635354468012 ], [ -77.460490973826225, 37.678246615507092 ], [ -77.471925040672915, 37.687514324769971 ], [ -77.478667394464722, 37.680898131951395 ], [ -77.487844521802714, 37.685528088200705 ], [ -77.495138887332104, 37.701326059958106 ], [ -77.502916469079807, 37.699142633775303 ], [ -77.511569393746441, 37.701706979880392 ], [ -77.520319274098824, 37.697532742632823 ], [ -77.522166781391135, 37.700210095346485 ], [ -77.527915925000343, 37.696775316065093 ], [ -77.526375490980186, 37.694325763426775 ], [ -77.531645673311246, 37.694424444813592 ], [ -77.543409317603007, 37.684695943616568 ], [ -77.550916455307771, 37.686128694883813 ], [ -77.550054756324172, 37.682572162587171 ], [ -77.556945597437249, 37.684716225844383 ], [ -77.557860984884812, 37.681977251674404 ], [ -77.594661439511469, 37.696566116515044 ], [ -77.598561420576971, 37.704022446938872 ], [ -77.60989809154465, 37.710298167894443 ], [ -77.622672434821965, 37.705148616676055 ], [ -77.659047108471739, 37.71035279449984 ], [ -77.682401777754237, 37.705263966979608 ], [ -77.711602509454877, 37.706233386609235 ], [ -77.750291830075227, 37.716911085093898 ], [ -77.784177026170937, 37.721607167616348 ], [ -77.797295188539792, 37.729241545128943 ], [ -77.687459858539469, 38.007960431608659 ], [ -77.671297307363858, 38.00398579630415 ], [ -77.667179985443866, 37.997055621818994 ], [ -77.660747379838924, 37.997372583491895 ], [ -77.659602379891822, 37.991987679080388 ], [ -77.649540549152078, 37.994152128765322 ], [ -77.642297687687275, 37.99224270872007 ] ] ] } },
{ "type": "Feature", "properties": { "County_Nam": "Fluvanna", "FIPS": 65 }, "geometry": { "type": "Polygon", "coordinates": [ [ [ -78.223049447243383, 37.972759033944939 ], [ -78.205146898397601, 37.957382902045012 ], [ -78.193338300334517, 37.952483336471886 ], [ -78.173809664370623, 37.950228422130628 ], [ -78.063239532422912, 37.905261683195171 ], [ -78.151533830711315, 37.771296618777292 ], [ -78.158992581561662, 37.749150789009782 ], [ -78.169123112516004, 37.749119431500645 ], [ -78.183907585741395, 37.743976754175094 ], [ -78.191129177095533, 37.736267070411181 ], [ -78.223119383599084, 37.715610235308439 ], [ -78.229509819317926, 37.697474393890175 ], [ -78.238949731723594, 37.691126852886612 ], [ -78.245354431421376, 37.690558596020615 ], [ -78.265481232671377, 37.69370749486577 ], [ -78.291896521266509, 37.708660020224897 ], [ -78.308077275774224, 37.709695453569957 ], [ -78.344215686724823, 37.718841930800529 ], [ -78.365202260821135, 37.731832451331968 ], [ -78.404200899578214, 37.734736324627505 ], [ -78.422159290567933, 37.740438882865554 ], [ -78.460311865428494, 37.757830895633042 ], [ -78.470541046588295, 37.766156066970169 ], [ -78.484803338393206, 37.793575187073934 ], [ -78.491779303766364, 37.796695012698386 ], [ -78.306663330867082, 38.006423464190654 ], [ -78.278095533113472, 37.992052470428135 ], [ -78.229680203913574, 37.978662885775982 ], [ -78.223049447243383, 37.972759033944939 ] ] ] } },
{ "type": "Feature", "properties": { "County_Nam": "Accomack", "FIPS": 1 }, "geometry": { "type": "Polygon", "coordinates": [ [ [ -76.006028040123255, 37.953480557136857 ], [ -75.99501329319969, 37.9534074876155 ], [ -75.99783553763389, 37.944578156150172 ], [ -76.003067579056747, 37.947931465095408 ], [ -76.006028040123255, 37.953480557136857 ] ] ] } },
{ "type": "Feature", "properties": { "County_Nam": "Accomack", "FIPS": 1 }, "geometry": { "type": "Polygon", "coordinates": [ [ [ -76.045689345520543, 37.953608142924068 ], [ -76.017429070649925, 37.953522283215094 ], [ -76.019676370700083, 37.950406987289526 ], [ -76.016531603382418, 37.94577011574453 ], [ -76.020916534453434, 37.939905475038351 ], [ -76.014847327643366, 37.928232405093787 ], [ -76.024982164577892, 37.926968478040543 ], [ -76.025146744305204, 37.922019066620088 ], [ -76.031416298644757, 37.920711563022401 ], [ -76.029524903101461, 37.918853466197625 ], [ -76.031941224090602, 37.917845428503497 ], [ -76.027843682532861, 37.902726349715458 ], [ -76.02487636872246, 37.901161451917893 ], [ -76.026558598034569, 37.899132456370147 ], [ -76.024627769225972, 37.894147186144551 ], [ -76.025561145337818, 37.892870519499219 ], [ -76.034884572214821, 37.925813875289997 ], [ -76.031887783781016, 37.934970032062012 ], [ -76.03473851780943, 37.942673392098193 ], [ -76.044831423317248, 37.94760431949161 ], [ -76.045689345520543, 37.953608142924068 ] ] ] } },
{ "type": "Feature", "properties": { "County_Nam": "King & Queen", "FIPS": 97 }, "geometry": { "type": "Polygon", "coordinates": [ [ [ -77.183029519554324, 37.924103380312602 ], [ -77.181637022635613, 37.921651089560598 ], [ -77.178875090252106, 37.928870831617871 ], [ -77.183974973811914, 37.941401147835094 ], [ -77.178791802265181, 37.946584195077968 ], [ -77.181131387352522, 37.950911324027572 ], [ -77.165922366361556, 37.964831114216118 ], [ -77.156636300221422, 37.966213831857857 ], [ -77.148616521847387, 37.971997262207147 ], [ -77.106375829981189, 37.971693755049593 ], [ -77.096429465694811, 37.963747716148966 ], [ -77.072402610508092, 37.968494640525158 ], [ -77.064447927881773, 37.958365988872941 ], [ -77.073075985656715, 37.946138801624784 ], [ -77.059036636560421, 37.942780838472352 ], [ -77.055301800883868, 37.930941931593914 ], [ -77.033755575182269, 37.925301234286543 ], [ -77.032737442995568, 37.917095760839373 ], [ -77.028538051828733, 37.915501106226976 ], [ -77.029119242658396, 37.911142984598072 ], [ -77.024054119727694, 37.905025743504822 ], [ -77.027441527015597, 37.898898090111174 ], [ -77.030791421949829, 37.89845732190588 ], [ -77.0287884928821, 37.894305976933119 ], [ -77.031633242755078, 37.891373169605409 ], [ -77.020355420319774, 37.885660226768671 ], [ -77.024881691060315, 37.881838083218987 ], [ -77.022898485059827, 37.879506634133179 ], [ -77.039883240512495, 37.876611316167256 ], [ -77.042803384930636, 37.872692415065018 ], [ -77.041181240130499, 37.869192504576326 ], [ -77.020234816340235, 37.860733768286607 ], [ -77.019087876650957, 37.844845549911248 ], [ -77.006260258505989, 37.837096261479992 ], [ -76.992454731949707, 37.834550567980578 ], [ -76.982769352704437, 37.839364109040524 ], [ -76.969669454283093, 37.82865490813731 ], [ -76.945208054024093, 37.82820535519614 ], [ -76.945549518503569, 37.811845498184248 ], [ -76.941315771093898, 37.802527258403217 ], [ -76.94328590867832, 37.782697949128462 ], [ -76.931378112712054, 37.791391979637822 ], [ -76.906242469112016, 37.795953631030713 ], [ -76.888381933682254, 37.790568286688021 ], [ -76.881044329521671, 37.782282039367026 ], [ -76.871144540202877, 37.783041234347685 ], [ -76.842083578949044, 37.798003979533135 ], [ -76.820364839493834, 37.79242071310405 ], [ -76.802887698319992, 37.794992039729898 ], [ -76.793392734741104, 37.788984005156387 ], [ -76.790598416004954, 37.786352187339588 ], [ -76.789723747648736, 37.771788493283736 ], [ -76.77209069970003, 37.762380540310524 ], [ -76.755258271242781, 37.743522187936769 ], [ -76.749383045342213, 37.720281258616339 ], [ -76.750992747133594, 37.711745240086692 ], [ -76.74710836332558, 37.705451439185786 ], [ -76.732413632061622, 37.688154990291196 ], [ -76.725021710260179, 37.69198545816981 ], [ -76.728197289274263, 37.675588229859542 ], [ -76.72199585603893, 37.673085597382077 ], [ -76.72330881176282, 37.669371331528893 ], [ -76.716627247487637, 37.660593739208551 ], [ -76.718167626002085, 37.65805909809648 ], [ -76.706451479677298, 37.652546750597764 ], [ -76.706211099802687, 37.644815257035731 ], [ -76.69570862136284, 37.638934992042998 ], [ -76.695894362939612, 37.630453784490712 ], [ -76.68788644601689, 37.625492231175286 ], [ -76.683164436538533, 37.617878678380407 ], [ -76.672594788907602, 37.61489474258768 ], [ -76.654087507216971, 37.603245218562208 ], [ -76.663216855175932, 37.565709913426446 ], [ -76.661296119718997, 37.55901345068694 ], [ -76.666227131595818, 37.533561965799166 ], [ -76.669487716681246, 37.52891947839867 ], [ -76.667446318377429, 37.520386172197078 ], [ -76.647786797835579, 37.495797655589087 ], [ -76.648581938921922, 37.486834643710502 ], [ -76.645191102693985, 37.486005349034137 ], [ -76.647303514221704, 37.480383525139459 ], [ -76.651507871820257, 37.480498411612473 ], [ -76.649013271912494, 37.476939355515547 ], [ -76.652266841184726, 37.476463606174633 ], [ -76.651356028670335, 37.472783329541059 ], [ -76.655362090110728, 37.473748050955002 ], [ -76.653586088571032, 37.470868511133425 ], [ -76.662462060942289, 37.462123396120177 ], [ -76.661525012694113, 37.458069528485147 ], [ -76.668547383014769, 37.455266874884927 ], [ -76.673353501643632, 37.461422347436489 ], [ -76.684827317461455, 37.453715822347576 ], [ -76.68725371675518, 37.447789130367873 ], [ -76.703330668224098, 37.450102665795015 ], [ -76.704151979392279, 37.440217320258768 ], [ -76.71229567157701, 37.431262707243292 ], [ -76.733245687147658, 37.450670929501328 ], [ -76.753131163023738, 37.485306724879109 ], [ -76.766985058006114, 37.495020983498861 ], [ -76.790524594501662, 37.505048953351896 ], [ -76.792164967438111, 37.517434336810794 ], [ -76.786104105485236, 37.525096701216121 ], [ -76.788998386827913, 37.535969292434658 ], [ -76.778362667288363, 37.54644480590671 ], [ -76.777104771614589, 37.551609889471813 ], [ -76.785306223619116, 37.569222691488889 ], [ -76.79949082209464, 37.573128214149527 ], [ -76.793846442895159, 37.583781231827523 ], [ -76.795096002095093, 37.58875737073474 ], [ -76.823606088064295, 37.591593974344292 ], [ -76.825723670277682, 37.597356191787881 ], [ -76.815604745092358, 37.600783825983363 ], [ -76.814679354903518, 37.604071810988145 ], [ -76.833115210210693, 37.606832998154268 ], [ -76.838824921405688, 37.616860503093179 ], [ -76.852269530013132, 37.613227748754824 ], [ -76.868081939403169, 37.617700874417395 ], [ -76.870160430578437, 37.62296266508681 ], [ -76.857482782446084, 37.627865136054083 ], [ -76.855654341864621, 37.636083836199965 ], [ -76.880273539007248, 37.657066490704565 ], [ -76.904746878796203, 37.654215672990532 ], [ -76.91312096610217, 37.657324513007772 ], [ -76.906097309273989, 37.671830708503421 ], [ -76.916102594465983, 37.684711390615149 ], [ -76.916519690232619, 37.695059559150991 ], [ -76.935431001529778, 37.689201398716747 ], [ -76.966361619339665, 37.689451090309902 ], [ -76.970070549484205, 37.692149116980332 ], [ -76.974428711994435, 37.70797346620887 ], [ -76.998265350364335, 37.707481668260606 ], [ -77.008110285575043, 37.715463428236056 ], [ -77.011882835819364, 37.722725818001607 ], [ -77.035464665207044, 37.72107267932283 ], [ -77.036390235095197, 37.725247237238925 ], [ -77.048930443445656, 37.733816459036227 ], [ -77.059477104372036, 37.749642178292731 ], [ -77.084016110508287, 37.74858656095406 ], [ -77.08982784761379, 37.755156811068829 ], [ -77.080353945866435, 37.765577606048637 ], [ -77.074242390378927, 37.767395365159302 ], [ -77.074145858994413, 37.774095034890934 ], [ -77.076735829857469, 37.778163246927484 ], [ -77.081184375024264, 37.777566548477132 ], [ -77.082158141359784, 37.781187814841985 ], [ -77.099097591475143, 37.783061183240207 ], [ -77.106817744272988, 37.794753385504038 ], [ -77.103954394429053, 37.801376326824354 ], [ -77.092556929433655, 37.802045777378098 ], [ -77.093185338475834, 37.809667481946711 ], [ -77.100019346434777, 37.81342304881376 ], [ -77.108836665552843, 37.810992266901287 ], [ -77.114362567645827, 37.804690912863698 ], [ -77.11666632466077, 37.808364563365693 ], [ -77.120801183914352, 37.807621045740987 ], [ -77.115873328334501, 37.81518709274728 ], [ -77.120950464609308, 37.823237719906473 ], [ -77.126416400480608, 37.825957492456794 ], [ -77.121454937928377, 37.837065917246065 ], [ -77.130639024051874, 37.840952988738366 ], [ -77.131421133288299, 37.847406869522054 ], [ -77.141258939106621, 37.855079600967315 ], [ -77.133048663742343, 37.86533736866992 ], [ -77.13808903182867, 37.867244204628044 ], [ -77.147213383901743, 37.864252969525509 ], [ -77.154300102629151, 37.86943797831816 ], [ -77.160682121815341, 37.865295093708539 ], [ -77.164590860731479, 37.866491627554623 ], [ -77.163127644144424, 37.872488631580794 ], [ -77.151512472609397, 37.874197478270794 ], [ -77.148758999892422, 37.880718033159333 ], [ -77.164367253493083, 37.883423769879762 ], [ -77.162073642659195, 37.890706636360534 ], [ -77.169128167250079, 37.897236234427218 ], [ -77.173340141305033, 37.895221046036703 ], [ -77.172721420575925, 37.891172827277359 ], [ -77.1810587783405, 37.890036321675197 ], [ -77.179632723089284, 37.897307925307061 ], [ -77.186897235255955, 37.898313054828144 ], [ -77.187015438187998, 37.901212526556684 ], [ -77.181792777479103, 37.904612178221278 ], [ -77.178536571567818, 37.900856194545341 ], [ -77.174747802547316, 37.904237986717412 ], [ -77.186517563361605, 37.911319039767832 ], [ -77.18191035856141, 37.918307304972899 ], [ -77.18643714619769, 37.923675125222502 ], [ -77.183029519554324, 37.924103380312602 ] ] ] } },
{ "type": "Feature", "properties": { "County_Nam": null, "FIPS": 901 }, "geometry": { "type": "Polygon", "coordinates": [ [ [ -76.143731181571781, 37.915174901329415 ], [ -76.145370233673944, 37.876552646664592 ], [ -76.158636100432318, 37.850915101825791 ], [ -76.161087188457657, 37.832966488667672 ], [ -76.155730245962914, 37.776093708154328 ], [ -76.147492132159954, 37.740816976944544 ], [ -76.136816686698708, 37.723980223270324 ], [ -76.128072690909534, 37.719730616309043 ], [ -76.062266230700772, 37.71315157002293 ], [ -76.046060012696969, 37.706796025882092 ], [ -76.044205759896712, 37.69834234914611 ], [ -76.062472757276808, 37.673318613688465 ], [ -76.308420233825686, 37.669960336462331 ], [ -76.319963026240018, 37.680834526458625 ], [ -76.332836949408104, 37.685031095468986 ], [ -76.324006753294753, 37.687962643990872 ], [ -76.312348381974616, 37.684674480325519 ], [ -76.310117297402655, 37.690544127109938 ], [ -76.30301771725901, 37.688923652339568 ], [ -76.300417183090929, 37.695504702534002 ], [ -76.31110853080655, 37.717197888860667 ], [ -76.319707757015934, 37.723219698296049 ], [ -76.319562714221647, 37.733241397809223 ], [ -76.314587048168406, 37.734473025566267 ], [ -76.305134916529738, 37.730134422625852 ], [ -76.308253498754539, 37.74062924785899 ], [ -76.313799284773935, 37.742546056639561 ], [ -76.315802520725725, 37.747771512864134 ], [ -76.311226184180413, 37.750965589840014 ], [ -76.306846127135472, 37.765878194150837 ], [ -76.31014397270738, 37.776776225896725 ], [ -76.305527838110635, 37.77546417029243 ], [ -76.305002799850868, 37.780393109773208 ], [ -76.298314274485563, 37.778943674744006 ], [ -76.291658041017413, 37.784266492861754 ], [ -76.287728020347615, 37.777594986909563 ], [ -76.285233028021977, 37.782547562634818 ], [ -76.290019557332414, 37.786591628789608 ], [ -76.298708156580659, 37.78378813275188 ], [ -76.31195611183945, 37.791962608562038 ], [ -76.306844866843193, 37.802868165520032 ], [ -76.308854635703568, 37.817980243626494 ], [ -76.305907422712693, 37.823053146946478 ], [ -76.287889941716841, 37.821225503422156 ], [ -76.282084670438834, 37.817996841425085 ], [ -76.282750169508674, 37.813125067046805 ], [ -76.280012939010334, 37.812402219553697 ], [ -76.267609957805846, 37.816059951587725 ], [ -76.261619351152177, 37.822221148610858 ], [ -76.262442498657265, 37.827040855270404 ], [ -76.251004845838168, 37.834332147432249 ], [ -76.250353000221565, 37.849313493412978 ], [ -76.236614078717395, 37.88930980835174 ], [ -76.229039334438639, 37.885687373668652 ], [ -76.143910716762619, 37.91840514550541 ], [ -76.143731181571781, 37.915174901329415 ] ], [ [ -76.276771219965681, 37.784302151904882 ], [ -76.277000588370214, 37.783876078311657 ], [ -76.275654604180048, 37.784395328713714 ], [ -76.276256343722281, 37.784593867051818 ], [ -76.276771219965681, 37.784302151904882 ] ] ] } },
{ "type": "Feature", "properties": { "County_Nam": "Accomack", "FIPS": 1 }, "geometry": { "type": "Polygon", "coordinates": [ [ [ -75.883377289785471, 37.909244610139446 ], [ -75.884022835883712, 37.909451558974467 ], [ -75.883639662115669, 37.910346707668516 ], [ -75.882974324036212, 37.909644200881381 ], [ -75.883377289785471, 37.909244610139446 ] ] ] } },
{ "type": "Feature", "properties": { "County_Nam": "Accomack", "FIPS": 1 }, "geometry": { "type": "Polygon", "coordinates": [ [ [ -75.902599592132773, 37.902073125386345 ], [ -75.903940286256642, 37.904829758612223 ], [ -75.901191102764471, 37.908325300207515 ], [ -75.899343452681336, 37.907050616679442 ], [ -75.899073308468985, 37.905736812711581 ], [ -75.898737261955006, 37.905843029268418 ], [ -75.898497486849251, 37.904803882266215 ], [ -75.901667724309007, 37.905667374344119 ], [ -75.902599592132773, 37.902073125386345 ] ] ] } },
{ "type": "Feature", "properties": { "County_Nam": "Alleghany", "FIPS": 5 }, "geometry": { "type": "Polygon", "coordinates": [ [ [ -79.949389636503895, 37.954184399512727 ], [ -79.933535445874142, 37.95335735777865 ], [ -79.894215535451181, 37.898029152647304 ], [ -79.887247531659696, 37.892934434361244 ], [ -79.807767991331929, 37.880362667544766 ], [ -79.74930868868843, 37.885403151161114 ], [ -79.721379122796577, 37.868545205517584 ], [ -79.685905443406611, 37.838423279416546 ], [ -79.647458348626827, 37.874510433694361 ], [ -79.641744432224456, 37.871485276498646 ], [ -79.627713451858028, 37.875636158972014 ], [ -79.61901253703202, 37.867581269459244 ], [ -79.606212359844918, 37.86164465541129 ], [ -79.616562085590289, 37.852209896133168 ], [ -79.625223202500806, 37.829809188845246 ], [ -79.63711428474393, 37.814332360187699 ], [ -79.642800305668416, 37.81369788022419 ], [ -79.67403087817334, 37.763254343527876 ], [ -79.816715409153161, 37.800951534055727 ], [ -79.845253790652748, 37.78251259627114 ], [ -79.843514082923321, 37.7768276958165 ], [ -79.851652884082043, 37.764010618036089 ], [ -79.868092695751542, 37.74794756091157 ], [ -79.890567243622883, 37.737568140581544 ], [ -79.915222316329974, 37.704083339684786 ], [ -79.923191354766672, 37.698196070760595 ], [ -79.941822250822142, 37.698963294721835 ], [ -79.956447014820512, 37.684680495397963 ], [ -80.020658043668078, 37.647520265510543 ], [ -80.03282152442786, 37.660381372518486 ], [ -80.046141687365534, 37.649865088703137 ], [ -80.068750898781119, 37.639809694638458 ], [ -80.076249379490292, 37.632152205495153 ], [ -80.105046503993535, 37.622484741424657 ], [ -80.124017874266599, 37.6076357835762 ], [ -80.138648995643081, 37.60068572724191 ], [ -80.150516034893869, 37.599397033573375 ], [ -80.170367922007401, 37.617493667965661 ], [ -80.17781184509235, 37.615291180710699 ], [ -80.203504281002111, 37.61742834752998 ], [ -80.264365775352516, 37.648773051682277 ], [ -80.276782785214124, 37.657834889120544 ], [ -80.307037001437024, 37.689597951338506 ], [ -80.291865840173116, 37.692872590228966 ], [ -80.286264372262778, 37.698479537726783 ], [ -80.283051444136603, 37.69736569111398 ], [ -80.264574693916288, 37.718555072514754 ], [ -80.253045033238124, 37.725442798958554 ], [ -80.251916541410893, 37.729646016243251 ], [ -80.260246954866972, 37.733298192490253 ], [ -80.262854702703734, 37.738435160257318 ], [ -80.257440095243368, 37.756160688144789 ], [ -80.250909610490282, 37.755462249808055 ], [ -80.251498768453857, 37.763294909333247 ], [ -80.248392272846701, 37.768317530558463 ], [ -80.241298695429961, 37.768013729299959 ], [ -80.241079276027335, 37.772225181357719 ], [ -80.230347207181822, 37.778318776759576 ], [ -80.216646651488645, 37.776073772823231 ], [ -80.215900850872259, 37.781908813369128 ], [ -80.223545078828707, 37.782440272471419 ], [ -80.222875909892949, 37.78659857053038 ], [ -80.229561006481376, 37.792450650550308 ], [ -80.227839270305864, 37.797817144009954 ], [ -80.218493791924132, 37.809829940346106 ], [ -80.206723075367407, 37.815660295632803 ], [ -80.193110233935244, 37.834628493614026 ], [ -80.179097211467749, 37.839992809300639 ], [ -80.182901753423124, 37.850983834236722 ], [ -80.176726529864766, 37.852669948505998 ], [ -80.162097073432065, 37.875041284162222 ], [ -80.14871067932026, 37.886649332319145 ], [ -80.141502908121467, 37.882517864589303 ], [ -80.129644766255595, 37.894155434002727 ], [ -80.117710762539986, 37.897757988494511 ], [ -80.116779123058009, 37.906402686617497 ], [ -80.102811404806147, 37.918972816082913 ], [ -80.096288794304499, 37.91832883707302 ], [ -80.074712714285454, 37.94214797009888 ], [ -80.056841631838893, 37.951871040751101 ], [ -80.026940234770606, 37.942787333499965 ], [ -80.001770783902785, 37.960517316725522 ], [ -79.990373495672614, 37.960597511020119 ], [ -79.975000904130198, 37.953767470057656 ], [ -79.949389636503895, 37.954184399512727 ] ], [ [ -79.996597475626018, 37.794437663668326 ], [ -80.001342594757034, 37.789760352737567 ], [ -79.995958952501738, 37.782274563963 ], [ -79.997574227415782, 37.777291487109707 ], [ -80.0038320644164, 37.765514767347867 ], [ -80.009159588273874, 37.762858746807055 ], [ -79.992519804848982, 37.748418559390338 ], [ -79.97903518819993, 37.753727233000987 ], [ -79.982688258596738, 37.761460646296754 ], [ -79.974822696500866, 37.773716395991556 ], [ -79.981728856470838, 37.78192885074084 ], [ -79.977573592455087, 37.785920794523378 ], [ -79.98626980320573, 37.813124806895964 ], [ -79.999155368076131, 37.806102598419834 ], [ -79.992107818927224, 37.799950399601393 ], [ -79.996597475626018, 37.794437663668326 ] ] ] } },
{ "type": "Feature", "properties": { "County_Nam": "Accomack", "FIPS": 1 }, "geometry": { "type": "Polygon", "coordinates": [ [ [ -75.892579051318236, 37.904645352557672 ], [ -75.890709278065287, 37.905214641762868 ], [ -75.889311780373362, 37.903841753485885 ], [ -75.893795206073918, 37.903609473997832 ], [ -75.892579051318236, 37.904645352557672 ] ] ] } },
{ "type": "Feature", "properties": { "County_Nam": "Accomack", "FIPS": 1 }, "geometry": { "type": "Polygon", "coordinates": [ [ [ -75.901114651764246, 37.89932252370135 ], [ -75.897776039469079, 37.894775872351062 ], [ -75.902725169237698, 37.895618983182366 ], [ -75.903587412554771, 37.892390275001461 ], [ -75.904783258935012, 37.898018600162608 ], [ -75.901114651764246, 37.89932252370135 ] ] ] } },
{ "type": "Feature", "properties": { "County_Nam": "Accomack", "FIPS": 1 }, "geometry": { "type": "Polygon", "coordinates": [ [ [ -75.898616084786823, 37.887285780843349 ], [ -75.899535343215661, 37.887617503995202 ], [ -75.900687604937318, 37.889611786069032 ], [ -75.898455293648809, 37.888578868941686 ], [ -75.898616084786823, 37.887285780843349 ] ] ] } },
{ "type": "Feature", "properties": { "County_Nam": "Accomack", "FIPS": 1 }, "geometry": { "type": "Polygon", "coordinates": [ [ [ -76.023613597162864, 37.891488224318536 ], [ -76.023831117032302, 37.891335370584116 ], [ -76.024060152768214, 37.891475331159853 ], [ -76.023355416488954, 37.891553556379847 ], [ -76.023613597162864, 37.891488224318536 ] ] ] } },
{ "type": "Feature", "properties": { "County_Nam": "Accomack", "FIPS": 1 }, "geometry": { "type": "Polygon", "coordinates": [ [ [ -75.897045537909563, 37.886942536217866 ], [ -75.897112943865196, 37.886962300855721 ], [ -75.897235728783485, 37.887035719932904 ], [ -75.896911463748651, 37.886963837861991 ], [ -75.897045537909563, 37.886942536217866 ] ] ] } },
{ "type": "Feature", "properties": { "County_Nam": "Accomack", "FIPS": 1 }, "geometry": { "type": "Polygon", "coordinates": [ [ [ -76.002747803696096, 37.886003114261484 ], [ -76.001567178644848, 37.883108782257459 ], [ -76.002947551667944, 37.881285469499169 ], [ -76.003678453198802, 37.885526525775028 ], [ -76.002747803696096, 37.886003114261484 ] ] ] } },
{ "type": "Feature", "properties": { "County_Nam": "Accomack", "FIPS": 1 }, "geometry": { "type": "Polygon", "coordinates": [ [ [ -76.012060273577433, 37.880072397566586 ], [ -76.012490322929324, 37.880992062987936 ], [ -76.011502039266219, 37.881897322871019 ], [ -76.012040492482967, 37.880968888752442 ], [ -76.012060273577433, 37.880072397566586 ] ] ] } },
{ "type": "Feature", "properties": { "County_Nam": "King William", "FIPS": 101 }, "geometry": { "type": "Polygon", "coordinates": [ [ [ -77.181516140038184, 37.891541759998638 ], [ -77.178840702688049, 37.889023082639412 ], [ -77.176598600238421, 37.892619587942669 ], [ -77.172721420575925, 37.891172827277359 ], [ -77.173340141305033, 37.895221046036703 ], [ -77.169128167250079, 37.897236234427218 ], [ -77.162073642659195, 37.890706636360534 ], [ -77.164367253493083, 37.883423769879762 ], [ -77.149268972279614, 37.881821636349336 ], [ -77.150378668196495, 37.875047259450731 ], [ -77.162596746350246, 37.872872365401896 ], [ -77.164118407770545, 37.866079030467169 ], [ -77.154300102629151, 37.86943797831816 ], [ -77.147213383901743, 37.864252969525509 ], [ -77.13808903182867, 37.867244204628044 ], [ -77.133048663742343, 37.86533736866992 ], [ -77.141258939106621, 37.855079600967315 ], [ -77.131421133288299, 37.847406869522054 ], [ -77.130639024051874, 37.840952988738366 ], [ -77.121454937928377, 37.837065917246065 ], [ -77.126416400480608, 37.825957492456794 ], [ -77.120950464609308, 37.823237719906473 ], [ -77.115873328334501, 37.81518709274728 ], [ -77.120801183914352, 37.807621045740987 ], [ -77.11666632466077, 37.808364563365693 ], [ -77.114362567645827, 37.804690912863698 ], [ -77.108836665552843, 37.810992266901287 ], [ -77.100019346434777, 37.81342304881376 ], [ -77.093185338475834, 37.809667481946711 ], [ -77.092556929433655, 37.802045777378098 ], [ -77.103954394429053, 37.801376326824354 ], [ -77.106817744272988, 37.794753385504038 ], [ -77.099097591475143, 37.783061183240207 ], [ -77.082158141359784, 37.781187814841985 ], [ -77.081184375024264, 37.777566548477132 ], [ -77.076735829857469, 37.778163246927484 ], [ -77.074145858994413, 37.774095034890934 ], [ -77.074242390378927, 37.767395365159302 ], [ -77.080353945866435, 37.765577606048637 ], [ -77.08982784761379, 37.755156811068829 ], [ -77.083537947147676, 37.748166956860317 ], [ -77.059477104372036, 37.749642178292731 ], [ -77.048930443445656, 37.733816459036227 ], [ -77.036390235095197, 37.725247237238925 ], [ -77.035464665207044, 37.72107267932283 ], [ -77.011882835819364, 37.722725818001607 ], [ -77.008110285575043, 37.715463428236056 ], [ -76.998265350364335, 37.707481668260606 ], [ -76.974428711994435, 37.70797346620887 ], [ -76.970070549484205, 37.692149116980332 ], [ -76.966361619339665, 37.689451090309902 ], [ -76.935431001529778, 37.689201398716747 ], [ -76.916519690232619, 37.695059559150991 ], [ -76.916102594465983, 37.684711390615149 ], [ -76.906097309273989, 37.671830708503421 ], [ -76.91312096610217, 37.657324513007772 ], [ -76.904746878796203, 37.654215672990532 ], [ -76.880273539007248, 37.657066490704565 ], [ -76.855654341864621, 37.636083836199965 ], [ -76.857482782446084, 37.627865136054083 ], [ -76.870160430578437, 37.62296266508681 ], [ -76.868081939403169, 37.617700874417395 ], [ -76.852269530013132, 37.613227748754824 ], [ -76.838824921405688, 37.616860503093179 ], [ -76.833115210210693, 37.606832998154268 ], [ -76.814679354903518, 37.604071810988145 ], [ -76.815604745092358, 37.600783825983363 ], [ -76.825723670277682, 37.597356191787881 ], [ -76.823606088064295, 37.591593974344292 ], [ -76.815033160649108, 37.588903017202526 ], [ -76.795707494717433, 37.589372177529313 ], [ -76.793846442895159, 37.583781231827523 ], [ -76.79949082209464, 37.573128214149527 ], [ -76.785306223619116, 37.569222691488889 ], [ -76.777186946677816, 37.552433296099203 ], [ -76.778362667288363, 37.54644480590671 ], [ -76.788998386827913, 37.535969292434658 ], [ -76.78762733302456, 37.520601180925503 ], [ -76.792164967438111, 37.517434336810794 ], [ -76.79717563000446, 37.520544104906307 ], [ -76.816588665755148, 37.548949510989324 ], [ -76.822161182606678, 37.552310884060446 ], [ -76.827078538132568, 37.550684732709783 ], [ -76.831925331536581, 37.541042903865943 ], [ -76.856515521669522, 37.523147589371966 ], [ -76.875740448879853, 37.528791920894427 ], [ -76.876877219983129, 37.536062637979477 ], [ -76.865045912658431, 37.547044758123818 ], [ -76.853585660917901, 37.571392016504007 ], [ -76.856647679022757, 37.578438875261867 ], [ -76.866854083230422, 37.581175329565632 ], [ -76.882433586360094, 37.575802070723178 ], [ -76.873274064403589, 37.557506271590604 ], [ -76.875717272464868, 37.552008222911816 ], [ -76.900517066833416, 37.546003586967345 ], [ -76.905626148298481, 37.550267423141435 ], [ -76.903762233161174, 37.566298903547825 ], [ -76.917791293678277, 37.569613606785417 ], [ -76.94280495481415, 37.559336034791308 ], [ -76.946024534298587, 37.535810466521845 ], [ -76.974182326120925, 37.541381155075321 ], [ -76.975658843505329, 37.545862583900089 ], [ -76.959614810942341, 37.553824259480436 ], [ -76.955136394803034, 37.563552921582414 ], [ -76.956947174906531, 37.571582119719274 ], [ -76.966357403384251, 37.585768660392361 ], [ -76.978118687730415, 37.585520260380257 ], [ -76.993586573346747, 37.579981054066366 ], [ -76.981511088524528, 37.572949891744486 ], [ -76.983739845420132, 37.565216013496787 ], [ -76.999686527542423, 37.561810644520804 ], [ -77.016419639726706, 37.565698559884801 ], [ -77.026094580552737, 37.573824030363788 ], [ -77.019515139616189, 37.583807381744059 ], [ -77.037090781648672, 37.585902465624848 ], [ -77.048380315287588, 37.595703670491105 ], [ -77.067389923135835, 37.603924513371027 ], [ -77.071283610277248, 37.597414847811088 ], [ -77.080907376884355, 37.596826424345785 ], [ -77.091155924636652, 37.604282888590653 ], [ -77.089814170021427, 37.618295553567144 ], [ -77.097027579572895, 37.61689908624227 ], [ -77.106755458104487, 37.62419214590475 ], [ -77.117048875873607, 37.623622563927086 ], [ -77.124421404929819, 37.627353861334697 ], [ -77.129658601821475, 37.635309301440614 ], [ -77.114777268632281, 37.636325098568818 ], [ -77.117868080758129, 37.643042092311596 ], [ -77.10966403705433, 37.652856700051004 ], [ -77.110160315311873, 37.663499900098536 ], [ -77.119911160572741, 37.659871163626619 ], [ -77.13358313588958, 37.662652529324156 ], [ -77.136452708164171, 37.66707720663522 ], [ -77.141291352331137, 37.6652636500651 ], [ -77.140104424126861, 37.667860340080118 ], [ -77.147560226785615, 37.675168534319162 ], [ -77.14820456193479, 37.663815394120313 ], [ -77.153207366173376, 37.664327922740149 ], [ -77.154921693412035, 37.668651568146366 ], [ -77.157038073058203, 37.66546773482829 ], [ -77.16316747530125, 37.668390157738543 ], [ -77.167234235868307, 37.660499967319794 ], [ -77.185656811434711, 37.657632066505464 ], [ -77.191659954664956, 37.666566201264594 ], [ -77.181995835861869, 37.673918850839733 ], [ -77.184788078721652, 37.675993912216406 ], [ -77.182528404510848, 37.68091790039702 ], [ -77.184486440793833, 37.687230417273696 ], [ -77.199350320097878, 37.689851273072776 ], [ -77.202557873097476, 37.67846587736031 ], [ -77.211404626543498, 37.67715124428522 ], [ -77.212749296389788, 37.681145240017521 ], [ -77.208407968190826, 37.683749941262761 ], [ -77.213959654096499, 37.689183492622995 ], [ -77.241215093493125, 37.686782679172893 ], [ -77.236763915338173, 37.69218186970636 ], [ -77.24361599128251, 37.699195619627886 ], [ -77.230099873574787, 37.713692839283361 ], [ -77.235405141880591, 37.717663324757588 ], [ -77.233634952715477, 37.722225242676437 ], [ -77.236576144059029, 37.726724828310516 ], [ -77.241691711493758, 37.725974267739019 ], [ -77.242880427466048, 37.729941537318012 ], [ -77.248124487665692, 37.730233595203302 ], [ -77.252011322702899, 37.722208888499942 ], [ -77.247321888634701, 37.721363459986733 ], [ -77.250194404265116, 37.717573325561062 ], [ -77.243789337175428, 37.712178095242336 ], [ -77.24937555438666, 37.709397393157985 ], [ -77.260365921420131, 37.713945263432379 ], [ -77.262956833926566, 37.719789129381567 ], [ -77.269762865664916, 37.723677410931991 ], [ -77.279576119609374, 37.714048380769988 ], [ -77.292117174784195, 37.714228690200024 ], [ -77.297185877003784, 37.724639711092692 ], [ -77.29356589163126, 37.740038829787345 ], [ -77.322609096245216, 37.733700320837272 ], [ -77.320790547732429, 37.743657787163798 ], [ -77.307332332341332, 37.741362841500504 ], [ -77.30122399731448, 37.751548128815372 ], [ -77.303837382974606, 37.75521200703993 ], [ -77.316477435581263, 37.752749606055708 ], [ -77.33456616746011, 37.754839141106814 ], [ -77.338171381604468, 37.763990753113383 ], [ -77.331717991481156, 37.767766005980469 ], [ -77.323888190064636, 37.767055639195348 ], [ -77.321814729046878, 37.770218959877788 ], [ -77.329512991089828, 37.777882054585994 ], [ -77.331628816680052, 37.792233519783643 ], [ -77.345264855816126, 37.7893562520971 ], [ -77.345562121102176, 37.792258725635527 ], [ -77.290744009089153, 37.8362880541899 ], [ -77.288041339907778, 37.843644284502595 ], [ -77.279812404938511, 37.843921082784931 ], [ -77.262209770781709, 37.864031543120142 ], [ -77.250146659501993, 37.872544199312166 ], [ -77.246990833962315, 37.880054623969322 ], [ -77.248372068330568, 37.886367704872121 ], [ -77.24046439900998, 37.89285802141044 ], [ -77.245520808659663, 37.904386208028825 ], [ -77.24141016650033, 37.909677640968312 ], [ -77.230310978711444, 37.907027511850785 ], [ -77.226317683233844, 37.898641514695186 ], [ -77.219739559253412, 37.903866236532174 ], [ -77.211356772378394, 37.901059377276212 ], [ -77.211426519491738, 37.895579159345985 ], [ -77.216298656027035, 37.891175541661795 ], [ -77.2089216246424, 37.885718211530836 ], [ -77.204433148016292, 37.887072998131103 ], [ -77.208812323170235, 37.88843268851906 ], [ -77.205315747148205, 37.891940626776986 ], [ -77.198245575013246, 37.88819804225983 ], [ -77.192083117011478, 37.891732844066382 ], [ -77.186470973414359, 37.889471779870007 ], [ -77.181516140038184, 37.891541759998638 ] ] ] } },
{ "type": "Feature", "properties": { "County_Nam": "Accomack", "FIPS": 1 }, "geometry": { "type": "Polygon", "coordinates": [ [ [ -76.008425732875864, 37.871279572279001 ], [ -76.007398275619281, 37.873086414432144 ], [ -76.001046679550441, 37.866509356492244 ], [ -75.995282787566836, 37.866042265263424 ], [ -75.994602734948344, 37.859980129636519 ], [ -76.002940387054949, 37.861950794051374 ], [ -76.008425732875864, 37.871279572279001 ] ] ] } },
{ "type": "Feature", "properties": { "County_Nam": "Accomack", "FIPS": 1 }, "geometry": { "type": "Polygon", "coordinates": [ [ [ -76.009250150464524, 37.872800185837001 ], [ -76.009334976095559, 37.872871561820752 ], [ -76.009348003310933, 37.872993123112018 ], [ -76.009141957026117, 37.872891240377221 ], [ -76.009250150464524, 37.872800185837001 ] ] ] } },
{ "type": "Feature", "properties": { "County_Nam": "Goochland", "FIPS": 75 }, "geometry": { "type": "Polygon", "coordinates": [ [ [ -78.063239532422912, 37.905261683195171 ], [ -78.018300451371516, 37.892343914777484 ], [ -77.990796570859388, 37.857713720456516 ], [ -77.948362844413694, 37.846089362382763 ], [ -77.915779105062541, 37.805719959949961 ], [ -77.899836527694006, 37.768432613409011 ], [ -77.888517398714228, 37.760792969156888 ], [ -77.833486766040181, 37.753466418224448 ], [ -77.784177026170937, 37.721607167616348 ], [ -77.750291830075227, 37.716911085093898 ], [ -77.711602509454877, 37.706233386609235 ], [ -77.682401777754237, 37.705263966979608 ], [ -77.659047108471739, 37.71035279449984 ], [ -77.630860669596927, 37.705527038858776 ], [ -77.654848066500989, 37.638150066131949 ], [ -77.650859286765723, 37.625863134318998 ], [ -77.65237779555531, 37.617597390657444 ], [ -77.643081844095605, 37.613618190528996 ], [ -77.640312660179347, 37.602792561508743 ], [ -77.626502616952578, 37.598958018982849 ], [ -77.626597091783779, 37.591440628737487 ], [ -77.618292073711245, 37.590016764016426 ], [ -77.616766714524019, 37.577646738964532 ], [ -77.631465199362154, 37.575970393604216 ], [ -77.635770742245171, 37.570954197903255 ], [ -77.63492636853033, 37.565818678610377 ], [ -77.654560619153372, 37.564245430522249 ], [ -77.70545438948011, 37.589807093133771 ], [ -77.732278490356919, 37.590439094058247 ], [ -77.764436362788985, 37.613167635278309 ], [ -77.792406415572842, 37.613089821436837 ], [ -77.806941273239147, 37.607448655127847 ], [ -77.817451726628889, 37.608013486497477 ], [ -77.823124197732369, 37.611788486390942 ], [ -77.821336375179413, 37.621387160755027 ], [ -77.830046127729815, 37.634379117528482 ], [ -77.858596470817531, 37.646334484680622 ], [ -77.874629754354558, 37.658802689825997 ], [ -77.894860410607805, 37.668309231920098 ], [ -77.909237613570539, 37.689084781625027 ], [ -77.916053311740015, 37.692157813718673 ], [ -77.923952748425137, 37.69226164363905 ], [ -77.949322150952923, 37.676926639371146 ], [ -77.957042133466061, 37.660478425129533 ], [ -77.945873510184001, 37.645834587123204 ], [ -77.94463077860631, 37.638366693516957 ], [ -77.94967681380794, 37.629827035705283 ], [ -77.958028472531836, 37.625783840305061 ], [ -77.981639156461043, 37.62506068123772 ], [ -78.014388599533547, 37.642714642072356 ], [ -78.047036732728657, 37.643963030941499 ], [ -78.0646074463275, 37.650152332592498 ], [ -78.085111877155299, 37.669804295643956 ], [ -78.106966481329934, 37.67238788272563 ], [ -78.10863909135962, 37.6805293355537 ], [ -78.090246625729264, 37.696019565900002 ], [ -78.091129868247194, 37.707031404335424 ], [ -78.101280810350147, 37.717686820424603 ], [ -78.115927882178894, 37.722507807829757 ], [ -78.134955333080853, 37.738616838014259 ], [ -78.158992581561662, 37.749150789009782 ], [ -78.151533830711315, 37.771296618777292 ], [ -78.063239532422912, 37.905261683195171 ] ] ] } },
{ "type": "Feature", "properties": { "County_Nam": "Accomack", "FIPS": 1 }, "geometry": { "type": "Polygon", "coordinates": [ [ [ -75.998392144002622, 37.847697316835443 ], [ -75.994293892794289, 37.851156914857349 ], [ -75.982185970498108, 37.835150397607485 ], [ -75.972394163179416, 37.833508034125693 ], [ -75.97593759703075, 37.827280074827549 ], [ -75.984577919356965, 37.824492942697034 ], [ -75.984202935988179, 37.820397465430624 ], [ -75.994012234441769, 37.814075812075465 ], [ -75.992244310843077, 37.810553169269021 ], [ -75.985719386120167, 37.808426892467999 ], [ -75.978074931029795, 37.802294304875694 ], [ -75.996672277045988, 37.812636028149079 ], [ -76.000311977888785, 37.834727283766121 ], [ -75.998392144002622, 37.847697316835443 ] ] ] } },
{ "type": "Feature", "properties": { "County_Nam": "Accomack", "FIPS": 1 }, "geometry": { "type": "Polygon", "coordinates": [ [ [ -75.743459842023412, 37.820624955764941 ], [ -75.739539298411572, 37.823262577156939 ], [ -75.737054935371035, 37.822985217670265 ], [ -75.74352166191062, 37.819039718192975 ], [ -75.743459842023412, 37.820624955764941 ] ] ] } },
{ "type": "Feature", "properties": { "County_Nam": "Lancaster", "FIPS": 103 }, "geometry": { "type": "Polygon", "coordinates": [ [ [ -76.668162371511329, 37.778351130666316 ], [ -76.630412510067842, 37.798796535185325 ], [ -76.627699226728339, 37.805480524400053 ], [ -76.612536255072968, 37.80840174753115 ], [ -76.608196800519821, 37.805595209288747 ], [ -76.605041660453324, 37.809191291840357 ], [ -76.599102920882316, 37.809114356241587 ], [ -76.597613464029692, 37.813611361652399 ], [ -76.594914776678436, 37.810529726782704 ], [ -76.59134365025453, 37.815507685321698 ], [ -76.585399918468042, 37.811836525485475 ], [ -76.58129281484625, 37.819878773905394 ], [ -76.585218698918709, 37.824187884399805 ], [ -76.578283755670199, 37.830983815027551 ], [ -76.570804093476966, 37.832016574061548 ], [ -76.564222583770047, 37.837450636565841 ], [ -76.519059220264992, 37.834337845139046 ], [ -76.508764061430597, 37.838852367070295 ], [ -76.508092882094857, 37.83331170388383 ], [ -76.494497292744327, 37.841129496561599 ], [ -76.477398201213106, 37.837338914772836 ], [ -76.468342958325223, 37.822665076227388 ], [ -76.462077085280498, 37.820244210294511 ], [ -76.440308435984818, 37.822386430850628 ], [ -76.429643542340273, 37.829036521965264 ], [ -76.419349399661186, 37.823341049163169 ], [ -76.419639896595939, 37.806432603830402 ], [ -76.413131658130908, 37.798965055316415 ], [ -76.41227059463958, 37.791589687571552 ], [ -76.402910365364022, 37.785424099541473 ], [ -76.401090185689014, 37.7803333970311 ], [ -76.381632761921949, 37.779472096809485 ], [ -76.36455231612365, 37.769031374531082 ], [ -76.369033085082734, 37.758164500832486 ], [ -76.363164604447576, 37.751216079103024 ], [ -76.361966888170343, 37.736198746289659 ], [ -76.364691647792682, 37.727706487069604 ], [ -76.376682380391173, 37.712709690497661 ], [ -76.361050222898342, 37.708440625904593 ], [ -76.349781456575258, 37.701044072862537 ], [ -76.349225403816618, 37.694797707738424 ], [ -76.332028302001689, 37.68537233737613 ], [ -76.335013854029228, 37.682255328434216 ], [ -76.32493644172942, 37.675962743945171 ], [ -76.326232788111668, 37.668012288579931 ], [ -76.33840640736959, 37.66566015752889 ], [ -76.335743777409888, 37.660129264198076 ], [ -76.342169191048185, 37.655182721770167 ], [ -76.332563482657037, 37.64617248037203 ], [ -76.332823701389472, 37.6305567510515 ], [ -76.320650357056181, 37.626795204709509 ], [ -76.317559119315618, 37.632221737906065 ], [ -76.309817518025767, 37.631987784019323 ], [ -76.310974864979258, 37.635974491216032 ], [ -76.316381210993072, 37.638318650850401 ], [ -76.311207051608619, 37.642308072788282 ], [ -76.292749708954545, 37.635997140003603 ], [ -76.286138948105062, 37.628308995065147 ], [ -76.278875131452011, 37.617312973247955 ], [ -76.283235049035753, 37.613842221544374 ], [ -76.291385882594781, 37.587974616385331 ], [ -76.364626900254791, 37.593148127145184 ], [ -76.416974075116499, 37.620425476986895 ], [ -76.4498381335099, 37.629727230238323 ], [ -76.474141730979241, 37.631686653390339 ], [ -76.505668650560906, 37.626291516384789 ], [ -76.528591314864173, 37.630834646948365 ], [ -76.547376333561544, 37.65520847117147 ], [ -76.564431853300349, 37.696951451070525 ], [ -76.58551593924409, 37.7344103176044 ], [ -76.595623174006576, 37.74634852625892 ], [ -76.612675857366753, 37.759114405064622 ], [ -76.65665276854763, 37.771903123117617 ], [ -76.668162371511329, 37.778351130666316 ] ] ] } },
{ "type": "Feature", "properties": { "County_Nam": "Accomack", "FIPS": 1 }, "geometry": { "type": "Polygon", "coordinates": [ [ [ -75.744025421012509, 37.814985991557506 ], [ -75.741268253719923, 37.810604218745837 ], [ -75.735182633479212, 37.806559436384489 ], [ -75.728880574545713, 37.798376437290869 ], [ -75.733511944040714, 37.802532009414975 ], [ -75.740665179247657, 37.801092513671378 ], [ -75.737604500748816, 37.807533484973234 ], [ -75.743337926665703, 37.806564619995555 ], [ -75.744025421012509, 37.814985991557506 ] ] ] } },
{ "type": "Feature", "properties": { "County_Nam": "Accomack", "FIPS": 1 }, "geometry": { "type": "Polygon", "coordinates": [ [ [ -75.890493687810746, 37.789703104857551 ], [ -75.897149578967614, 37.802004142172613 ], [ -75.893392060987665, 37.811070484587553 ], [ -75.891120474290446, 37.809783088466702 ], [ -75.893459732946212, 37.808377349611519 ], [ -75.890493687810746, 37.789703104857551 ] ] ] } },
{ "type": "Feature", "properties": { "County_Nam": "Accomack", "FIPS": 1 }, "geometry": { "type": "Polygon", "coordinates": [ [ [ -75.792517648706777, 37.807034505606914 ], [ -75.792531536861247, 37.807271003284065 ], [ -75.792280040926613, 37.807223126066368 ], [ -75.792373602203455, 37.80704223581975 ], [ -75.792517648706777, 37.807034505606914 ] ] ] } },
{ "type": "Feature", "properties": { "County_Nam": "Accomack", "FIPS": 1 }, "geometry": { "type": "Polygon", "coordinates": [ [ [ -75.733028868826551, 37.799125835381901 ], [ -75.7331890285746, 37.79952817257405 ], [ -75.733189076269852, 37.799604783059436 ], [ -75.732679353431763, 37.799317282028497 ], [ -75.733028868826551, 37.799125835381901 ] ] ] } },
{ "type": "Feature", "properties": { "County_Nam": "Accomack", "FIPS": 1 }, "geometry": { "type": "Polygon", "coordinates": [ [ [ -75.804945963418305, 37.799041201616824 ], [ -75.805094997243486, 37.799200162578586 ], [ -75.804662097320502, 37.79941042383345 ], [ -75.804634649904003, 37.799072623791076 ], [ -75.804945963418305, 37.799041201616824 ] ] ] } },
{ "type": "Feature", "properties": { "County_Nam": "Northumberland", "FIPS": 133 }, "geometry": { "type": "Polygon", "coordinates": [ [ [ -76.276783775906523, 37.784371864210208 ], [ -76.276096323204712, 37.784595595736775 ], [ -76.275653874291947, 37.784332248058654 ], [ -76.277000588370214, 37.783876078311657 ], [ -76.276783775906523, 37.784371864210208 ] ] ] } },
{ "type": "Feature", "properties": { "County_Nam": "Amherst", "FIPS": 9 }, "geometry": { "type": "Polygon", "coordinates": [ [ [ -79.171885491423652, 37.80343524173491 ], [ -79.138165051352019, 37.814182125553359 ], [ -79.135266691713241, 37.807443031168042 ], [ -79.128263843950066, 37.802082124099719 ], [ -79.119961300937177, 37.801267822452957 ], [ -79.119936983647293, 37.79416178448907 ], [ -79.114123502713213, 37.786351021615999 ], [ -79.100157812676585, 37.784774059369624 ], [ -79.089749386634992, 37.788021352383616 ], [ -79.074603517549932, 37.781496688344831 ], [ -79.076424061720175, 37.778310180134731 ], [ -79.070990832266801, 37.778124658445876 ], [ -79.066829352505508, 37.769934397141689 ], [ -79.072166361310749, 37.762372399498346 ], [ -79.065898160401389, 37.746431879606384 ], [ -79.069781663405848, 37.731047578379993 ], [ -79.064451036515848, 37.725070687167531 ], [ -79.067306637092457, 37.719364690411709 ], [ -79.057482659105631, 37.712241128525093 ], [ -79.038483215917182, 37.709273867955758 ], [ -79.03067778494426, 37.702450200848538 ], [ -79.014842073650215, 37.705405829494545 ], [ -79.006434497064248, 37.697531339453711 ], [ -78.996257503426463, 37.701757290251749 ], [ -78.986335862494627, 37.697732996025792 ], [ -78.98827645160236, 37.689913814824266 ], [ -78.982443707701023, 37.687023810759804 ], [ -78.983085676538835, 37.68221123143195 ], [ -78.966961560688134, 37.677096212244507 ], [ -78.971613089126478, 37.670255361898242 ], [ -78.963756264862511, 37.66530224428115 ], [ -78.898496393424423, 37.544304067436272 ], [ -78.893537836146848, 37.543688718741983 ], [ -78.887906507909136, 37.548351735562683 ], [ -78.88497586522125, 37.546860627487078 ], [ -78.883621723010293, 37.550700029465432 ], [ -78.868021866489997, 37.545080448645166 ], [ -78.880588023173118, 37.532461082024945 ], [ -78.892152895488763, 37.534009917435469 ], [ -78.898265353079879, 37.531443278526659 ], [ -78.892375257727807, 37.517483460971974 ], [ -78.908012686704595, 37.505023441199029 ], [ -78.925812016191884, 37.497428333009552 ], [ -78.949559551575348, 37.503420908140527 ], [ -78.939790504117028, 37.492750863309404 ], [ -78.941385925525523, 37.4832231486672 ], [ -78.967802783643393, 37.474162549982182 ], [ -78.997869526236286, 37.449863631792851 ], [ -79.010194540521113, 37.445616815569842 ], [ -79.01675438836709, 37.430717210479756 ], [ -79.026177571589628, 37.428916419564942 ], [ -79.043185536769158, 37.433365713570865 ], [ -79.040519924108494, 37.422109213310769 ], [ -79.045467510696412, 37.416149781865407 ], [ -79.065315573956752, 37.422804537278196 ], [ -79.070617706046164, 37.421356105805927 ], [ -79.071580195588965, 37.41736842287105 ], [ -79.064643036255688, 37.409437419850271 ], [ -79.061075919289038, 37.391114203210492 ], [ -79.06684880455613, 37.385906996781856 ], [ -79.106469307018571, 37.406613246431959 ], [ -79.111705976014676, 37.40559090827508 ], [ -79.113769688253015, 37.397819579828486 ], [ -79.123219766993927, 37.399786740195282 ], [ -79.139435569479573, 37.416773277509542 ], [ -79.143504221509517, 37.432656801329166 ], [ -79.147297746973706, 37.435309100030061 ], [ -79.146507598723645, 37.428470801575536 ], [ -79.183988364566304, 37.457437377843675 ], [ -79.188208405761941, 37.474455829052545 ], [ -79.209354720017018, 37.477535414085196 ], [ -79.224537163782998, 37.493590648912779 ], [ -79.219655869796426, 37.505297131980434 ], [ -79.239915903093191, 37.50634898595478 ], [ -79.258655557655274, 37.494119379063733 ], [ -79.264272589442186, 37.509289335360208 ], [ -79.293481560487947, 37.499431258248336 ], [ -79.315220515492427, 37.510578464657591 ], [ -79.34035078027614, 37.517162942734373 ], [ -79.366043860972724, 37.547987751467822 ], [ -79.369460109459609, 37.567423904619524 ], [ -79.380308997234778, 37.581033247260457 ], [ -79.380285025635587, 37.590344882616392 ], [ -79.384324070114289, 37.594580865508149 ], [ -79.394623199093971, 37.596835930941381 ], [ -79.405151900598639, 37.607671604104461 ], [ -79.415692431771731, 37.606542733281806 ], [ -79.424593828837445, 37.600966718306502 ], [ -79.436132132136891, 37.605179974758876 ], [ -79.43706732065597, 37.616970365000597 ], [ -79.426228405649198, 37.615396916371004 ], [ -79.418331810325085, 37.626289822166754 ], [ -79.40169142279484, 37.62595623367563 ], [ -79.380424080080871, 37.642695918388924 ], [ -79.365460217706527, 37.645751217985044 ], [ -79.358433392984935, 37.656036175967159 ], [ -79.345114081502217, 37.660869945761682 ], [ -79.340636711187045, 37.67857371679667 ], [ -79.322814917150069, 37.692431591716847 ], [ -79.316649629300869, 37.703216264719245 ], [ -79.317429309020028, 37.714702945750687 ], [ -79.304927230918111, 37.729092555145229 ], [ -79.308547703847026, 37.734208754831386 ], [ -79.264528399328086, 37.794671885634251 ], [ -79.260801055992658, 37.791314552623277 ], [ -79.255686448403566, 37.793359777595839 ], [ -79.245770950748266, 37.805206924265228 ], [ -79.230989426198263, 37.813227274455244 ], [ -79.220807270857378, 37.802883952893701 ], [ -79.215311840252511, 37.801887760220183 ], [ -79.217594336361159, 37.796352008863359 ], [ -79.208843541701498, 37.788915031239277 ], [ -79.198173158013446, 37.788103215788041 ], [ -79.189327057373276, 37.794350163749286 ], [ -79.170923791208281, 37.800319069657341 ], [ -79.171885491423652, 37.80343524173491 ] ] ] } },
{ "type": "Feature", "properties": { "County_Nam": "Covingtion", "FIPS": 580 }, "geometry": { "type": "Polygon", "coordinates": [ [ [ -79.9957564918831, 37.794899906249931 ], [ -79.992107818927224, 37.799950399601393 ], [ -79.999155368076131, 37.806102598419834 ], [ -79.98626980320573, 37.813124806895964 ], [ -79.977573592455087, 37.785920794523378 ], [ -79.981728856470838, 37.78192885074084 ], [ -79.974822696500866, 37.773716395991556 ], [ -79.982688258596738, 37.761460646296754 ], [ -79.97903518819993, 37.753727233000987 ], [ -79.992519804848982, 37.748418559390338 ], [ -80.009159588273874, 37.762858746807055 ], [ -80.0038320644164, 37.765514767347867 ], [ -79.997692273289076, 37.777005065279454 ], [ -79.995958952501738, 37.782274563963 ], [ -80.001342594757034, 37.789760352737567 ], [ -79.9957564918831, 37.794899906249931 ] ] ] } },
{ "type": "Feature", "properties": { "County_Nam": "Middlesex", "FIPS": 119 }, "geometry": { "type": "Polygon", "coordinates": [ [ [ -76.668162371511329, 37.778351130666316 ], [ -76.65665276854763, 37.771903123117617 ], [ -76.612675857366753, 37.759114405064622 ], [ -76.595623174006576, 37.74634852625892 ], [ -76.58551593924409, 37.7344103176044 ], [ -76.564431853300349, 37.696951451070525 ], [ -76.547376333561544, 37.65520847117147 ], [ -76.528591314864173, 37.630834646948365 ], [ -76.505668650560906, 37.626291516384789 ], [ -76.474141730979241, 37.631686653390339 ], [ -76.4498381335099, 37.629727230238323 ], [ -76.416974075116499, 37.620425476986895 ], [ -76.364626900254791, 37.593148127145184 ], [ -76.291385882594781, 37.587974616385331 ], [ -76.299703168889337, 37.561551666781028 ], [ -76.297789677771036, 37.558084588846086 ], [ -76.307779149390598, 37.548553568512084 ], [ -76.30636689084514, 37.529006282689679 ], [ -76.318302059975252, 37.515477820507208 ], [ -76.328542605276539, 37.512706622305032 ], [ -76.336983127427374, 37.515187055051008 ], [ -76.350387889030301, 37.526062424921335 ], [ -76.379447533649284, 37.531921402144576 ], [ -76.391508185200308, 37.530401121419644 ], [ -76.404085071996377, 37.535574748875611 ], [ -76.408836886813148, 37.528397868631693 ], [ -76.411513417457186, 37.515197751257794 ], [ -76.41664528500533, 37.511019642403035 ], [ -76.42524220752928, 37.510654989786062 ], [ -76.455990785527163, 37.520943030355937 ], [ -76.463135209807945, 37.528265898395496 ], [ -76.4805352868851, 37.536131849111108 ], [ -76.499651794605512, 37.537064934230912 ], [ -76.506692410353196, 37.547126390228449 ], [ -76.524203069398169, 37.548639205737317 ], [ -76.530122895401448, 37.556757800835911 ], [ -76.542668850343006, 37.559242296252052 ], [ -76.542789769919963, 37.564022089343339 ], [ -76.54766479663374, 37.567854197153657 ], [ -76.551943640343609, 37.566876516160313 ], [ -76.550746669195647, 37.561250131724591 ], [ -76.556136559157352, 37.555129365282795 ], [ -76.559566873531011, 37.561595995631031 ], [ -76.573692631457433, 37.563089671179114 ], [ -76.574865807338625, 37.574590248495838 ], [ -76.587779884133667, 37.579135655859069 ], [ -76.595823953796241, 37.58818881303749 ], [ -76.612479017501954, 37.581714556562119 ], [ -76.615105943420104, 37.585148594014356 ], [ -76.611801420763214, 37.590414371828565 ], [ -76.617409628440271, 37.590430102251297 ], [ -76.623293297037577, 37.585906114804892 ], [ -76.627805930785271, 37.59156486063636 ], [ -76.636825031099846, 37.590732737116745 ], [ -76.642442906924771, 37.596965906697982 ], [ -76.661689712235813, 37.605695841743923 ], [ -76.672594788907602, 37.61489474258768 ], [ -76.682354520129209, 37.617196252059387 ], [ -76.68788644601689, 37.625492231175286 ], [ -76.695894362939612, 37.630453784490712 ], [ -76.69570862136284, 37.638934992042998 ], [ -76.706211099802687, 37.644815257035731 ], [ -76.706451479677298, 37.652546750597764 ], [ -76.718167626002085, 37.65805909809648 ], [ -76.716627247487637, 37.660593739208551 ], [ -76.72330881176282, 37.669371331528893 ], [ -76.72199585603893, 37.673085597382077 ], [ -76.728197289274263, 37.675588229859542 ], [ -76.725021710260179, 37.69198545816981 ], [ -76.732413632061622, 37.688154990291196 ], [ -76.74710836332558, 37.705451439185786 ], [ -76.750992747133594, 37.711745240086692 ], [ -76.751107976421935, 37.728878153347019 ], [ -76.723050894323279, 37.756596634287014 ], [ -76.713197034513868, 37.760322659116973 ], [ -76.703045312089785, 37.755589758937525 ], [ -76.687475447365586, 37.768624575651586 ], [ -76.668162371511329, 37.778351130666316 ] ] ] } },
{ "type": "Feature", "properties": { "County_Nam": "Botetourt", "FIPS": 23 }, "geometry": { "type": "Polygon", "coordinates": [ [ [ -79.816382176600982, 37.800843623970223 ], [ -79.67403087817334, 37.763254343527876 ], [ -79.678298064864663, 37.746610745578693 ], [ -79.688748716782754, 37.734648337580907 ], [ -79.67642710167992, 37.698778891382275 ], [ -79.667795526789732, 37.694419888136956 ], [ -79.671922130446276, 37.674131118669038 ], [ -79.683717841055241, 37.66166863960931 ], [ -79.57324463164565, 37.595604263561398 ], [ -79.578019413538698, 37.58083097852257 ], [ -79.498597913089483, 37.532868395004336 ], [ -79.505285670956226, 37.529183638368892 ], [ -79.504552367093964, 37.521340075824284 ], [ -79.508203836042767, 37.517710430128567 ], [ -79.514306898046939, 37.516499556166416 ], [ -79.51896577219209, 37.508476406657422 ], [ -79.53249659075658, 37.505714117767667 ], [ -79.545618919778448, 37.489494908451206 ], [ -79.555193007954941, 37.499079373706913 ], [ -79.559531863168402, 37.495772895557153 ], [ -79.581064137863137, 37.472406600195313 ], [ -79.583244529372578, 37.463567837221255 ], [ -79.580620022693665, 37.455661111993919 ], [ -79.584165176370078, 37.45133542900053 ], [ -79.594088071428871, 37.448938516397881 ], [ -79.602698498172714, 37.455528347839341 ], [ -79.616932504846901, 37.458033761314155 ], [ -79.628322212255938, 37.453642450746656 ], [ -79.638370833642995, 37.461292077213493 ], [ -79.639891143968597, 37.471044260320404 ], [ -79.653327668262435, 37.48191152438995 ], [ -79.659197584746892, 37.485286329497256 ], [ -79.676681226910446, 37.483762050206934 ], [ -79.691084559768896, 37.475488369113748 ], [ -79.719072725546397, 37.448941003029539 ], [ -79.751757012099361, 37.431773520476725 ], [ -79.75667310487917, 37.424868320660586 ], [ -79.790845911108221, 37.408674992847814 ], [ -79.813958287186196, 37.404167448555825 ], [ -79.80477520254567, 37.396540669031943 ], [ -79.797249868515422, 37.383697158698055 ], [ -79.792129777226918, 37.380961384897255 ], [ -79.778840779570743, 37.381948064198205 ], [ -79.776030569979767, 37.374032772518923 ], [ -79.783455280896263, 37.36880135058874 ], [ -79.788833528056145, 37.349187445787607 ], [ -79.84373765941497, 37.318266899487334 ], [ -79.847678204029563, 37.309207087000701 ], [ -79.864776468432567, 37.328319611241056 ], [ -80.06281659862583, 37.408596792252865 ], [ -80.074017038728812, 37.422461623496254 ], [ -80.043391618038058, 37.448509385769377 ], [ -80.02854508519556, 37.478386361701318 ], [ -80.014162975802364, 37.495225732978049 ], [ -80.009390549575343, 37.510858396955776 ], [ -79.96899390208192, 37.544375076837639 ], [ -80.02685056021663, 37.623053527058481 ], [ -80.032111665038954, 37.638663298232181 ], [ -80.008148658056044, 37.655745788994345 ], [ -79.998308002134934, 37.658739730186909 ], [ -79.956447014820512, 37.684680495397963 ], [ -79.941822250822142, 37.698963294721835 ], [ -79.924472093199597, 37.697773229907398 ], [ -79.917481186912354, 37.702023535477373 ], [ -79.890567243622883, 37.737568140581544 ], [ -79.868092695751542, 37.74794756091157 ], [ -79.851362039622572, 37.764328804935722 ], [ -79.843514082923321, 37.7768276958165 ], [ -79.845253790652748, 37.78251259627114 ], [ -79.816382176600982, 37.800843623970223 ] ] ] } },
{ "type": "Feature", "properties": { "County_Nam": "Buckingham", "FIPS": 29 }, "geometry": { "type": "Polygon", "coordinates": [ [ [ -78.491779303766364, 37.796695012698386 ], [ -78.485214926268981, 37.794164357114461 ], [ -78.466403313660194, 37.761879249626674 ], [ -78.424163125200906, 37.741265780992194 ], [ -78.404200899578214, 37.734736324627505 ], [ -78.365202260821135, 37.731832451331968 ], [ -78.353900270848513, 37.723172556821915 ], [ -78.335775588648929, 37.716067659764256 ], [ -78.291896521266509, 37.708660020224897 ], [ -78.261834418180243, 37.692504405312981 ], [ -78.239436078967529, 37.690933282158404 ], [ -78.24886332713082, 37.635615731095463 ], [ -78.465048840729892, 37.339643343340043 ], [ -78.469186968887186, 37.341549027335738 ], [ -78.473764508380313, 37.334195584586389 ], [ -78.479102681602328, 37.3341646120167 ], [ -78.485810259104184, 37.340778058593997 ], [ -78.48964019197922, 37.329574256442157 ], [ -78.49827449460868, 37.333634418432105 ], [ -78.511212319931047, 37.329615121099529 ], [ -78.525492643058882, 37.340775763228919 ], [ -78.523849971163003, 37.342980301803991 ], [ -78.519961050877498, 37.341193059845509 ], [ -78.518801636642507, 37.344184962846604 ], [ -78.536454644058097, 37.350468635627728 ], [ -78.548502102641322, 37.346525938278312 ], [ -78.548600618842997, 37.352653838120538 ], [ -78.556164922640122, 37.353149230738516 ], [ -78.554307962238056, 37.358153523715636 ], [ -78.561588495017901, 37.361463496498814 ], [ -78.557493223616277, 37.366751567305656 ], [ -78.562150140183064, 37.364061499650205 ], [ -78.565085852215972, 37.370455059362335 ], [ -78.570389470010809, 37.372360134238129 ], [ -78.572159045540744, 37.370052026229914 ], [ -78.566185095996005, 37.365836128683185 ], [ -78.567028555208992, 37.363553818414381 ], [ -78.573212286012435, 37.366074089299296 ], [ -78.57895881508469, 37.364046347622363 ], [ -78.578979867054315, 37.36765391566 ], [ -78.575163799564919, 37.369289867652597 ], [ -78.577793770261678, 37.375906308865147 ], [ -78.591632978390479, 37.38048837164358 ], [ -78.580822343041802, 37.391596392028525 ], [ -78.595290227019845, 37.399287312549895 ], [ -78.60749140993255, 37.393462161424559 ], [ -78.615760625371095, 37.394046941756031 ], [ -78.616276516539855, 37.388504030250608 ], [ -78.630525961685024, 37.384253436903904 ], [ -78.63001864300125, 37.388940261802674 ], [ -78.637377807692104, 37.392779021507593 ], [ -78.635286620750136, 37.400203876698107 ], [ -78.640154087742403, 37.404134931454294 ], [ -78.634397963137147, 37.411765116670935 ], [ -78.637350664644003, 37.41379576320373 ], [ -78.635632968812374, 37.416127996555794 ], [ -78.652532187107354, 37.417752449877547 ], [ -78.659497988296721, 37.423423974940782 ], [ -78.668198460808028, 37.422455580181733 ], [ -78.683256432288118, 37.428952583379797 ], [ -78.702927797078658, 37.455194429517896 ], [ -78.825729693648654, 37.55238137532519 ], [ -78.825127955115363, 37.558776711126477 ], [ -78.814988716879228, 37.563352847983005 ], [ -78.813638599564285, 37.567495445112556 ], [ -78.83057388006965, 37.580839674047468 ], [ -78.834014383272162, 37.588112517277807 ], [ -78.829811888710992, 37.59424208986033 ], [ -78.814917579792223, 37.599089892771772 ], [ -78.810417390079706, 37.603805105188613 ], [ -78.811178307912058, 37.608570795461908 ], [ -78.823849855994425, 37.621555865624401 ], [ -78.822071712329333, 37.631072505972668 ], [ -78.798710859149026, 37.642384007980326 ], [ -78.739492744276262, 37.631817809418102 ], [ -78.715444763398736, 37.637092311615753 ], [ -78.71263071427822, 37.641789051598465 ], [ -78.718949298010187, 37.661762567931042 ], [ -78.709304113846372, 37.672899847343366 ], [ -78.688812091501006, 37.677403909107682 ], [ -78.68895466633289, 37.68338353852868 ], [ -78.695591117843776, 37.692035549378218 ], [ -78.692484748346828, 37.698051790043365 ], [ -78.676963120333923, 37.696220101032722 ], [ -78.660327740267164, 37.677768111843541 ], [ -78.651946231333042, 37.678077923921371 ], [ -78.641894334746254, 37.683312629658644 ], [ -78.643816523513223, 37.692807079822515 ], [ -78.656070320736333, 37.704005807049995 ], [ -78.653653837333238, 37.716909426665978 ], [ -78.646908076082696, 37.722195104791219 ], [ -78.639803117102218, 37.739097168798743 ], [ -78.612212354414027, 37.756124905280757 ], [ -78.585179600775149, 37.755375009082719 ], [ -78.545768272379277, 37.763960947887746 ], [ -78.515481880909263, 37.757401081177832 ], [ -78.502506254187793, 37.76015060856485 ], [ -78.495579951995282, 37.76814490863125 ], [ -78.498736271154968, 37.790105425843429 ], [ -78.491779303766364, 37.796695012698386 ] ] ] } },
{ "type": "Feature", "properties": { "County_Nam": "Lexington", "FIPS": 678 }, "geometry": { "type": "Polygon", "coordinates": [ [ [ -79.45630844307631, 37.770128157617116 ], [ -79.460702397150115, 37.77278955139677 ], [ -79.45572841890413, 37.779489866824051 ], [ -79.461865672456213, 37.78621006752924 ], [ -79.453431032986217, 37.793122676982868 ], [ -79.447518966985726, 37.791092653942556 ], [ -79.437531014100998, 37.794926406992403 ], [ -79.415090569797911, 37.788640498688309 ], [ -79.422800309712329, 37.789057682900456 ], [ -79.421993778341545, 37.784895463008127 ], [ -79.42894346028838, 37.784257801529151 ], [ -79.451571972075996, 37.766612683988022 ], [ -79.457325324330426, 37.766027683465168 ], [ -79.459252131767016, 37.768399875514412 ], [ -79.45630844307631, 37.770128157617116 ] ] ] } },
{ "type": "Feature", "properties": { "County_Nam": "Buena Vista", "FIPS": 530 }, "geometry": { "type": "Polygon", "coordinates": [ [ [ -79.349066230785311, 37.754856126679343 ], [ -79.342603335084306, 37.760647699423281 ], [ -79.330968646915196, 37.756463040126619 ], [ -79.333781943466491, 37.737553135134831 ], [ -79.339593669680696, 37.732218476140638 ], [ -79.333271013279912, 37.730377770647529 ], [ -79.334023390643267, 37.728451863609962 ], [ -79.340718921258429, 37.729582997233251 ], [ -79.357885951297433, 37.705884160831765 ], [ -79.377921608398992, 37.696734756316886 ], [ -79.379306209491844, 37.703305396644893 ], [ -79.384007531533101, 37.706406471753432 ], [ -79.375179361849717, 37.711758623577886 ], [ -79.376135425037845, 37.721697972614145 ], [ -79.370349268165938, 37.726666390785788 ], [ -79.365369287338822, 37.726545097763143 ], [ -79.372236835663458, 37.729602224397716 ], [ -79.376930102722881, 37.72818023723579 ], [ -79.375278924124473, 37.73916002464685 ], [ -79.381796272976146, 37.74192109823472 ], [ -79.364774200901252, 37.744395974467544 ], [ -79.362466409984322, 37.751434800134625 ], [ -79.349066230785311, 37.754856126679343 ] ] ] } },
{ "type": "Feature", "properties": { "County_Nam": "Cumberland", "FIPS": 49 }, "geometry": { "type": "Polygon", "coordinates": [ [ [ -78.239436078967529, 37.690933282158404 ], [ -78.229316118405436, 37.697689180656489 ], [ -78.225474473974884, 37.712511737479666 ], [ -78.214408089354777, 37.722445739840779 ], [ -78.191129177095533, 37.736267070411181 ], [ -78.182945698448066, 37.744601919049281 ], [ -78.163198225092444, 37.749896003118671 ], [ -78.134955333080853, 37.738616838014259 ], [ -78.115927882178894, 37.722507807829757 ], [ -78.101280810350147, 37.717686820424603 ], [ -78.09045893813412, 37.705738059252965 ], [ -78.090246625729264, 37.696019565900002 ], [ -78.107677653882874, 37.681692219998318 ], [ -78.10920102757558, 37.675108504849952 ], [ -78.104540456417709, 37.671280548295535 ], [ -78.085111877155299, 37.669804295643956 ], [ -78.070815681689353, 37.657137969902507 ], [ -78.079704351060784, 37.653745652523995 ], [ -78.080374175313835, 37.648344604626608 ], [ -78.084107105294592, 37.647388738773422 ], [ -78.083422705907608, 37.640989205974535 ], [ -78.089623602782027, 37.639610415023895 ], [ -78.086570570081676, 37.63874436664274 ], [ -78.087098297009632, 37.634277299637098 ], [ -78.091164531324793, 37.63131225258148 ], [ -78.087973512606055, 37.631051276473514 ], [ -78.087503799786688, 37.627723086320437 ], [ -78.131946958553996, 37.454249712913885 ], [ -78.139934523463921, 37.459094603369117 ], [ -78.150092216109215, 37.451935660292826 ], [ -78.157929902981593, 37.45324903326371 ], [ -78.170598967496076, 37.442302199922096 ], [ -78.184907140122604, 37.44419673523776 ], [ -78.188090850935581, 37.425678182826879 ], [ -78.20164063512685, 37.426196890957073 ], [ -78.205176132702604, 37.409033451762632 ], [ -78.216635183527714, 37.398479651696171 ], [ -78.220489678418915, 37.387956627179165 ], [ -78.240599715814341, 37.37682660609638 ], [ -78.23341420904687, 37.369961743267538 ], [ -78.238281718090462, 37.364084483660982 ], [ -78.247242362404464, 37.359106029535461 ], [ -78.260160121350978, 37.360227860465635 ], [ -78.260466615815403, 37.355682812959323 ], [ -78.256266047873481, 37.352095537545679 ], [ -78.258738804726448, 37.343073536440414 ], [ -78.276416382342788, 37.348567230523273 ], [ -78.281597175546594, 37.335365573601905 ], [ -78.289720978260831, 37.33680198004074 ], [ -78.293881902653482, 37.333471702009739 ], [ -78.292783354116011, 37.324035018085318 ], [ -78.299795042774733, 37.324792203723128 ], [ -78.310171867661992, 37.320832597677075 ], [ -78.311686814406201, 37.316152241555706 ], [ -78.321751306803705, 37.309265400567135 ], [ -78.33382013784562, 37.30896830742185 ], [ -78.336200360747995, 37.311885675306264 ], [ -78.334436685107505, 37.316465213549897 ], [ -78.342525990069177, 37.319153610938194 ], [ -78.350358824195979, 37.312050436714138 ], [ -78.352498098187652, 37.301617095588249 ], [ -78.360734291730111, 37.307138217320819 ], [ -78.361146357816622, 37.310455650554047 ], [ -78.393170127220898, 37.304672815200711 ], [ -78.398890881264563, 37.308445678735282 ], [ -78.402252644283422, 37.315779739891305 ], [ -78.409960170566649, 37.317893319337585 ], [ -78.412941499431469, 37.324114049962475 ], [ -78.432723133769898, 37.327063701521034 ], [ -78.441796623092372, 37.32443691533657 ], [ -78.440808394635766, 37.328164165740432 ], [ -78.445677679307735, 37.334657836639913 ], [ -78.458225502189791, 37.334225830310103 ], [ -78.465048840729892, 37.339643343340043 ], [ -78.24886332713082, 37.635615731095463 ], [ -78.239436078967529, 37.690933282158404 ] ] ] } },
{ "type": "Feature", "properties": { "County_Nam": null, "FIPS": 901 }, "geometry": { "type": "Polygon", "coordinates": [ [ [ -76.332836949408104, 37.685031095468986 ], [ -76.319963026240018, 37.680834526458625 ], [ -76.308420233825686, 37.669960336462331 ], [ -76.062472757276808, 37.673318613688465 ], [ -76.094517820301959, 37.630125367669031 ], [ -76.110217644357988, 37.585995968713505 ], [ -76.282234976886983, 37.58508689105669 ], [ -76.291385882594781, 37.587974616385331 ], [ -76.283235049035753, 37.613842221544374 ], [ -76.278875131452011, 37.617312973247955 ], [ -76.292402682726816, 37.635735048776823 ], [ -76.306270123954405, 37.641776870560214 ], [ -76.314448419647334, 37.641931841965402 ], [ -76.316353327940575, 37.63818376592247 ], [ -76.310974864979258, 37.635974491216032 ], [ -76.309817518025767, 37.631987784019323 ], [ -76.317559119315618, 37.632221737906065 ], [ -76.320650357056181, 37.626795204709509 ], [ -76.332973968678729, 37.630800662099631 ], [ -76.332563482657037, 37.64617248037203 ], [ -76.342169191048185, 37.655182721770167 ], [ -76.335743777409888, 37.660129264198076 ], [ -76.33840640736959, 37.66566015752889 ], [ -76.326232788111668, 37.668012288579931 ], [ -76.32493644172942, 37.675962743945171 ], [ -76.335013854029228, 37.682255328434216 ], [ -76.332836949408104, 37.685031095468986 ] ] ] } },
{ "type": "Feature", "properties": { "County_Nam": "Henrico", "FIPS": 87 }, "geometry": { "type": "Polygon", "coordinates": [ [ [ -77.530597530941662, 37.694644432438039 ], [ -77.526375490980186, 37.694325763426775 ], [ -77.527915925000343, 37.696775316065093 ], [ -77.522166781391135, 37.700210095346485 ], [ -77.520319274098824, 37.697532742632823 ], [ -77.511569393746441, 37.701706979880392 ], [ -77.502916469079807, 37.699142633775303 ], [ -77.495386513321122, 37.701386148689643 ], [ -77.488072965243276, 37.690697983063075 ], [ -77.487844521802714, 37.685528088200705 ], [ -77.478667394464722, 37.680898131951395 ], [ -77.471925040672915, 37.687514324769971 ], [ -77.460490973826225, 37.678246615507092 ], [ -77.446054857119321, 37.684055225211203 ], [ -77.440122584083284, 37.677138054141338 ], [ -77.439643617134635, 37.668109569175172 ], [ -77.430798130570381, 37.657994510341958 ], [ -77.430344935896926, 37.651495367048732 ], [ -77.42420306183071, 37.648512857709306 ], [ -77.418026935779622, 37.633004815871502 ], [ -77.404843986516553, 37.624233601875829 ], [ -77.4086046420082, 37.614699311065806 ], [ -77.403591626972414, 37.605107441385307 ], [ -77.381897120181236, 37.594693058678956 ], [ -77.369080554563766, 37.592569807116639 ], [ -77.357472211580756, 37.582923352800314 ], [ -77.335018750379902, 37.577872718449079 ], [ -77.323031161584581, 37.568455553498673 ], [ -77.314966859200723, 37.567787198800509 ], [ -77.305730005359422, 37.56094113650331 ], [ -77.292184673327739, 37.56046602717867 ], [ -77.28228534964299, 37.554347379416321 ], [ -77.261636743316572, 37.551000440046217 ], [ -77.258500408751956, 37.545193795567798 ], [ -77.244030703166914, 37.538609506047621 ], [ -77.231050548178928, 37.538310363200168 ], [ -77.22065731949958, 37.53261934039724 ], [ -77.22033639238154, 37.527297085519123 ], [ -77.212483645421543, 37.523188650159781 ], [ -77.208603521923706, 37.516362667659742 ], [ -77.193103686993766, 37.506661850295536 ], [ -77.191795668045842, 37.500934236658566 ], [ -77.178041246716774, 37.493420365530696 ], [ -77.177079288790182, 37.49084488044717 ], [ -77.222057838667467, 37.407364174937399 ], [ -77.225725581155928, 37.4050849306483 ], [ -77.21423323257406, 37.393882440117174 ], [ -77.217270548718261, 37.386800528403306 ], [ -77.215431514846159, 37.384480587466932 ], [ -77.224322245612541, 37.379879633947716 ], [ -77.233995144058625, 37.382015585286048 ], [ -77.248300518461448, 37.395032685083855 ], [ -77.254305673859392, 37.387251277535135 ], [ -77.248013424237797, 37.382587931233246 ], [ -77.266447740928186, 37.380557454253072 ], [ -77.27055387342287, 37.374179223036052 ], [ -77.26984205118822, 37.357752581702059 ], [ -77.282072897084646, 37.353502287818316 ], [ -77.301476911692703, 37.358305907878005 ], [ -77.307385421561463, 37.36485966528371 ], [ -77.307470255552261, 37.374318381111614 ], [ -77.296701955031878, 37.393538919883341 ], [ -77.300251781462549, 37.406165544689017 ], [ -77.310134415041077, 37.404607481149355 ], [ -77.314756308133809, 37.386094319053498 ], [ -77.325919166311365, 37.378663377345589 ], [ -77.34830176275662, 37.379390195004511 ], [ -77.358190913469485, 37.37644020045893 ], [ -77.358610957406, 37.386331413927138 ], [ -77.368116970833512, 37.39208470448996 ], [ -77.372903739257737, 37.391006413219493 ], [ -77.376058202362898, 37.38385520266575 ], [ -77.384240821637434, 37.385483811295103 ], [ -77.382862845310626, 37.396100536528351 ], [ -77.393903353412639, 37.405493068998673 ], [ -77.399118947314733, 37.422309228351622 ], [ -77.404147302145873, 37.424676260768095 ], [ -77.420820418728326, 37.423047174479173 ], [ -77.426270115979449, 37.427078550668398 ], [ -77.42782102099892, 37.433143132270601 ], [ -77.417611881556297, 37.451876092174743 ], [ -77.422649886316137, 37.496045045961402 ], [ -77.417638100441906, 37.504792179806032 ], [ -77.416512142051502, 37.517325595936512 ], [ -77.410207985553029, 37.51731478386715 ], [ -77.408123627407335, 37.510558050155574 ], [ -77.393878637145434, 37.505206437220977 ], [ -77.394240054804371, 37.514755963115654 ], [ -77.387438899659486, 37.517103796200765 ], [ -77.393696458308156, 37.526959729199234 ], [ -77.391154263718178, 37.529976075773753 ], [ -77.386263757991628, 37.52886522291989 ], [ -77.385693456926248, 37.535002408946724 ], [ -77.393386145849874, 37.537514124593464 ], [ -77.395125583092735, 37.549849522860399 ], [ -77.411499926259125, 37.552381777429581 ], [ -77.408137750894696, 37.557794286872735 ], [ -77.415187782055682, 37.562874665558752 ], [ -77.409466283798594, 37.568493174113456 ], [ -77.413273746766023, 37.579963652147853 ], [ -77.418677629605526, 37.582202756945151 ], [ -77.431184457731547, 37.580695370798075 ], [ -77.439378841493507, 37.585592945335662 ], [ -77.43745082628871, 37.591044182633013 ], [ -77.440655354148333, 37.596837636829065 ], [ -77.437861344657065, 37.598828365656843 ], [ -77.443559333345831, 37.601456718393948 ], [ -77.454903658401037, 37.602027710856241 ], [ -77.454171746278277, 37.59728039825 ], [ -77.477980806708004, 37.598992734877463 ], [ -77.479314838330026, 37.588696220572416 ], [ -77.472424347650161, 37.578847157533637 ], [ -77.482271339249408, 37.573267352644223 ], [ -77.4933680361098, 37.582222754744386 ], [ -77.500385527440059, 37.575473411978415 ], [ -77.516621303599422, 37.581769597222298 ], [ -77.532959703122458, 37.592681843398083 ], [ -77.532346157758198, 37.582841147272582 ], [ -77.543880487969034, 37.581194003749964 ], [ -77.541401055974205, 37.580256195268312 ], [ -77.547325314968674, 37.572655815034786 ], [ -77.537109117418908, 37.572360035780846 ], [ -77.535572546501911, 37.568000044216156 ], [ -77.525762494882244, 37.568271268538311 ], [ -77.530223295679704, 37.5593423279756 ], [ -77.546927576205306, 37.560431545713129 ], [ -77.56018214968563, 37.555485876279086 ], [ -77.577991817360072, 37.559042829251879 ], [ -77.606795022534953, 37.555510686218291 ], [ -77.648863492417945, 37.559505200627008 ], [ -77.654106447089958, 37.562692217583503 ], [ -77.64846011758074, 37.566292881409609 ], [ -77.63492636853033, 37.565818678610377 ], [ -77.635770742245171, 37.570954197903255 ], [ -77.631661488875977, 37.575837606473677 ], [ -77.616616512444054, 37.578490362288868 ], [ -77.618292073711245, 37.590016764016426 ], [ -77.626597091783779, 37.591440628737487 ], [ -77.626502616952578, 37.598958018982849 ], [ -77.640312660179347, 37.602792561508743 ], [ -77.643081844095605, 37.613618190528996 ], [ -77.65237779555531, 37.617597390657444 ], [ -77.650859286765723, 37.625863134318998 ], [ -77.654848066500989, 37.638150066131949 ], [ -77.630860669596927, 37.705527038858776 ], [ -77.607162577268227, 37.709453111737666 ], [ -77.594870610395091, 37.700247036680338 ], [ -77.594661439511469, 37.696566116515044 ], [ -77.557860984884812, 37.681977251674404 ], [ -77.556945597437249, 37.684716225844383 ], [ -77.550054756324172, 37.682572162587171 ], [ -77.550916455307771, 37.686128694883813 ], [ -77.543409317603007, 37.684695943616568 ], [ -77.530597530941662, 37.694644432438039 ] ] ] } },
{ "type": "Feature", "properties": { "County_Nam": "Powhatan", "FIPS": 145 }, "geometry": { "type": "Polygon", "coordinates": [ [ [ -78.070815681689353, 37.657137969902507 ], [ -78.063034672794373, 37.649235902711276 ], [ -78.047036732728657, 37.643963030941499 ], [ -78.014388599533547, 37.642714642072356 ], [ -77.981639156461043, 37.62506068123772 ], [ -77.957004480058615, 37.625962705386421 ], [ -77.948787661423026, 37.630687251045615 ], [ -77.94463077860631, 37.638366693516957 ], [ -77.945873510184001, 37.645834587123204 ], [ -77.957042133466061, 37.660478425129533 ], [ -77.949322150952923, 37.676926639371146 ], [ -77.923952748425137, 37.69226164363905 ], [ -77.915231275590159, 37.691991188403257 ], [ -77.909237613570539, 37.689084781625027 ], [ -77.894860410607805, 37.668309231920098 ], [ -77.874629754354558, 37.658802689825997 ], [ -77.858596470817531, 37.646334484680622 ], [ -77.830046127729815, 37.634379117528482 ], [ -77.822482481387112, 37.624592329654632 ], [ -77.823124197732369, 37.611788486390942 ], [ -77.819117473662843, 37.608741843677613 ], [ -77.807973675794969, 37.607273146551123 ], [ -77.793266201661652, 37.612999624766175 ], [ -77.764436362788985, 37.613167635278309 ], [ -77.732278490356919, 37.590439094058247 ], [ -77.70545438948011, 37.589807093133771 ], [ -77.65342917563332, 37.563185039704521 ], [ -77.797812136661364, 37.458850486011848 ], [ -77.79857570825601, 37.445459982225692 ], [ -77.805131570448097, 37.437494117331106 ], [ -77.808569591479312, 37.426576610868217 ], [ -77.833208145323994, 37.422841110816911 ], [ -77.846727161592142, 37.415095519407807 ], [ -77.858661010288756, 37.421948538167186 ], [ -77.856097472171484, 37.432064548537177 ], [ -77.865067866200306, 37.437668368820177 ], [ -77.868508744813354, 37.44712743031355 ], [ -77.86612179855166, 37.4564846636151 ], [ -77.875911331007202, 37.457062140276882 ], [ -77.886382813961944, 37.449205963569788 ], [ -77.895229588739227, 37.450338781441687 ], [ -77.897739425068664, 37.457132238057788 ], [ -77.894085384220574, 37.469873100614954 ], [ -77.898902835437909, 37.475143403975615 ], [ -77.913583286457254, 37.474502701380906 ], [ -77.924948097406229, 37.48210162732321 ], [ -77.937007776588899, 37.475307716490242 ], [ -77.955763526760251, 37.483230879852755 ], [ -77.985659326114558, 37.486190962491854 ], [ -77.999365831409591, 37.498052893407632 ], [ -78.015529581351601, 37.491110609832099 ], [ -78.014692024848529, 37.487989562406412 ], [ -78.019109422729841, 37.484842347836945 ], [ -78.016275759023799, 37.482695931088024 ], [ -78.017380178510038, 37.471399958123392 ], [ -78.022936001244616, 37.474328187907659 ], [ -78.028717598542499, 37.471801211705973 ], [ -78.048321745132355, 37.47266850136365 ], [ -78.057788756803177, 37.463951546743672 ], [ -78.058788042781956, 37.456735274668119 ], [ -78.065917803399898, 37.452051867212496 ], [ -78.087893603168041, 37.457457653668229 ], [ -78.091951003254621, 37.456024685806028 ], [ -78.098654442742756, 37.440623590073791 ], [ -78.101861234683099, 37.442427085922418 ], [ -78.100807687649677, 37.44820115130247 ], [ -78.104854922381406, 37.44930219713396 ], [ -78.124034929610502, 37.445370120962487 ], [ -78.127375375942066, 37.452861655842334 ], [ -78.131946958553996, 37.454249712913885 ], [ -78.087503799786688, 37.627723086320437 ], [ -78.087973512606055, 37.631051276473514 ], [ -78.091164531324793, 37.63131225258148 ], [ -78.087098297009632, 37.634277299637098 ], [ -78.086570570081676, 37.63874436664274 ], [ -78.089623602782027, 37.639610415023895 ], [ -78.083422705907608, 37.640989205974535 ], [ -78.084107105294592, 37.647388738773422 ], [ -78.080374175313835, 37.648344604626608 ], [ -78.079704351060784, 37.653745652523995 ], [ -78.070815681689353, 37.657137969902507 ] ] ] } },
{ "type": "Feature", "properties": { "County_Nam": "Craig", "FIPS": 45 }, "geometry": { "type": "Polygon", "coordinates": [ [ [ -80.220940217115654, 37.627800501441179 ], [ -80.203504281002111, 37.61742834752998 ], [ -80.169009466133559, 37.617121161612623 ], [ -80.150516034893869, 37.599397033573375 ], [ -80.138648995643081, 37.60068572724191 ], [ -80.124017874266599, 37.6076357835762 ], [ -80.105046503993535, 37.622484741424657 ], [ -80.076249379490292, 37.632152205495153 ], [ -80.068750898781119, 37.639809694638458 ], [ -80.046141687365534, 37.649865088703137 ], [ -80.03282152442786, 37.660381372518486 ], [ -80.020658043668078, 37.647520265510543 ], [ -80.032111665038954, 37.638663298232181 ], [ -80.02709841883447, 37.623493170465999 ], [ -79.96899390208192, 37.544375076837639 ], [ -80.009390549575343, 37.510858396955776 ], [ -80.014162975802364, 37.495225732978049 ], [ -80.02854508519556, 37.478386361701318 ], [ -80.035774165495312, 37.4613988217097 ], [ -80.04980305895522, 37.44112796545248 ], [ -80.070532964030377, 37.424284145487363 ], [ -80.14773896609303, 37.382225801631634 ], [ -80.200198852565691, 37.378534638748555 ], [ -80.206710486545319, 37.371262330821132 ], [ -80.242476578863474, 37.356112935575041 ], [ -80.262115782208767, 37.341493695626333 ], [ -80.295739817590302, 37.351211710560008 ], [ -80.324738838708029, 37.368950711651401 ], [ -80.34144642505845, 37.354687243207472 ], [ -80.390953503333819, 37.331946657482071 ], [ -80.430840488723248, 37.316377356909477 ], [ -80.436418852947938, 37.322604942313134 ], [ -80.441815086428065, 37.320235781271506 ], [ -80.445510385127534, 37.324060386800731 ], [ -80.446305532373174, 37.32800984706931 ], [ -80.443433411691686, 37.329182342566284 ], [ -80.44645916957549, 37.332385074691437 ], [ -80.435704987636527, 37.339858858570238 ], [ -80.472802075475855, 37.423654491458976 ], [ -80.423792278197297, 37.45086750351858 ], [ -80.372336541233693, 37.474123479055862 ], [ -80.363199690502057, 37.480091062385917 ], [ -80.366979086926634, 37.484758270150671 ], [ -80.33146145907142, 37.493665483297058 ], [ -80.299841268711972, 37.508214594036602 ], [ -80.282325549359356, 37.533548152453704 ], [ -80.291624697707803, 37.536536212397912 ], [ -80.309306356250659, 37.527353195845514 ], [ -80.330261027536778, 37.536256289383452 ], [ -80.327120069103827, 37.540294776149828 ], [ -80.312292779829065, 37.546112662487452 ], [ -80.326476188910419, 37.562036185393175 ], [ -80.324763959023656, 37.564849859089264 ], [ -80.258792177008999, 37.595546421014006 ], [ -80.240206567000826, 37.607137491205044 ], [ -80.220940217115654, 37.627800501441179 ] ] ] } },
{ "type": "Feature", "properties": { "County_Nam": "New Kent", "FIPS": 127 }, "geometry": { "type": "Polygon", "coordinates": [ [ [ -76.96589517764798, 37.539757559715817 ], [ -76.946024534298587, 37.535810466521845 ], [ -76.94280495481415, 37.559336034791308 ], [ -76.91977546094067, 37.569389835739642 ], [ -76.903762233161174, 37.566298903547825 ], [ -76.905626148298481, 37.550267423141435 ], [ -76.900517066833416, 37.546003586967345 ], [ -76.875717272464868, 37.552008222911816 ], [ -76.873274064403589, 37.557506271590604 ], [ -76.882150460273607, 37.576320289907535 ], [ -76.869024036633576, 37.581314469175588 ], [ -76.859508530676564, 37.579867352635574 ], [ -76.854781044980257, 37.576544086675227 ], [ -76.853841621772077, 37.570313269611034 ], [ -76.865045912658431, 37.547044758123818 ], [ -76.876877219983129, 37.536062637979477 ], [ -76.877070025074872, 37.529832000445957 ], [ -76.864425229194708, 37.523396966084427 ], [ -76.856515521669522, 37.523147589371966 ], [ -76.831342072106693, 37.541576928806165 ], [ -76.826312046647558, 37.551397311732714 ], [ -76.819691995300744, 37.551422945722742 ], [ -76.803101795560892, 37.526999088800068 ], [ -76.792215215816739, 37.51767240619094 ], [ -76.789741287080133, 37.504046915630475 ], [ -76.757290554364886, 37.488766624328754 ], [ -76.749091756943812, 37.480686748212285 ], [ -76.741915932579701, 37.466946816024944 ], [ -76.756431450966176, 37.461869694911485 ], [ -76.756488324458402, 37.456314750770431 ], [ -76.760634526485589, 37.458704498616576 ], [ -76.760497451672393, 37.452424664658238 ], [ -76.763667060575855, 37.454243028948547 ], [ -76.765946922384458, 37.451649357881273 ], [ -76.758153321775993, 37.445632413945901 ], [ -76.761408172140548, 37.446672226883756 ], [ -76.762519639201869, 37.444616518508674 ], [ -76.759496107881958, 37.444159119704857 ], [ -76.764126434770276, 37.442943206900658 ], [ -76.764389998007971, 37.436977336071692 ], [ -76.768159529397551, 37.439216989819023 ], [ -76.770586269633583, 37.435028028666373 ], [ -76.770693920506631, 37.439129468984831 ], [ -76.77689583958832, 37.433910374384851 ], [ -76.787197323644875, 37.438286172498849 ], [ -76.792293262546252, 37.435376741498501 ], [ -76.808053223699758, 37.445422387619629 ], [ -76.82358985144964, 37.450798505783446 ], [ -76.856676480460891, 37.44803679409835 ], [ -76.867326642231532, 37.440803070811924 ], [ -76.877890952735555, 37.439752409809898 ], [ -76.885658895566181, 37.432438906960563 ], [ -76.892330731791304, 37.433066777778421 ], [ -76.895207929132368, 37.428117822394206 ], [ -76.890426939036004, 37.419923090527298 ], [ -76.894418717794892, 37.413230401861519 ], [ -76.893916784876183, 37.400285063265379 ], [ -76.901159371386115, 37.395768387009625 ], [ -76.900094319753421, 37.391294970733718 ], [ -76.896883345467913, 37.392378484358296 ], [ -76.892609790861528, 37.388650406744347 ], [ -76.89247223493966, 37.382774109545601 ], [ -76.8981969126595, 37.382517853058779 ], [ -76.899443671947594, 37.386005998622714 ], [ -76.904226197866478, 37.37778614517353 ], [ -76.918238116172887, 37.384995045521869 ], [ -76.917374097415873, 37.389206684460497 ], [ -76.906235453683792, 37.392210022760302 ], [ -76.903847609942531, 37.403358803725247 ], [ -76.906344449664857, 37.405591989543005 ], [ -76.915410907673589, 37.395364827649665 ], [ -76.929624054437099, 37.398659839897142 ], [ -76.932403293231602, 37.388982245352018 ], [ -76.943366000768407, 37.38317643791936 ], [ -76.945921933324428, 37.393122570629565 ], [ -76.936143757730619, 37.402313721400205 ], [ -76.941145348510858, 37.409977973105256 ], [ -76.953255496158292, 37.403501231016349 ], [ -76.967196640046666, 37.40600983000698 ], [ -76.972568636749443, 37.409171556509378 ], [ -76.970850021234327, 37.417701261507617 ], [ -76.982557360476846, 37.420704868474004 ], [ -76.988918297003195, 37.414800719526774 ], [ -76.998027772740627, 37.418204727298217 ], [ -77.005559156540471, 37.413875099628591 ], [ -77.011534748742463, 37.417660146300634 ], [ -77.016456760682331, 37.414043390561652 ], [ -77.02364181439863, 37.417928840510861 ], [ -77.024841222413329, 37.420127599490911 ], [ -77.021932688894438, 37.421128211422598 ], [ -77.026590532916003, 37.428965808217967 ], [ -77.03584243287581, 37.426772216846409 ], [ -77.047749338931027, 37.432262275119704 ], [ -77.059308885076149, 37.428895782945013 ], [ -77.059876895097915, 37.435212541553668 ], [ -77.070191711481868, 37.439943967453729 ], [ -77.09607304709067, 37.440343786080717 ], [ -77.100880540489541, 37.447452428679433 ], [ -77.11797343536891, 37.45457779046356 ], [ -77.118454877648901, 37.461585164586602 ], [ -77.123380298029574, 37.463745267174424 ], [ -77.126646092227432, 37.471752419270381 ], [ -77.141462837128373, 37.468533212159571 ], [ -77.141622073210797, 37.47648806001817 ], [ -77.160607455483387, 37.475520415940679 ], [ -77.157587247812629, 37.486306815028662 ], [ -77.169993581517019, 37.48132109928406 ], [ -77.170886015776475, 37.487306753464971 ], [ -77.191795668045842, 37.500934236658566 ], [ -77.193103686993766, 37.506661850295536 ], [ -77.208881592399734, 37.516596281638279 ], [ -77.212483645421543, 37.523188650159781 ], [ -77.22033639238154, 37.527297085519123 ], [ -77.22065731949958, 37.53261934039724 ], [ -77.226732001226381, 37.533949053687209 ], [ -77.234983448922961, 37.543431299624757 ], [ -77.234138374440832, 37.547169201352808 ], [ -77.221903216531047, 37.5506377035382 ], [ -77.210385957144041, 37.564297468149313 ], [ -77.170631258379046, 37.596358646050682 ], [ -77.149879481180122, 37.591345015335691 ], [ -77.140409834462602, 37.592373340330553 ], [ -77.13306152126998, 37.609696736242199 ], [ -77.138191595504622, 37.617029683367285 ], [ -77.133859285970516, 37.619482786036812 ], [ -77.135276730328229, 37.623978865178103 ], [ -77.123664394996482, 37.626745671859993 ], [ -77.117048875873607, 37.623622563927086 ], [ -77.106755458104487, 37.62419214590475 ], [ -77.097027579572895, 37.61689908624227 ], [ -77.089814170021427, 37.618295553567144 ], [ -77.091155924636652, 37.604282888590653 ], [ -77.080907376884355, 37.596826424345785 ], [ -77.071283610277248, 37.597414847811088 ], [ -77.067389923135835, 37.603924513371027 ], [ -77.048380315287588, 37.595703670491105 ], [ -77.037090781648672, 37.585902465624848 ], [ -77.019515139616189, 37.583807381744059 ], [ -77.026002920617358, 37.573575516958613 ], [ -77.011183654072326, 37.56388183465792 ], [ -76.999686527542423, 37.561810644520804 ], [ -76.982171371850043, 37.565907018737505 ], [ -76.981900839113919, 37.573436765573511 ], [ -76.993586573346747, 37.579981054066366 ], [ -76.978118687730415, 37.585520260380257 ], [ -76.966357403384251, 37.585768660392361 ], [ -76.955050739611934, 37.564390227878441 ], [ -76.957853399914626, 37.555374311109858 ], [ -76.976277309667665, 37.544865388241384 ], [ -76.974182326120925, 37.541381155075321 ], [ -76.96589517764798, 37.539757559715817 ] ] ] } },
{ "type": "Feature", "properties": { "County_Nam": "Gloucester", "FIPS": 73 }, "geometry": { "type": "Polygon", "coordinates": [ [ [ -76.645710853542681, 37.598880680455444 ], [ -76.636825031099846, 37.590732737116745 ], [ -76.624898094343692, 37.590451262928077 ], [ -76.623293297037577, 37.585906114804892 ], [ -76.617409628440271, 37.590430102251297 ], [ -76.611801420763214, 37.590414371828565 ], [ -76.615105943420104, 37.585148594014356 ], [ -76.612479017501954, 37.581714556562119 ], [ -76.595823953796241, 37.58818881303749 ], [ -76.587779884133667, 37.579135655859069 ], [ -76.574865807338625, 37.574590248495838 ], [ -76.573435104014465, 37.562890309786695 ], [ -76.560078489439334, 37.561816820142404 ], [ -76.556598833121512, 37.559593692553563 ], [ -76.557760650001015, 37.556381050958741 ], [ -76.553833757111178, 37.555177682869513 ], [ -76.550654003956836, 37.561575813156111 ], [ -76.552103410234565, 37.566613043233687 ], [ -76.54766479663374, 37.567854197153657 ], [ -76.542789769919963, 37.564022089343339 ], [ -76.542668850343006, 37.559242296252052 ], [ -76.530122895401448, 37.556757800835911 ], [ -76.524203069398169, 37.548639205737317 ], [ -76.50877472347058, 37.54817013493463 ], [ -76.499651794605512, 37.537064934230912 ], [ -76.4805352868851, 37.536131849111108 ], [ -76.463135209807945, 37.528265898395496 ], [ -76.455990785527163, 37.520943030355937 ], [ -76.437443078615999, 37.514385257382351 ], [ -76.436844982015032, 37.506580377411147 ], [ -76.451608578561519, 37.484672081931343 ], [ -76.447151498697991, 37.473032404027244 ], [ -76.446814782938986, 37.461047044249142 ], [ -76.442061299430662, 37.453042965857605 ], [ -76.448551027847387, 37.449304440780686 ], [ -76.444379691993362, 37.439211308478924 ], [ -76.450132916055821, 37.430704796203656 ], [ -76.447924586814494, 37.420080706247965 ], [ -76.406933282563685, 37.412179314490594 ], [ -76.403349182026474, 37.386246123349657 ], [ -76.395985137755005, 37.377299759750713 ], [ -76.407161380281423, 37.369055678839885 ], [ -76.414949400272292, 37.368588847093861 ], [ -76.426296212691156, 37.347963647925759 ], [ -76.415167459256381, 37.339838814769053 ], [ -76.41184659880858, 37.34139039731172 ], [ -76.412652486190225, 37.344805792418477 ], [ -76.409815245857828, 37.343972075409773 ], [ -76.411100780581236, 37.340407834953055 ], [ -76.402771874524689, 37.338278161151052 ], [ -76.406538150673128, 37.333323656686481 ], [ -76.404945910447196, 37.330257785647298 ], [ -76.412557167662257, 37.33572616218413 ], [ -76.416723888984137, 37.329060737142598 ], [ -76.399226472388492, 37.313542877373123 ], [ -76.387739308352991, 37.30823171480742 ], [ -76.385643769435575, 37.294231617575093 ], [ -76.381498818801134, 37.292887455211023 ], [ -76.383682649599095, 37.290218839540621 ], [ -76.380641034785299, 37.284476799290765 ], [ -76.378370895721943, 37.285503694313512 ], [ -76.378704300377379, 37.286484517529665 ], [ -76.378264790886107, 37.287300824111981 ], [ -76.377801386802261, 37.287252132085236 ], [ -76.375168360660595, 37.27425625130509 ], [ -76.368387334914672, 37.274922839632978 ], [ -76.366776487976807, 37.279596794811773 ], [ -76.364129885705722, 37.278088259634778 ], [ -76.364641571563553, 37.27314307720016 ], [ -76.359263209675163, 37.272233683435779 ], [ -76.350380569016949, 37.27473950309161 ], [ -76.349751218611331, 37.27457091067042 ], [ -76.362556476258789, 37.270312093737893 ], [ -76.364122598273326, 37.26831115293178 ], [ -76.36090727559241, 37.266881188572853 ], [ -76.361368288884975, 37.266765482310454 ], [ -76.363582523068416, 37.267404767463731 ], [ -76.36702230366302, 37.270172800950412 ], [ -76.390297868198971, 37.264879453414558 ], [ -76.388407677382816, 37.245926325007545 ], [ -76.403053561247461, 37.242053926850154 ], [ -76.461759338419043, 37.233352109065351 ], [ -76.510722447146932, 37.244536646904166 ], [ -76.537775235126404, 37.272093453617963 ], [ -76.566031994366242, 37.28574094255481 ], [ -76.600484776950239, 37.313718935470675 ], [ -76.63724006067703, 37.35555733258132 ], [ -76.649416135641772, 37.374029366967648 ], [ -76.71229567157701, 37.431262707243292 ], [ -76.704151979392279, 37.440217320258768 ], [ -76.703330668224098, 37.450102665795015 ], [ -76.68725371675518, 37.447789130367873 ], [ -76.684827317461455, 37.453715822347576 ], [ -76.673353501643632, 37.461422347436489 ], [ -76.668547383014769, 37.455266874884927 ], [ -76.661807792181449, 37.457819958515074 ], [ -76.662462060942289, 37.462123396120177 ], [ -76.653586088571032, 37.470868511133425 ], [ -76.655362090110728, 37.473748050955002 ], [ -76.651798874128204, 37.472416636461617 ], [ -76.652266841184726, 37.476463606174633 ], [ -76.649013271912494, 37.476939355515547 ], [ -76.651351349193263, 37.480773232980908 ], [ -76.646503026784345, 37.48168800206534 ], [ -76.647786797835579, 37.495797655589087 ], [ -76.667446318377429, 37.520386172197078 ], [ -76.66949113042557, 37.529088419020219 ], [ -76.666227131595818, 37.533561965799166 ], [ -76.661296119718997, 37.55901345068694 ], [ -76.663216855175932, 37.565709913426446 ], [ -76.654087507216971, 37.603245218562208 ], [ -76.645710853542681, 37.598880680455444 ] ] ] } },
{ "type": "Feature", "properties": { "County_Nam": null, "FIPS": 901 }, "geometry": { "type": "Polygon", "coordinates": [ [ [ -76.291385882594781, 37.587974616385331 ], [ -76.282234976886983, 37.58508689105669 ], [ -76.110217644357988, 37.585995968713505 ], [ -76.124229280563, 37.542540414544447 ], [ -76.296802752744838, 37.5358755426263 ], [ -76.30636689084514, 37.529006282689679 ], [ -76.307779149390598, 37.548553568512084 ], [ -76.297789677771036, 37.558084588846086 ], [ -76.299703168889337, 37.561551666781028 ], [ -76.291385882594781, 37.587974616385331 ] ] ] } },
{ "type": "Feature", "properties": { "County_Nam": "Richmond City", "FIPS": 760 }, "geometry": { "type": "Polygon", "coordinates": [ [ [ -77.454286085669523, 37.602092805210056 ], [ -77.437861344657065, 37.598828365656843 ], [ -77.440655354148333, 37.596837636829065 ], [ -77.43745082628871, 37.591044182633013 ], [ -77.439378841493507, 37.585592945335662 ], [ -77.431184457731547, 37.580695370798075 ], [ -77.418677629605526, 37.582202756945151 ], [ -77.413273746766023, 37.579963652147853 ], [ -77.409466283798594, 37.568493174113456 ], [ -77.415187782055682, 37.562874665558752 ], [ -77.408137750894696, 37.557794286872735 ], [ -77.411499926259125, 37.552381777429581 ], [ -77.395125583092735, 37.549849522860399 ], [ -77.393386145849874, 37.537514124593464 ], [ -77.385693456926248, 37.535002408946724 ], [ -77.386263757991628, 37.52886522291989 ], [ -77.391154263718178, 37.529976075773753 ], [ -77.393696458308156, 37.526959729199234 ], [ -77.387438899659486, 37.517103796200765 ], [ -77.394240054804371, 37.514755963115654 ], [ -77.393878637145434, 37.505206437220977 ], [ -77.408123627407335, 37.510558050155574 ], [ -77.410207985553029, 37.51731478386715 ], [ -77.416512142051502, 37.517325595936512 ], [ -77.417638100441906, 37.504792179806032 ], [ -77.422649886316137, 37.496045045961402 ], [ -77.419021592455593, 37.44661142152794 ], [ -77.435247772852932, 37.457450302230114 ], [ -77.459525765617045, 37.464224191965876 ], [ -77.479597625623484, 37.459125256341935 ], [ -77.482558756653503, 37.461581799885053 ], [ -77.490720950483194, 37.456651851540968 ], [ -77.49541222656471, 37.459754200546875 ], [ -77.494559854748232, 37.463104233847147 ], [ -77.506385445292892, 37.467174912725625 ], [ -77.513318466269197, 37.474928430694966 ], [ -77.526816103107578, 37.506748274589846 ], [ -77.528538874009314, 37.531979363019609 ], [ -77.544933571746881, 37.52816890272684 ], [ -77.554670748541298, 37.543034527789366 ], [ -77.568553174177353, 37.534744686019231 ], [ -77.592654172021284, 37.532987692426417 ], [ -77.596462290558918, 37.534580075491135 ], [ -77.601182892313403, 37.545053085588222 ], [ -77.595746583984265, 37.545886924333011 ], [ -77.595640523868283, 37.555846682814902 ], [ -77.584787272431925, 37.558587790082342 ], [ -77.56018214968563, 37.555485876279086 ], [ -77.546927576205306, 37.560431545713129 ], [ -77.530223295679704, 37.5593423279756 ], [ -77.525762494882244, 37.568271268538311 ], [ -77.535572546501911, 37.568000044216156 ], [ -77.537109117418908, 37.572360035780846 ], [ -77.547325314968674, 37.572655815034786 ], [ -77.541401055974205, 37.580256195268312 ], [ -77.543880487969034, 37.581194003749964 ], [ -77.532346157758198, 37.582841147272582 ], [ -77.532959703122458, 37.592681843398083 ], [ -77.516621303599422, 37.581769597222298 ], [ -77.500385527440059, 37.575473411978415 ], [ -77.4933680361098, 37.582222754744386 ], [ -77.482271339249408, 37.573267352644223 ], [ -77.472424347650161, 37.578847157533637 ], [ -77.479314838330026, 37.588696220572416 ], [ -77.477980806708004, 37.598992734877463 ], [ -77.454171746278277, 37.59728039825 ], [ -77.454286085669523, 37.602092805210056 ] ] ] } },
{ "type": "Feature", "properties": { "County_Nam": "Bedford", "FIPS": 19 }, "geometry": { "type": "Polygon", "coordinates": [ [ [ -79.430973136587255, 37.601753583392998 ], [ -79.423558003247479, 37.601104709549361 ], [ -79.415692431771674, 37.606542733281863 ], [ -79.405405986939485, 37.607711634305403 ], [ -79.394623199093999, 37.596835930941417 ], [ -79.384324070114161, 37.594580865508171 ], [ -79.380285025635615, 37.590344882616456 ], [ -79.380308997234749, 37.581033247260493 ], [ -79.369460109459609, 37.567423904619588 ], [ -79.366043860972653, 37.547987751467822 ], [ -79.340350780276125, 37.517162942734387 ], [ -79.315220515492328, 37.51057846465762 ], [ -79.293481560487947, 37.499431258248343 ], [ -79.264272589442129, 37.509289335360208 ], [ -79.258655557655203, 37.494119379063733 ], [ -79.239915903093291, 37.506348985954823 ], [ -79.220420529917789, 37.505605276447973 ], [ -79.219005638323154, 37.502510122801795 ], [ -79.225379237249356, 37.495107476406531 ], [ -79.213135770201177, 37.481255517719788 ], [ -79.207930074421256, 37.476994033247166 ], [ -79.189491310960975, 37.475326760218316 ], [ -79.185262442500829, 37.467710247407652 ], [ -79.209878890815816, 37.46900695782314 ], [ -79.209313645104672, 37.46606370195228 ], [ -79.223402878749582, 37.457601888747192 ], [ -79.225966318463662, 37.456654351679695 ], [ -79.227656547120247, 37.460872258008656 ], [ -79.233012241637482, 37.459214177103327 ], [ -79.232494715116673, 37.455864011330867 ], [ -79.247053050917572, 37.447085404679164 ], [ -79.261343543846323, 37.449771989495623 ], [ -79.266606320102269, 37.447582103442954 ], [ -79.265733459240209, 37.439324773400536 ], [ -79.270590571964149, 37.436699040073208 ], [ -79.267879918597089, 37.431669789356675 ], [ -79.252255448568746, 37.43132210459067 ], [ -79.249498625953819, 37.423911622866832 ], [ -79.241201722928167, 37.419539922382953 ], [ -79.254508000118363, 37.404617592256052 ], [ -79.232687840356576, 37.394661106155709 ], [ -79.443055155886668, 37.055757139369966 ], [ -79.453971725876457, 37.055849232707459 ], [ -79.479939364323428, 37.06460851572151 ], [ -79.491053294114238, 37.060915774743805 ], [ -79.480271231849258, 37.044931584785893 ], [ -79.483256855690996, 37.035275775924426 ], [ -79.458641683852974, 37.018325859101303 ], [ -79.461515199295334, 37.015047217477751 ], [ -79.471694904343266, 37.014003717480797 ], [ -79.481652674072649, 37.005852251870898 ], [ -79.496764235855011, 37.02328227766921 ], [ -79.510168704325309, 37.031772477930545 ], [ -79.532347761729611, 37.03889849300019 ], [ -79.537920507013609, 37.043472023796411 ], [ -79.537955573323728, 37.049304781133678 ], [ -79.542460638632932, 37.051694346245554 ], [ -79.550896056450824, 37.052696475046716 ], [ -79.542576880085932, 37.045178039039577 ], [ -79.549258896904917, 37.042068497707774 ], [ -79.559864003741126, 37.043821955828442 ], [ -79.562207504418339, 37.041374148818797 ], [ -79.560811443848678, 37.036627417057908 ], [ -79.563831256227203, 37.03492809109121 ], [ -79.579151225405298, 37.036626269373826 ], [ -79.600288068677131, 37.045044984822027 ], [ -79.602489481395921, 37.049282503512487 ], [ -79.59371669964402, 37.04803373777721 ], [ -79.593086362228988, 37.053137885339133 ], [ -79.622872818254066, 37.080296345979519 ], [ -79.621679140573917, 37.083276825207079 ], [ -79.611786127668609, 37.082188128826786 ], [ -79.611571591742162, 37.086584881025438 ], [ -79.615925494766017, 37.092084603897867 ], [ -79.626506917237975, 37.092285876778419 ], [ -79.640886999256495, 37.102885875428861 ], [ -79.651383543537818, 37.126891806052221 ], [ -79.663225258971096, 37.137365690413532 ], [ -79.664408273867892, 37.143395972788795 ], [ -79.670950677104301, 37.150036401375978 ], [ -79.680635124776202, 37.156002672855266 ], [ -79.688262593611981, 37.149706802551862 ], [ -79.701600942115547, 37.164298250976181 ], [ -79.70308733756309, 37.162167714299095 ], [ -79.696257878554562, 37.153239539013121 ], [ -79.703033509251483, 37.149563592683016 ], [ -79.711189345296589, 37.162678099391641 ], [ -79.709063356432054, 37.168452400465547 ], [ -79.718302047281711, 37.183626055388785 ], [ -79.717712564672311, 37.189100482310714 ], [ -79.721854327221607, 37.192033105266376 ], [ -79.733247531507871, 37.187128302049373 ], [ -79.756756733446224, 37.189442113016874 ], [ -79.761773574479761, 37.201451983580363 ], [ -79.768043775115615, 37.197522471441218 ], [ -79.776389733668765, 37.20234794305771 ], [ -79.780050619190675, 37.213639479181218 ], [ -79.774193234543233, 37.216078266627662 ], [ -79.78100185987779, 37.225540391160713 ], [ -79.781318060633978, 37.232606127083422 ], [ -79.794304259825324, 37.23162716182938 ], [ -79.796648033533984, 37.226216375179987 ], [ -79.794532713872655, 37.219775359673761 ], [ -79.804243247090426, 37.215035563833091 ], [ -79.818912041871442, 37.226552903200243 ], [ -79.825947763718162, 37.222683654700766 ], [ -79.830539990995007, 37.224659531036544 ], [ -79.833024025507612, 37.216085903249798 ], [ -79.843017231185627, 37.216410554541923 ], [ -79.847380417452257, 37.223717435472992 ], [ -79.842015599581245, 37.230054513134405 ], [ -79.846375506892215, 37.247400459004588 ], [ -79.857983386925909, 37.267142753646851 ], [ -79.846545100968143, 37.279027153799326 ], [ -79.850625776436047, 37.282355876165596 ], [ -79.85031612483067, 37.295081892642465 ], [ -79.839754818905462, 37.300646235796329 ], [ -79.847678204029592, 37.309207087000715 ], [ -79.843979136424579, 37.318059888389442 ], [ -79.788833528056131, 37.349187445787635 ], [ -79.783455280896206, 37.368801350588775 ], [ -79.776030569979767, 37.374032772518937 ], [ -79.778840779570785, 37.381948064198198 ], [ -79.79212977722689, 37.380961384897262 ], [ -79.797249868515337, 37.383697158698133 ], [ -79.80477520254567, 37.396540669031957 ], [ -79.814059598919783, 37.40410252554279 ], [ -79.790845911108192, 37.408674992847878 ], [ -79.756673104879127, 37.424868320660593 ], [ -79.751757012099347, 37.431773520476781 ], [ -79.719072725546368, 37.448941003029582 ], [ -79.691084559768896, 37.475488369113748 ], [ -79.676681226910375, 37.483762050206927 ], [ -79.659197584746892, 37.485286329497278 ], [ -79.653327668262335, 37.481911524390007 ], [ -79.639891143968597, 37.471044260320369 ], [ -79.638370833642966, 37.461292077213535 ], [ -79.628322212255952, 37.453642450746671 ], [ -79.616932504846915, 37.458033761314155 ], [ -79.602698498172742, 37.455528347839355 ], [ -79.594088071428871, 37.448938516397881 ], [ -79.582971756269174, 37.451825385850725 ], [ -79.581064137863137, 37.472406600195328 ], [ -79.558147127573193, 37.496934233503012 ], [ -79.555193007954983, 37.499079373706941 ], [ -79.545927803746324, 37.489311874463596 ], [ -79.53249659075658, 37.505714117767724 ], [ -79.51896577219209, 37.508476406657479 ], [ -79.514306898046911, 37.516499556166458 ], [ -79.504807135026113, 37.520866504680313 ], [ -79.505361913842407, 37.529054632969626 ], [ -79.496844193256337, 37.536857645031546 ], [ -79.478705590194252, 37.548301415085774 ], [ -79.464079494124334, 37.54951272945987 ], [ -79.457902101174483, 37.560262184979976 ], [ -79.440208376669545, 37.564165730129467 ], [ -79.43392548407698, 37.572269681474964 ], [ -79.438500451449613, 37.577848069225197 ], [ -79.442433749406888, 37.575938982396863 ], [ -79.448930237322912, 37.578632542582973 ], [ -79.447535020346763, 37.583242618785142 ], [ -79.457263763185907, 37.599275213390001 ], [ -79.456568687263143, 37.607588987324 ], [ -79.445096023749315, 37.618131062965745 ], [ -79.437067320655871, 37.616970365000647 ], [ -79.436037298688987, 37.60494037009493 ], [ -79.430973136587255, 37.601753583392998 ] ] ] } },
{ "type": "Feature", "properties": { "County_Nam": "Northampton", "FIPS": 131 }, "geometry": { "type": "Polygon", "coordinates": [ [ [ -75.93484677945267, 37.550827610983532 ], [ -75.931093350862227, 37.55490333843025 ], [ -75.914299220953851, 37.553067653047563 ], [ -75.899961263648507, 37.556884709764169 ], [ -75.882271581293807, 37.549323349664547 ], [ -75.83854255368891, 37.555742332411903 ], [ -75.787774293585642, 37.529007477189701 ], [ -75.798815762896453, 37.51483622376756 ], [ -75.805506980705346, 37.51397047353629 ], [ -75.80325059640677, 37.50497246361315 ], [ -75.791538124279953, 37.503199425393291 ], [ -75.795194959346134, 37.499573953930373 ], [ -75.79384357630758, 37.488633980736743 ], [ -75.813021590688336, 37.4751971951491 ], [ -75.809701138852176, 37.465749136177045 ], [ -75.804666618029785, 37.462696476352839 ], [ -75.78610976239743, 37.463982117832792 ], [ -75.776832359378474, 37.454309010543192 ], [ -75.764266380034812, 37.463001269926131 ], [ -75.730256661676734, 37.46037748000694 ], [ -75.710131369971293, 37.448588947828853 ], [ -75.683101735404065, 37.454663708941247 ], [ -75.675664835814587, 37.464745388204427 ], [ -75.66977973285762, 37.467345562450824 ], [ -75.667163318614669, 37.467321965428788 ], [ -75.667902333220155, 37.463791898248019 ], [ -75.65767080068629, 37.460128499609205 ], [ -75.657599641476949, 37.456856972262258 ], [ -75.660771923145376, 37.443616327153833 ], [ -75.680481168233555, 37.423300316234176 ], [ -75.713842271852343, 37.374817202860378 ], [ -75.721787059517396, 37.368161878947348 ], [ -75.72265108660649, 37.361459432376222 ], [ -75.719775063195343, 37.357219870491669 ], [ -75.730806063049911, 37.336004136727006 ], [ -75.773690457440239, 37.300478256843761 ], [ -75.799102999828037, 37.29726018026296 ], [ -75.793445785025881, 37.276314249282144 ], [ -75.796359867455493, 37.257557230159755 ], [ -75.803043828562821, 37.24398677109739 ], [ -75.799261867027312, 37.243131313844465 ], [ -75.808580805711841, 37.242853832396818 ], [ -75.80977907487987, 37.237975891020618 ], [ -75.801641169903192, 37.231491869617827 ], [ -75.808296323627772, 37.213396321228672 ], [ -75.805541611277533, 37.202558109712172 ], [ -75.822810794826694, 37.182135245096006 ], [ -75.822876115010359, 37.17573267182712 ], [ -75.852177635020965, 37.15877511891378 ], [ -75.89426706068113, 37.11822417313536 ], [ -75.903992703182453, 37.113927277769953 ], [ -75.92236929919018, 37.111867879656309 ], [ -75.939942840756459, 37.099837361798762 ], [ -75.944079635929981, 37.087460530191919 ], [ -75.958067140280903, 37.083826010826037 ], [ -75.977795225143581, 37.08672049179323 ], [ -75.980346179205128, 37.089939897257281 ], [ -75.97946211571481, 37.102541856493126 ], [ -75.972111620485009, 37.105734752474426 ], [ -75.969265425780989, 37.111835688675882 ], [ -75.969820654363687, 37.127580598750555 ], [ -75.978413967344835, 37.158873436970858 ], [ -75.988954551256413, 37.166671471607643 ], [ -75.987242540387129, 37.170067319778873 ], [ -75.990635279848135, 37.177515869185882 ], [ -76.01357050321441, 37.207087279009372 ], [ -76.013861886051401, 37.218903966060722 ], [ -76.009038213116057, 37.234903844754236 ], [ -76.014658543051937, 37.236207862314167 ], [ -76.024845686370526, 37.255062273294293 ], [ -76.024310550422015, 37.266926615564167 ], [ -76.017413748953516, 37.275724823278857 ], [ -76.025149505394964, 37.282959105188809 ], [ -76.016257986564696, 37.325778249716407 ], [ -75.988672477312022, 37.367041850390365 ], [ -75.984767180983212, 37.368500876498523 ], [ -75.986450791022506, 37.381732175044384 ], [ -75.976477000928455, 37.399024104796283 ], [ -75.980545030938544, 37.402492116846993 ], [ -75.982601841944202, 37.41252051792555 ], [ -75.982201624429919, 37.432089778055968 ], [ -75.959510666325698, 37.468265839651828 ], [ -75.963155766862712, 37.476000096913786 ], [ -75.957743035505231, 37.502730463032208 ], [ -75.949664212862714, 37.522636364603215 ], [ -75.933276959641816, 37.549065751114675 ], [ -75.93484677945267, 37.550827610983532 ] ] ] } },
{ "type": "Feature", "properties": { "County_Nam": null, "FIPS": 901 }, "geometry": { "type": "Polygon", "coordinates": [ [ [ -75.936465255435479, 37.549957958025075 ], [ -75.933276959641816, 37.549065751114675 ], [ -75.949664212862714, 37.522636364603215 ], [ -75.957743035505231, 37.502730463032208 ], [ -75.963155766862712, 37.476000096913786 ], [ -75.959510666325698, 37.468265839651828 ], [ -75.982201624429919, 37.432089778055968 ], [ -75.982601841944202, 37.41252051792555 ], [ -75.980545030938544, 37.402492116846993 ], [ -75.976477000928455, 37.399024104796283 ], [ -75.986450791022506, 37.381732175044384 ], [ -75.984767180983212, 37.368500876498523 ], [ -75.988672477312022, 37.367041850390365 ], [ -76.016257986564696, 37.325778249716407 ], [ -76.025149505394964, 37.282959105188809 ], [ -76.017413748953516, 37.275724823278857 ], [ -76.024310550422015, 37.266926615564167 ], [ -76.024845686370526, 37.255062273294293 ], [ -76.014658543051937, 37.236207862314167 ], [ -76.009038213116057, 37.234903844754236 ], [ -76.013861886051401, 37.218903966060722 ], [ -76.01357050321441, 37.207087279009372 ], [ -75.990635279848135, 37.177515869185882 ], [ -75.987242540387129, 37.170067319778873 ], [ -75.988954551256413, 37.166671471607643 ], [ -75.978413967344835, 37.158873436970858 ], [ -75.969628473498219, 37.126112916614282 ], [ -75.969265425780989, 37.111835688675882 ], [ -75.972111620485009, 37.105734752474426 ], [ -75.97702906199352, 37.105214288955835 ], [ -75.980436184986601, 37.100190188496605 ], [ -75.980346179205128, 37.089939897257281 ], [ -75.975441233918701, 37.086751170680628 ], [ -75.998136699277367, 37.008992166294057 ], [ -76.059014154400643, 37.00933879700883 ], [ -76.094216404615722, 37.014535453404484 ], [ -76.118449993416817, 37.02534144302173 ], [ -76.134601376283982, 37.037500450548237 ], [ -76.141379899766108, 37.047088283938599 ], [ -76.127951821199929, 37.102868081666948 ], [ -76.12903335895011, 37.12600467127745 ], [ -76.152761633457175, 37.165667428074009 ], [ -76.202397498022208, 37.222301424836068 ], [ -76.208831609552021, 37.239570978407826 ], [ -76.205440850442187, 37.258713511799378 ], [ -76.192400297935137, 37.275688193785733 ], [ -76.167507090611281, 37.291892534069376 ], [ -76.14249529846046, 37.317252818356764 ], [ -76.120871106262214, 37.372419488533879 ], [ -76.112572278478936, 37.462126677452439 ], [ -76.113126246274831, 37.482804837383163 ], [ -76.125982665613918, 37.532323010551707 ], [ -76.124229280563, 37.542540414544447 ], [ -75.936465255435479, 37.549957958025075 ] ] ] } },
{ "type": "Feature", "properties": { "County_Nam": null, "FIPS": 901 }, "geometry": { "type": "Polygon", "coordinates": [ [ [ -76.300872091317373, 37.533335042847789 ], [ -76.296802752744838, 37.5358755426263 ], [ -76.124229280563, 37.542540414544447 ], [ -76.125982665613918, 37.532323010551707 ], [ -76.113126246274831, 37.482804837383163 ], [ -76.112572278478936, 37.462126677452439 ], [ -76.120871106262214, 37.372419488533879 ], [ -76.14249529846046, 37.317252818356764 ], [ -76.167507090611281, 37.291892534069376 ], [ -76.184756163320557, 37.280510387281524 ], [ -76.304590058458231, 37.278387931236772 ], [ -76.329266734455302, 37.307988527159551 ], [ -76.3697401815311, 37.342338731346594 ], [ -76.384494547187373, 37.369309851978038 ], [ -76.395985137755005, 37.377299759750713 ], [ -76.383059249690405, 37.384125644929192 ], [ -76.370511438478772, 37.380591905237999 ], [ -76.366586734482652, 37.374032866215572 ], [ -76.361731458561337, 37.37419018685177 ], [ -76.359818360170877, 37.370426634759966 ], [ -76.348407988261258, 37.371221806632171 ], [ -76.337509374168647, 37.366309253751453 ], [ -76.329915606131195, 37.353949756418245 ], [ -76.32069893063057, 37.349009958635243 ], [ -76.320341317036537, 37.344103978966587 ], [ -76.312852801452436, 37.345415251788523 ], [ -76.311518872587769, 37.341928374810713 ], [ -76.314368188532754, 37.339715591335825 ], [ -76.308497683262814, 37.329573036068545 ], [ -76.297686206651946, 37.327562539051065 ], [ -76.295650505455498, 37.323733882687165 ], [ -76.282531081199963, 37.319376697687765 ], [ -76.278741637194827, 37.310456143914266 ], [ -76.27507268526827, 37.310847192384166 ], [ -76.271251901737799, 37.329311479135569 ], [ -76.274946033921495, 37.330835601288982 ], [ -76.272218378189493, 37.336775393338485 ], [ -76.275608986163959, 37.339289704621663 ], [ -76.270614125911379, 37.340968018577875 ], [ -76.276332453773236, 37.351785595927609 ], [ -76.258245939249932, 37.361506098728263 ], [ -76.255858260353946, 37.365817247208 ], [ -76.257894495167008, 37.368015161666939 ], [ -76.247900248549712, 37.375687541151159 ], [ -76.247345139616186, 37.397775865579035 ], [ -76.252096372581889, 37.399066399214526 ], [ -76.250924012689453, 37.404063102012017 ], [ -76.247821161631322, 37.404848479655847 ], [ -76.251340004678838, 37.439214679672865 ], [ -76.263568330782277, 37.468316661024424 ], [ -76.263297452574321, 37.476616121545675 ], [ -76.279164582906844, 37.505251565384782 ], [ -76.287750279814261, 37.513930552334791 ], [ -76.297923351244222, 37.51514658176432 ], [ -76.305998669542362, 37.522374182006601 ], [ -76.30636689084514, 37.529006282689679 ], [ -76.300872091317373, 37.533335042847789 ] ], [ [ -76.277998950004374, 37.30872688730058 ], [ -76.279494077672922, 37.308537195858463 ], [ -76.279844258018954, 37.30797684135927 ], [ -76.278594595542998, 37.305586020117623 ], [ -76.277998950004374, 37.30872688730058 ] ] ] } },
{ "type": "Feature", "properties": { "County_Nam": "Chesterfield", "FIPS": 41 }, "geometry": { "type": "Polygon", "coordinates": [ [ [ -77.654106447089958, 37.562692217583503 ], [ -77.648863492417945, 37.559505200627008 ], [ -77.625505269868285, 37.55673140703 ], [ -77.595640523868283, 37.555846682814902 ], [ -77.595746583984265, 37.545886924333011 ], [ -77.601182892313403, 37.545053085588222 ], [ -77.596462290558918, 37.534580075491135 ], [ -77.592654172021284, 37.532987692426417 ], [ -77.568553174177353, 37.534744686019231 ], [ -77.554670748541298, 37.543034527789366 ], [ -77.544933571746881, 37.52816890272684 ], [ -77.528538874009314, 37.531979363019609 ], [ -77.526816103107578, 37.506748274589846 ], [ -77.509716431379402, 37.470068969617763 ], [ -77.494559854748232, 37.463104233847147 ], [ -77.49541222656471, 37.459754200546875 ], [ -77.488660635305976, 37.456030672419907 ], [ -77.482558756653503, 37.461581799885053 ], [ -77.479597625623484, 37.459125256341935 ], [ -77.459525765617045, 37.464224191965876 ], [ -77.435247772852932, 37.457450302230114 ], [ -77.419663702759564, 37.446960993838786 ], [ -77.427490697953274, 37.434844124386764 ], [ -77.426531648901317, 37.427489973071594 ], [ -77.418951998049877, 37.422549237981293 ], [ -77.400017192015255, 37.423192167358117 ], [ -77.393432424241695, 37.40475011932449 ], [ -77.383131585906057, 37.396739466154344 ], [ -77.385316687856999, 37.387881792385109 ], [ -77.382436295615506, 37.384202207647007 ], [ -77.375617653233647, 37.384053306441508 ], [ -77.372903739257737, 37.391006413219493 ], [ -77.368116970833512, 37.39208470448996 ], [ -77.358610957406, 37.386331413927138 ], [ -77.358190913469485, 37.37644020045893 ], [ -77.34830176275662, 37.379390195004511 ], [ -77.325919166311365, 37.378663377345589 ], [ -77.314756308133809, 37.386094319053498 ], [ -77.310134415041077, 37.404607481149355 ], [ -77.301962926419137, 37.406591841147254 ], [ -77.297856908536005, 37.403558097326943 ], [ -77.296475768844545, 37.395541727527522 ], [ -77.307847740997602, 37.372864584260554 ], [ -77.303746057318349, 37.359663093476676 ], [ -77.285821508080133, 37.353684478055676 ], [ -77.274003018591927, 37.354664848957675 ], [ -77.268708417358056, 37.36018732758631 ], [ -77.26996778426215, 37.375995146225719 ], [ -77.262878073179778, 37.381851477749066 ], [ -77.24713619310657, 37.379637374589727 ], [ -77.244254128061627, 37.369627841161524 ], [ -77.246798771596559, 37.36235853395489 ], [ -77.267137199999922, 37.340086645416257 ], [ -77.272066310138854, 37.327379578200194 ], [ -77.270551879583209, 37.320980745794351 ], [ -77.282228459623909, 37.319036977312621 ], [ -77.28277486474046, 37.313612394128306 ], [ -77.287254997124307, 37.317182528571728 ], [ -77.292325478454728, 37.313092011357867 ], [ -77.319967720341921, 37.308229598936379 ], [ -77.340051145027886, 37.315169849424024 ], [ -77.352445008821348, 37.310300861644023 ], [ -77.357492629791793, 37.280611626060171 ], [ -77.373367836285908, 37.267501705929156 ], [ -77.377173429889694, 37.244798264625508 ], [ -77.384901941383632, 37.238890790734651 ], [ -77.402403771803677, 37.239251098162576 ], [ -77.385171349503324, 37.241300622685358 ], [ -77.380556500761003, 37.245061472443417 ], [ -77.377300139685929, 37.271671952128635 ], [ -77.362247607078302, 37.282206556194708 ], [ -77.365810778336268, 37.286918505298949 ], [ -77.364515982741167, 37.290751968297549 ], [ -77.37125222172655, 37.289691174322684 ], [ -77.368309601153854, 37.297869935244066 ], [ -77.373736959424406, 37.296107465923363 ], [ -77.378414488102564, 37.284144722111797 ], [ -77.389476801677205, 37.287245017550596 ], [ -77.391852025312758, 37.282456723614658 ], [ -77.401308329347316, 37.282416148117377 ], [ -77.402259801630976, 37.276881508902271 ], [ -77.398255053639801, 37.27509951302185 ], [ -77.400083683226384, 37.271847413960451 ], [ -77.405724724271778, 37.27359159105962 ], [ -77.411067407866028, 37.282686317928004 ], [ -77.426529474715636, 37.283438157663554 ], [ -77.426632779325587, 37.278260941021259 ], [ -77.422813008009697, 37.274288346317576 ], [ -77.432181336088419, 37.274920757423359 ], [ -77.422180502860385, 37.263966842931325 ], [ -77.418533453467177, 37.265846074976487 ], [ -77.414639336592302, 37.261243874091043 ], [ -77.417799309054928, 37.247972282308396 ], [ -77.416690922724797, 37.233246590607493 ], [ -77.444956356732845, 37.222646984917297 ], [ -77.492409684866573, 37.224888253560131 ], [ -77.521523144621483, 37.216985378300812 ], [ -77.52601571998099, 37.222630197253409 ], [ -77.536265106828566, 37.226299633366089 ], [ -77.559427563530988, 37.224920024373851 ], [ -77.562657281113346, 37.230761929213365 ], [ -77.567210648118134, 37.231586949075769 ], [ -77.568522943022757, 37.239624097351879 ], [ -77.573912923745041, 37.236438430978239 ], [ -77.578391523230479, 37.237577800635428 ], [ -77.583462244012523, 37.245672475232311 ], [ -77.599866578489227, 37.253256994335878 ], [ -77.603072718496733, 37.263628735384401 ], [ -77.612546025413067, 37.270777884371881 ], [ -77.620644580389737, 37.266840905011001 ], [ -77.631218370287485, 37.270125204497013 ], [ -77.642544316261137, 37.264087304318359 ], [ -77.651214686728281, 37.265389219063493 ], [ -77.661997762349884, 37.277154908692509 ], [ -77.667696843554268, 37.292740306178629 ], [ -77.682089571434886, 37.292076840890594 ], [ -77.685469052664274, 37.283795213863876 ], [ -77.692549915863836, 37.28150977382829 ], [ -77.706986762245961, 37.299984811829169 ], [ -77.716076070585871, 37.296856704787182 ], [ -77.715649318359041, 37.287339200336518 ], [ -77.719084055399236, 37.28366698416788 ], [ -77.735491628244461, 37.284275372805951 ], [ -77.740513037705597, 37.268245032865117 ], [ -77.762785842485442, 37.270337954030573 ], [ -77.768082439429165, 37.275183873430471 ], [ -77.771346037408023, 37.286729793186041 ], [ -77.786142488773919, 37.297107817229936 ], [ -77.806759595089105, 37.304527629934086 ], [ -77.808965020638553, 37.315917240137161 ], [ -77.796192867291907, 37.324192654361518 ], [ -77.79874258345707, 37.32730426945426 ], [ -77.797139547566033, 37.333411253509773 ], [ -77.818423575001333, 37.338172765287744 ], [ -77.838316887872566, 37.338476256903981 ], [ -77.850796427153512, 37.345269936182696 ], [ -77.852296938186541, 37.356033510705828 ], [ -77.860846700294744, 37.362136858599946 ], [ -77.876157517553054, 37.363691348847354 ], [ -77.878261087322045, 37.383430539177063 ], [ -77.872968367018686, 37.392065719638644 ], [ -77.867282949643567, 37.393204047813107 ], [ -77.871628311829667, 37.399086314917518 ], [ -77.87547899592461, 37.416246400029543 ], [ -77.872298779325746, 37.418558487810841 ], [ -77.858548768621759, 37.414598291770197 ], [ -77.853402977380583, 37.418572646043323 ], [ -77.846727161592142, 37.415095519407807 ], [ -77.833208145323994, 37.422841110816911 ], [ -77.809229862165708, 37.42609008153002 ], [ -77.79857570825601, 37.445459982225692 ], [ -77.797812136661364, 37.458850486011848 ], [ -77.654106447089958, 37.562692217583503 ] ] ] } },
{ "type": "Feature", "properties": { "County_Nam": "Mathews", "FIPS": 115 }, "geometry": { "type": "Polygon", "coordinates": [ [ [ -76.437443078615999, 37.514385257382351 ], [ -76.422117123855287, 37.510271237354502 ], [ -76.414342802595499, 37.5121986259823 ], [ -76.403600408621756, 37.535625567045088 ], [ -76.391508185200308, 37.530401121419644 ], [ -76.379447533649284, 37.531921402144576 ], [ -76.350387889030301, 37.526062424921335 ], [ -76.336983127427374, 37.515187055051008 ], [ -76.328542605276539, 37.512706622305032 ], [ -76.318302059975252, 37.515477820507208 ], [ -76.30636689084514, 37.529006282689679 ], [ -76.305998669542362, 37.522374182006601 ], [ -76.301741617005902, 37.517105563616781 ], [ -76.290657420651016, 37.515606878496421 ], [ -76.281743304731833, 37.50892358950108 ], [ -76.263297452574321, 37.476616121545675 ], [ -76.263568330782277, 37.468316661024424 ], [ -76.25270718208273, 37.446719453191243 ], [ -76.247821161631322, 37.404848479655847 ], [ -76.250924012689453, 37.404063102012017 ], [ -76.252096372581889, 37.399066399214526 ], [ -76.247345139616186, 37.397775865579035 ], [ -76.246244267091541, 37.387604765784204 ], [ -76.247900248549712, 37.375687541151159 ], [ -76.257894495167008, 37.368015161666939 ], [ -76.255858260353946, 37.365817247208 ], [ -76.258245939249932, 37.361506098728263 ], [ -76.276332453773236, 37.351785595927609 ], [ -76.270614125911379, 37.340968018577875 ], [ -76.275608986163959, 37.339289704621663 ], [ -76.272218378189493, 37.336775393338485 ], [ -76.274946033921495, 37.330835601288982 ], [ -76.271251901737799, 37.329311479135569 ], [ -76.27507268526827, 37.310847192384166 ], [ -76.278741637194827, 37.310456143914266 ], [ -76.282531081199963, 37.319376697687765 ], [ -76.295650505455498, 37.323733882687165 ], [ -76.297686206651946, 37.327562539051065 ], [ -76.308497683262814, 37.329573036068545 ], [ -76.314368188532754, 37.339715591335825 ], [ -76.311518872587769, 37.341928374810713 ], [ -76.312852801452436, 37.345415251788523 ], [ -76.320341317036537, 37.344103978966587 ], [ -76.32069893063057, 37.349009958635243 ], [ -76.329915606131195, 37.353949756418245 ], [ -76.337509374168647, 37.366309253751453 ], [ -76.348407988261258, 37.371221806632171 ], [ -76.359818360170877, 37.370426634759966 ], [ -76.361731458561337, 37.37419018685177 ], [ -76.366586734482652, 37.374032866215572 ], [ -76.370511438478772, 37.380591905237999 ], [ -76.383059249690405, 37.384125644929192 ], [ -76.395985137755005, 37.377299759750713 ], [ -76.403349182026474, 37.386246123349657 ], [ -76.407296610206913, 37.412461161161929 ], [ -76.447750493727796, 37.419787659206548 ], [ -76.450132916055821, 37.430704796203656 ], [ -76.444379691993362, 37.439211308478924 ], [ -76.448551027847387, 37.449304440780686 ], [ -76.442061299430662, 37.453042965857605 ], [ -76.446814782938986, 37.461047044249142 ], [ -76.447151498697991, 37.473032404027244 ], [ -76.451608578561519, 37.484672081931343 ], [ -76.436844982015032, 37.506580377411147 ], [ -76.437443078615999, 37.514385257382351 ] ] ] } },
{ "type": "Feature", "properties": { "County_Nam": "Buchanan", "FIPS": 27 }, "geometry": { "type": "Polygon", "coordinates": [ [ [ -82.149924177323456, 37.410068409847803 ], [ -81.967979168769673, 37.538000947424386 ], [ -81.96758670737195, 37.532954673615855 ], [ -81.957266030941398, 37.535255365128798 ], [ -81.956057516350342, 37.528343315052823 ], [ -81.944145395942769, 37.531360050061608 ], [ -81.947603199111796, 37.52619175099435 ], [ -81.94351186980262, 37.520860160817556 ], [ -81.944487636725484, 37.513519719363352 ], [ -81.9383926855281, 37.513056532453405 ], [ -81.933733069547102, 37.519415558141205 ], [ -81.926920934956698, 37.51271438341977 ], [ -81.942727458433794, 37.508902730061678 ], [ -81.944064309931491, 37.503043409826631 ], [ -81.952736908908705, 37.501669259700535 ], [ -81.953396013459056, 37.491565285716277 ], [ -81.964792621210307, 37.493499545203449 ], [ -81.97781046719733, 37.484466381850048 ], [ -81.990925503533077, 37.484379822525867 ], [ -81.996616050318494, 37.476731648375711 ], [ -81.992162344712312, 37.46076709461574 ], [ -81.987666352566649, 37.458801031886324 ], [ -81.986661724202449, 37.454663894002287 ], [ -81.976155561983603, 37.457170241286526 ], [ -81.968786974468756, 37.451462581698038 ], [ -81.970238335827375, 37.447575523689601 ], [ -81.957487597880572, 37.449088622098969 ], [ -81.949208666998473, 37.445538698252754 ], [ -81.945462676990573, 37.440110119243229 ], [ -81.935708761254944, 37.438600801567141 ], [ -81.935540251913267, 37.432020666991711 ], [ -81.940564092444617, 37.429041045860174 ], [ -81.938877087299844, 37.421952254434601 ], [ -81.932600149102697, 37.415232995805347 ], [ -81.922951334111403, 37.411316390814207 ], [ -81.924302901621317, 37.407325515884814 ], [ -81.930231736484558, 37.404997118676157 ], [ -81.928805323312616, 37.393623849690712 ], [ -81.933838350734163, 37.390754292636387 ], [ -81.931752996272195, 37.385551140645546 ], [ -81.936688807647357, 37.380696708934664 ], [ -81.930980566711455, 37.375515874261758 ], [ -81.933490899743575, 37.369286251623414 ], [ -81.926022589782391, 37.365324402927705 ], [ -81.928398927311335, 37.360238607096967 ], [ -81.921883915136377, 37.356917568252101 ], [ -81.917537504128148, 37.349085056158927 ], [ -81.910163808309164, 37.348829923296755 ], [ -81.907501381306105, 37.342593993481287 ], [ -81.89949443902978, 37.341354175581266 ], [ -81.897955127911189, 37.333502454399458 ], [ -81.893688565065773, 37.329764525564556 ], [ -81.877408996801236, 37.331475891105995 ], [ -81.878363625705362, 37.328854738435709 ], [ -81.873970712752083, 37.327575076924468 ], [ -81.872825970519273, 37.322761074497571 ], [ -81.860411264315005, 37.315839896729749 ], [ -81.865713241594435, 37.30915878519739 ], [ -81.859574595513138, 37.30473913002448 ], [ -81.854360616880626, 37.30640801291397 ], [ -81.854239754719472, 37.290040507002111 ], [ -81.849993393842553, 37.285273956061275 ], [ -81.834170044109285, 37.285335250663252 ], [ -81.834075515102782, 37.281650005054821 ], [ -81.825577595121672, 37.279016754459327 ], [ -81.800338426535774, 37.285683612510418 ], [ -81.793773521079643, 37.284710574837938 ], [ -81.793248543202836, 37.281159927044477 ], [ -81.789248036983238, 37.284463136707082 ], [ -81.782395886827914, 37.282248621435237 ], [ -81.77338007010114, 37.273945409022616 ], [ -81.757312876340279, 37.276046713949192 ], [ -81.757560568022129, 37.268611846634819 ], [ -81.746135609924025, 37.263724098567288 ], [ -81.745707189051842, 37.258122929883896 ], [ -81.741016114399997, 37.254374004172156 ], [ -81.744328155137438, 37.243333471308574 ], [ -81.740637547160475, 37.240561947885638 ], [ -81.743264161511419, 37.232403890736364 ], [ -81.740143358899459, 37.229559237732431 ], [ -81.741096605094839, 37.225833730428349 ], [ -81.755328574694943, 37.219168316230629 ], [ -81.757051046918704, 37.207195221401477 ], [ -81.763102972914993, 37.200948135003259 ], [ -81.773757331149341, 37.203951138957031 ], [ -81.784082094290852, 37.197968046240426 ], [ -81.787348344057321, 37.190816143889613 ], [ -81.799821801911847, 37.185058951428779 ], [ -81.811895598861881, 37.185250474054278 ], [ -81.821576059271663, 37.178700938670055 ], [ -81.833362915516076, 37.180067493918649 ], [ -81.845529173036709, 37.17312456048866 ], [ -81.857184144198456, 37.17453911180548 ], [ -81.872537126150377, 37.164666310720101 ], [ -81.867168737292204, 37.15775906668221 ], [ -81.889504424879263, 37.148788696084097 ], [ -81.897475108935808, 37.152238602014613 ], [ -81.900992059797062, 37.142644739076303 ], [ -81.909265702417315, 37.14030023154929 ], [ -81.914539908472818, 37.130573852970834 ], [ -81.923000202209906, 37.134114784751269 ], [ -81.929737417263013, 37.131586916961687 ], [ -81.9312284483578, 37.12662539811992 ], [ -81.946290064919381, 37.130082364024048 ], [ -81.953125757899159, 37.125804319224827 ], [ -81.963934738671085, 37.12800945388026 ], [ -81.967153530810606, 37.122405752953 ], [ -81.97598714641245, 37.12054763152932 ], [ -81.987347624337971, 37.123646841865543 ], [ -81.990853326158017, 37.12869742825503 ], [ -82.000303172464712, 37.118088048686367 ], [ -82.007671282672248, 37.119969261687942 ], [ -82.006688501435178, 37.115489058417225 ], [ -82.011709584952541, 37.111943031727449 ], [ -82.010328484895425, 37.107351602549777 ], [ -82.0168941951016, 37.102008797328438 ], [ -82.012717617455607, 37.098107691237978 ], [ -82.021190855743825, 37.089079806540873 ], [ -82.021186602753843, 37.083711617642365 ], [ -82.015248183168296, 37.082704226062681 ], [ -82.01384903957846, 37.079467832433885 ], [ -82.0213036794716, 37.074548842041594 ], [ -82.017933605382495, 37.068404826978202 ], [ -82.031615659072159, 37.065111809011114 ], [ -82.035635174072212, 37.051857171188139 ], [ -82.04467354458798, 37.046574795659019 ], [ -82.056391364680366, 37.048040463301056 ], [ -82.075577575519333, 37.038183618753365 ], [ -82.087743945632624, 37.041420667131192 ], [ -82.096777698222084, 37.051884019005307 ], [ -82.107227677131391, 37.048079547888811 ], [ -82.107115927633501, 37.041496932445668 ], [ -82.118165349406624, 37.038901352506436 ], [ -82.120144722624602, 37.041559336182239 ], [ -82.126986967797436, 37.039032306690565 ], [ -82.135727778308478, 37.043647264083454 ], [ -82.141234182412575, 37.040006028469996 ], [ -82.148225510099309, 37.040743121522212 ], [ -82.136849115952629, 37.050218165092168 ], [ -82.139641977060407, 37.057043234284691 ], [ -82.135924356298389, 37.061304911916672 ], [ -82.144600699775623, 37.065113388273794 ], [ -82.140818759592378, 37.069835650115607 ], [ -82.152746125235083, 37.08216102353439 ], [ -82.152078231367057, 37.085264495814869 ], [ -82.157504189844033, 37.088812409697319 ], [ -82.156813711809178, 37.093907530111359 ], [ -82.162782818764882, 37.098944688821355 ], [ -82.158256411355751, 37.110792231865261 ], [ -82.171812510635291, 37.115516476541522 ], [ -82.174888446213458, 37.133189792095131 ], [ -82.179333558673136, 37.134210027939183 ], [ -82.177734268191855, 37.136781153895107 ], [ -82.184107141231763, 37.136649337697719 ], [ -82.181649170823505, 37.140554686595038 ], [ -82.189803018902282, 37.145466140485659 ], [ -82.191773836996177, 37.156372006005292 ], [ -82.195323634308636, 37.155179361180977 ], [ -82.197311305871807, 37.159209364504065 ], [ -82.202587024816339, 37.15617049384074 ], [ -82.200570608649357, 37.159336371921739 ], [ -82.205239747613618, 37.160634205324797 ], [ -82.236366676278678, 37.211902288965319 ], [ -82.250393480090167, 37.273004449222491 ], [ -82.256103342603282, 37.278452073896659 ], [ -82.265467989687124, 37.280152408041161 ], [ -82.270499390635919, 37.290151988581762 ], [ -82.279821734892991, 37.294190065968827 ], [ -82.292566670004263, 37.305804673631599 ], [ -82.314311154650596, 37.295827207158688 ], [ -82.149924177323456, 37.410068409847803 ] ] ] } },
{ "type": "Feature", "properties": { "County_Nam": "Appomattox", "FIPS": 11 }, "geometry": { "type": "Polygon", "coordinates": [ [ [ -78.825729693648654, 37.55238137532519 ], [ -78.702927797078658, 37.455194429517896 ], [ -78.683256432288118, 37.428952583379797 ], [ -78.668198460808028, 37.422455580181733 ], [ -78.659497988296721, 37.423423974940782 ], [ -78.652532187107354, 37.417752449877547 ], [ -78.635632968812374, 37.416127996555794 ], [ -78.637350664644003, 37.41379576320373 ], [ -78.634397963137147, 37.411765116670935 ], [ -78.640154087742403, 37.404134931454294 ], [ -78.635286620750136, 37.400203876698107 ], [ -78.637377807692104, 37.392779021507593 ], [ -78.63001864300125, 37.388940261802674 ], [ -78.630525961685024, 37.384253436903904 ], [ -78.616276516539855, 37.388504030250608 ], [ -78.615760625371095, 37.394046941756031 ], [ -78.60749140993255, 37.393462161424559 ], [ -78.594440593269965, 37.398018124926807 ], [ -78.60149495298613, 37.351430500460971 ], [ -78.594500879425084, 37.344902496617344 ], [ -78.60161030349235, 37.337712702348661 ], [ -78.609359500558284, 37.335744054720436 ], [ -78.613968890067412, 37.32761641149078 ], [ -78.630382508482668, 37.318628553092424 ], [ -78.641995626172758, 37.300227911790415 ], [ -78.673450648776566, 37.268366160899753 ], [ -78.679901056831156, 37.258937869506845 ], [ -78.679310076692985, 37.252451707589003 ], [ -78.682410866571473, 37.248478903405783 ], [ -78.7082149584257, 37.237095001987733 ], [ -78.720160178054584, 37.237057411238681 ], [ -78.72714191255136, 37.225364102425871 ], [ -78.734415061616275, 37.220219952169906 ], [ -78.742766079427867, 37.22432076778135 ], [ -78.753774962894838, 37.220586441824224 ], [ -78.764073327314989, 37.228669086994529 ], [ -78.777268138313815, 37.229135619726776 ], [ -78.808154104952635, 37.202171501809971 ], [ -78.857022181151194, 37.212598696198761 ], [ -78.854887605704789, 37.226303373208097 ], [ -78.863200716501069, 37.240441761799062 ], [ -78.89165979942031, 37.248701670437065 ], [ -78.914922761494296, 37.24230737720174 ], [ -78.921670025528968, 37.245862861243914 ], [ -78.922105660135514, 37.26453661785056 ], [ -78.918125535280353, 37.269181899283019 ], [ -78.922461569927819, 37.270900544867736 ], [ -78.922210011456372, 37.27723283361437 ], [ -78.938158980185491, 37.283690607203134 ], [ -79.02207006871356, 37.429139851827209 ], [ -79.01481792931412, 37.432875254916276 ], [ -79.01078809905728, 37.445182262425256 ], [ -78.997869526236286, 37.449863631792851 ], [ -78.973641485015193, 37.470457327872907 ], [ -78.941385925525523, 37.4832231486672 ], [ -78.939790504117028, 37.492750863309404 ], [ -78.949559551575348, 37.503420908140527 ], [ -78.929492535991727, 37.497834999991369 ], [ -78.920629794240668, 37.498789808004588 ], [ -78.893570033734434, 37.515002744999002 ], [ -78.892194098537843, 37.51984963773743 ], [ -78.898545116276239, 37.529765230274876 ], [ -78.896364475757466, 37.532918173552133 ], [ -78.881063839701653, 37.532287773113509 ], [ -78.861501530140245, 37.545584729056294 ], [ -78.841558715869212, 37.536543108798668 ], [ -78.826223877526004, 37.536798532896753 ], [ -78.82295565629714, 37.544505539291706 ], [ -78.825729693648654, 37.55238137532519 ] ] ] } },
{ "type": "Feature", "properties": { "County_Nam": null, "FIPS": 903 }, "geometry": { "type": "Polygon", "coordinates": [ [ [ -75.667163318614669, 37.467321965428788 ], [ -75.595079999463621, 37.45038858935002 ], [ -75.598217501363536, 37.433110393107505 ], [ -75.604891352596354, 37.420212491694024 ], [ -75.645422096538923, 37.372413097458335 ], [ -75.656824145419364, 37.35326171884342 ], [ -75.664345685028522, 37.330108739534616 ], [ -75.67614433026624, 37.311118304144806 ], [ -75.731368965176586, 37.263641587435721 ], [ -75.742504021782921, 37.211424552678025 ], [ -75.743173377010677, 37.193716518921889 ], [ -75.753405743118606, 37.170950094032598 ], [ -75.776074166572641, 37.142441044979428 ], [ -75.805632920342674, 37.124919430145155 ], [ -75.847468476146986, 37.084960270692299 ], [ -75.867114099089036, 37.073123342952321 ], [ -75.885933545652293, 37.066502867367966 ], [ -75.901681840536241, 37.050737116491348 ], [ -75.924900057669561, 37.039505801218219 ], [ -75.937088920542493, 36.997392708847464 ], [ -75.974702285270126, 37.006797984935062 ], [ -75.998136699277367, 37.008992166294057 ], [ -75.975441233918701, 37.086751170680628 ], [ -75.957831480240685, 37.083818903036196 ], [ -75.944887330981061, 37.086897478652965 ], [ -75.939758915553583, 37.094338718550375 ], [ -75.939942840756459, 37.099837361798762 ], [ -75.92236929919018, 37.111867879656309 ], [ -75.903992703182453, 37.113927277769953 ], [ -75.89426706068113, 37.11822417313536 ], [ -75.852177635020965, 37.15877511891378 ], [ -75.822876115010359, 37.17573267182712 ], [ -75.822810794826694, 37.182135245096006 ], [ -75.805541611277533, 37.202558109712172 ], [ -75.808296323627772, 37.213396321228672 ], [ -75.801641169903192, 37.231491869617827 ], [ -75.80977907487987, 37.237975891020618 ], [ -75.808580805711841, 37.242853832396818 ], [ -75.799261867027312, 37.243131313844465 ], [ -75.803043828562821, 37.24398677109739 ], [ -75.796359867455493, 37.257557230159755 ], [ -75.793445785025881, 37.276314249282144 ], [ -75.799102999828037, 37.29726018026296 ], [ -75.773690457440239, 37.300478256843761 ], [ -75.730806063049911, 37.336004136727006 ], [ -75.719775063195343, 37.357219870491669 ], [ -75.72265108660649, 37.361459432376222 ], [ -75.721787059517396, 37.368161878947348 ], [ -75.713842271852343, 37.374817202860378 ], [ -75.680481168233555, 37.423300316234176 ], [ -75.660206902703351, 37.44444198043697 ], [ -75.65767080068629, 37.460128499609205 ], [ -75.667902333220155, 37.463791898248019 ], [ -75.667163318614669, 37.467321965428788 ] ] ] } },
{ "type": "Feature", "properties": { "County_Nam": "Charles City", "FIPS": 36 }, "geometry": { "type": "Polygon", "coordinates": [ [ [ -77.177079288790182, 37.49084488044717 ], [ -77.170886015776475, 37.487306753464971 ], [ -77.169509490631256, 37.481005557887002 ], [ -77.157587247812629, 37.486306815028662 ], [ -77.159714112808558, 37.475126704294993 ], [ -77.141622073210797, 37.47648806001817 ], [ -77.141462837128373, 37.468533212159571 ], [ -77.126384353253059, 37.471606177875891 ], [ -77.123380298029574, 37.463745267174424 ], [ -77.118454877648901, 37.461585164586602 ], [ -77.11797343536891, 37.45457779046356 ], [ -77.100880540489541, 37.447452428679433 ], [ -77.09607304709067, 37.440343786080717 ], [ -77.070191711481868, 37.439943967453729 ], [ -77.059876895097915, 37.435212541553668 ], [ -77.059308885076149, 37.428895782945013 ], [ -77.047749338931027, 37.432262275119704 ], [ -77.03584243287581, 37.426772216846409 ], [ -77.026590532916003, 37.428965808217967 ], [ -77.021932688894438, 37.421128211422598 ], [ -77.024841222413329, 37.420127599490911 ], [ -77.02364181439863, 37.417928840510861 ], [ -77.016456760682331, 37.414043390561652 ], [ -77.011534748742463, 37.417660146300634 ], [ -77.005559156540471, 37.413875099628591 ], [ -76.998027772740627, 37.418204727298217 ], [ -76.988918297003195, 37.414800719526774 ], [ -76.982557360476846, 37.420704868474004 ], [ -76.970850021234327, 37.417701261507617 ], [ -76.972568636749443, 37.409171556509378 ], [ -76.967196640046666, 37.40600983000698 ], [ -76.953255496158292, 37.403501231016349 ], [ -76.941145348510858, 37.409977973105256 ], [ -76.936143757730619, 37.402313721400205 ], [ -76.945921933324428, 37.393122570629565 ], [ -76.943994939819675, 37.383299033060638 ], [ -76.932403293231602, 37.388982245352018 ], [ -76.929624054437099, 37.398659839897142 ], [ -76.915410907673589, 37.395364827649665 ], [ -76.909195591709192, 37.404169296471203 ], [ -76.904782005133171, 37.40494348699319 ], [ -76.906235453683792, 37.392210022760302 ], [ -76.918796650900475, 37.386371670126493 ], [ -76.897857871724753, 37.373551202876726 ], [ -76.90969488844155, 37.365452012567651 ], [ -76.915383856737861, 37.351649500873656 ], [ -76.907903908449811, 37.349201799775628 ], [ -76.900241202674806, 37.358693851460281 ], [ -76.884188179012341, 37.368785819562461 ], [ -76.877230541700911, 37.369385423534673 ], [ -76.873578791309569, 37.36376534139535 ], [ -76.880600693911717, 37.350425477889807 ], [ -76.87361663730529, 37.342688496710544 ], [ -76.876482575494833, 37.33423417874819 ], [ -76.87499767656621, 37.319172628830252 ], [ -76.879974452593032, 37.308920487234317 ], [ -76.871576799059753, 37.296519085547338 ], [ -76.880783484717938, 37.287617177379104 ], [ -76.882960140472733, 37.276176859004138 ], [ -76.873263928572754, 37.258264491409214 ], [ -76.886020052301191, 37.247054999980818 ], [ -76.883378932308943, 37.223239931926585 ], [ -76.925705074785611, 37.226261193166252 ], [ -76.969643889981569, 37.246231743829298 ], [ -76.9925261500224, 37.280655738601233 ], [ -76.990974238218087, 37.296366092099255 ], [ -77.008539555305234, 37.305422016506242 ], [ -77.017811106958902, 37.304371987430045 ], [ -77.069495571586472, 37.269902967309754 ], [ -77.081628610637878, 37.277461195559319 ], [ -77.086012529470437, 37.310135349846504 ], [ -77.08866487327488, 37.313031111858862 ], [ -77.125456437221501, 37.30300281968173 ], [ -77.177154071511055, 37.308396040516648 ], [ -77.222185273776859, 37.319441255937285 ], [ -77.249725648996417, 37.306299008386091 ], [ -77.267055669695779, 37.317548832225874 ], [ -77.271937992604421, 37.324653617285101 ], [ -77.268110130655344, 37.338249793736601 ], [ -77.247578743812468, 37.360994140628939 ], [ -77.244265341178661, 37.369210817233274 ], [ -77.245935846235412, 37.377718077386319 ], [ -77.250455908318102, 37.381108530600962 ], [ -77.248261438933838, 37.384487021314293 ], [ -77.254280656500683, 37.387488321977791 ], [ -77.248300518461448, 37.395032685083855 ], [ -77.233995144058625, 37.382015585286048 ], [ -77.224322245612541, 37.379879633947716 ], [ -77.214641177892418, 37.385376336945029 ], [ -77.217270548718261, 37.386800528403306 ], [ -77.21423323257406, 37.393882440117174 ], [ -77.225725581155928, 37.4050849306483 ], [ -77.222057838667467, 37.407364174937399 ], [ -77.177079288790182, 37.49084488044717 ] ] ] } },
{ "type": "Feature", "properties": { "County_Nam": "Amelia", "FIPS": 7 }, "geometry": { "type": "Polygon", "coordinates": [ [ [ -78.131946958553996, 37.454249712913885 ], [ -78.127375375942066, 37.452861655842334 ], [ -78.124034929610502, 37.445370120962487 ], [ -78.100958514367392, 37.448372893687242 ], [ -78.101861234683099, 37.442427085922418 ], [ -78.098654442742756, 37.440623590073791 ], [ -78.091951003254621, 37.456024685806028 ], [ -78.087893603168041, 37.457457653668229 ], [ -78.065917803399898, 37.452051867212496 ], [ -78.058788042781956, 37.456735274668119 ], [ -78.057788756803177, 37.463951546743672 ], [ -78.048321745132355, 37.47266850136365 ], [ -78.028717598542499, 37.471801211705973 ], [ -78.022936001244616, 37.474328187907659 ], [ -78.017380178510038, 37.471399958123392 ], [ -78.016275759023799, 37.482695931088024 ], [ -78.019109422729841, 37.484842347836945 ], [ -78.014692024848529, 37.487989562406412 ], [ -78.015529581351601, 37.491110609832099 ], [ -77.999728006411928, 37.498081984771062 ], [ -77.985659326114558, 37.486190962491854 ], [ -77.955763526760251, 37.483230879852755 ], [ -77.937007776588899, 37.475307716490242 ], [ -77.924948097406229, 37.48210162732321 ], [ -77.913583286457254, 37.474502701380906 ], [ -77.898902835437909, 37.475143403975615 ], [ -77.894085384220574, 37.469873100614954 ], [ -77.897739425068664, 37.457132238057788 ], [ -77.894618264587749, 37.449644161058231 ], [ -77.886224609783326, 37.449257137415422 ], [ -77.875362782627732, 37.457237694876092 ], [ -77.866463934379908, 37.456652072074199 ], [ -77.868508744813354, 37.44712743031355 ], [ -77.865067866200306, 37.437668368820177 ], [ -77.856097472171484, 37.432064548537177 ], [ -77.858724890664575, 37.424402483601121 ], [ -77.855061692063813, 37.418063996039017 ], [ -77.857081227046152, 37.415336651686793 ], [ -77.872298779325746, 37.418558487810841 ], [ -77.87547899592461, 37.416246400029543 ], [ -77.871628311829667, 37.399086314917518 ], [ -77.867282949643567, 37.393204047813107 ], [ -77.872968367018686, 37.392065719638644 ], [ -77.878261087322045, 37.383430539177063 ], [ -77.875596602407512, 37.363128293367467 ], [ -77.860846700294744, 37.362136858599946 ], [ -77.852296938186541, 37.356033510705828 ], [ -77.850796427153512, 37.345269936182696 ], [ -77.838316887872566, 37.338476256903981 ], [ -77.818423575001333, 37.338172765287744 ], [ -77.797139547566033, 37.333411253509773 ], [ -77.79874258345707, 37.32730426945426 ], [ -77.796192867291907, 37.324192654361518 ], [ -77.808965020638553, 37.315917240137161 ], [ -77.806759595089105, 37.304527629934086 ], [ -77.786142488773919, 37.297107817229936 ], [ -77.771346037408023, 37.286729793186041 ], [ -77.768082439429165, 37.275183873430471 ], [ -77.762785842485442, 37.270337954030573 ], [ -77.740513037705597, 37.268245032865117 ], [ -77.735491628244461, 37.284275372805951 ], [ -77.719084055399236, 37.28366698416788 ], [ -77.715649318359041, 37.287339200336518 ], [ -77.716076070585871, 37.296856704787182 ], [ -77.706986762245961, 37.299984811829169 ], [ -77.692549915863836, 37.28150977382829 ], [ -77.685469052664274, 37.283795213863876 ], [ -77.681489429728487, 37.292338265159344 ], [ -77.667194805676957, 37.292397928732534 ], [ -77.661997762349884, 37.277154908692509 ], [ -77.650654449358655, 37.265248577594342 ], [ -77.648882400757387, 37.255573810004151 ], [ -77.655906444238894, 37.253742431862754 ], [ -77.656318129105827, 37.246589220571877 ], [ -77.66149197337522, 37.245943506160337 ], [ -77.661363045158041, 37.240649781762528 ], [ -77.673088791327743, 37.241761978406068 ], [ -77.678277111385228, 37.235104423310631 ], [ -77.686853075985624, 37.235274961124773 ], [ -77.688709184911545, 37.228140620686979 ], [ -77.680637236127353, 37.22868422815209 ], [ -77.686863024069581, 37.222615595915691 ], [ -77.70048769189988, 37.222972312933081 ], [ -77.714874922423434, 37.214570937966776 ], [ -77.717713541764951, 37.216073805290357 ], [ -77.728863832885395, 37.202552113183266 ], [ -77.747708961169451, 37.192698984367524 ], [ -77.757211524487161, 37.192176142298827 ], [ -77.781072013617077, 37.196916764810332 ], [ -77.793945607929558, 37.195457882313271 ], [ -78.231194980816227, 37.296445107334669 ], [ -78.23341420904687, 37.369961743267538 ], [ -78.240599715814341, 37.37682660609638 ], [ -78.220489678418915, 37.387956627179165 ], [ -78.216635183527714, 37.398479651696171 ], [ -78.205176132702604, 37.409033451762632 ], [ -78.20164063512685, 37.426196890957073 ], [ -78.188090850935581, 37.425678182826879 ], [ -78.184907140122604, 37.44419673523776 ], [ -78.170598967496076, 37.442302199922096 ], [ -78.157929902981593, 37.45324903326371 ], [ -78.150092216109215, 37.451935660292826 ], [ -78.139934523463921, 37.459094603369117 ], [ -78.131946958553996, 37.454249712913885 ] ] ] } },
{ "type": "Feature", "properties": { "County_Nam": "James City", "FIPS": 95 }, "geometry": { "type": "Polygon", "coordinates": [ [ [ -76.741036531444038, 37.465200022208485 ], [ -76.728054398405718, 37.444629435488196 ], [ -76.675249675262464, 37.398551238663835 ], [ -76.658691203289948, 37.380163761521352 ], [ -76.673548237982018, 37.367640755904631 ], [ -76.680215818085969, 37.366665299637774 ], [ -76.683418472954628, 37.369974862096733 ], [ -76.689128389424127, 37.369503720677621 ], [ -76.690591039733107, 37.365805571992055 ], [ -76.693299936008614, 37.368058390865421 ], [ -76.694474008670952, 37.365220549129006 ], [ -76.697992791589286, 37.365936229549604 ], [ -76.698054176947338, 37.368220122394327 ], [ -76.700129574070644, 37.365346761745336 ], [ -76.709626107883352, 37.365110858120097 ], [ -76.72692539536358, 37.371202587638514 ], [ -76.74164218060497, 37.370473244916404 ], [ -76.755506567672995, 37.354313315637327 ], [ -76.754662532147506, 37.339918728006694 ], [ -76.734717938523275, 37.331402564916104 ], [ -76.735840991474674, 37.322900422014818 ], [ -76.727412492652661, 37.304100908532767 ], [ -76.730576827732008, 37.309645055435517 ], [ -76.739625394421637, 37.304559846824084 ], [ -76.73913105857288, 37.300673503539976 ], [ -76.732887199726406, 37.297655555969797 ], [ -76.731445156409052, 37.289028682868704 ], [ -76.734357865826496, 37.286536781631703 ], [ -76.724748496227377, 37.283337793981353 ], [ -76.725121483883328, 37.280022332742206 ], [ -76.737457054309459, 37.27939587014842 ], [ -76.740229997513552, 37.263194821477619 ], [ -76.729311277298947, 37.250975319573683 ], [ -76.676916564603204, 37.248030981710677 ], [ -76.6634892321443, 37.251068440223825 ], [ -76.676056441258126, 37.260902585082881 ], [ -76.680913884705561, 37.260734612226969 ], [ -76.680172928070903, 37.265844269747674 ], [ -76.669216712179519, 37.266109580618654 ], [ -76.665202415955477, 37.26327964231934 ], [ -76.658872462809924, 37.245443633933228 ], [ -76.651077042344184, 37.239175720018402 ], [ -76.632803932480542, 37.236434335207662 ], [ -76.627388625421631, 37.23193915029735 ], [ -76.622832519025096, 37.235304981399025 ], [ -76.601084394675269, 37.238253009674523 ], [ -76.595370424566596, 37.230603497868252 ], [ -76.590495393371214, 37.20605834197449 ], [ -76.583416034475462, 37.19314921894275 ], [ -76.578312751283391, 37.1905651230947 ], [ -76.581901583466134, 37.181954633846324 ], [ -76.591357271342062, 37.181668074973885 ], [ -76.599703903481782, 37.177287921704931 ], [ -76.605855042029447, 37.168455079631116 ], [ -76.641562545080376, 37.153900731470515 ], [ -76.643790069980142, 37.190141525963142 ], [ -76.659187565745015, 37.202390002501438 ], [ -76.673763863680634, 37.208899854367125 ], [ -76.691207196699722, 37.209713487544143 ], [ -76.705373918802351, 37.205528885052452 ], [ -76.715736881795863, 37.196735672526096 ], [ -76.727300054924058, 37.175950070775173 ], [ -76.743975841441284, 37.171233086967497 ], [ -76.760798037661218, 37.177162828845397 ], [ -76.79949698664727, 37.215754386277432 ], [ -76.81062597603372, 37.222986698298058 ], [ -76.883378932308943, 37.223239931926585 ], [ -76.886020052301191, 37.247054999980818 ], [ -76.873263928572754, 37.258264491409214 ], [ -76.882960140472733, 37.276176859004138 ], [ -76.880783484717938, 37.287617177379104 ], [ -76.871576799059753, 37.296519085547338 ], [ -76.879974452593032, 37.308920487234317 ], [ -76.87499767656621, 37.319172628830252 ], [ -76.876482575494833, 37.33423417874819 ], [ -76.87361663730529, 37.342688496710544 ], [ -76.880600693911717, 37.350425477889807 ], [ -76.873578791309569, 37.36376534139535 ], [ -76.877230541700911, 37.369385423534673 ], [ -76.884188179012341, 37.368785819562461 ], [ -76.900241202674806, 37.358693851460281 ], [ -76.908206534911514, 37.349045954932286 ], [ -76.915913705691977, 37.352895930871185 ], [ -76.90969488844155, 37.365452012567651 ], [ -76.897857871724753, 37.373551202876726 ], [ -76.904226197866478, 37.37778614517353 ], [ -76.900196251204122, 37.385491450139526 ], [ -76.8981969126595, 37.382517853058779 ], [ -76.892013868243168, 37.383466407436146 ], [ -76.892609790861528, 37.388650406744347 ], [ -76.896883345467913, 37.392378484358296 ], [ -76.900094319753421, 37.391294970733718 ], [ -76.901159371386115, 37.395768387009625 ], [ -76.893916784876183, 37.400285063265379 ], [ -76.894418717794892, 37.413230401861519 ], [ -76.890432277198286, 37.41975627197553 ], [ -76.895243153051638, 37.427876170823723 ], [ -76.892832952849858, 37.432463903641469 ], [ -76.885658895566181, 37.432438906960563 ], [ -76.88186562299498, 37.437650075338681 ], [ -76.867326642231532, 37.440803070811924 ], [ -76.857262768440918, 37.447903655975203 ], [ -76.82389075382892, 37.450809633195263 ], [ -76.808053223699758, 37.445422387619629 ], [ -76.792293262546252, 37.435376741498501 ], [ -76.787197323644875, 37.438286172498849 ], [ -76.77689583958832, 37.433910374384851 ], [ -76.770693920506631, 37.439129468984831 ], [ -76.770586269633583, 37.435028028666373 ], [ -76.768159529397551, 37.439216989819023 ], [ -76.764389998007971, 37.436977336071692 ], [ -76.764126434770276, 37.442943206900658 ], [ -76.759496107881958, 37.444159119704857 ], [ -76.762519639201869, 37.444616518508674 ], [ -76.761408172140548, 37.446672226883756 ], [ -76.758153321775993, 37.445632413945901 ], [ -76.765946922384458, 37.451649357881273 ], [ -76.763667060575855, 37.454243028948547 ], [ -76.760497451672393, 37.452424664658238 ], [ -76.760634526485589, 37.458704498616576 ], [ -76.756488324458402, 37.456314750770431 ], [ -76.756431450966176, 37.461869694911485 ], [ -76.741036531444038, 37.465200022208485 ] ], [ [ -76.741663670526322, 37.275897966405587 ], [ -76.741186285040442, 37.273465615295699 ], [ -76.738723991456084, 37.275602833681575 ], [ -76.741518072349052, 37.276058645991547 ], [ -76.741663670526322, 37.275897966405587 ] ] ] } },
{ "type": "Feature", "properties": { "County_Nam": "Giles", "FIPS": 71 }, "geometry": { "type": "Polygon", "coordinates": [ [ [ -80.496936907077739, 37.445400037806863 ], [ -80.494843212957448, 37.434998754452891 ], [ -80.475602420308277, 37.422806378780251 ], [ -80.472802075475855, 37.423654491458976 ], [ -80.435704987636527, 37.339858858570238 ], [ -80.44645916957549, 37.332385074691437 ], [ -80.443433411691686, 37.329182342566284 ], [ -80.446305532373174, 37.32800984706931 ], [ -80.445510385127534, 37.324060386800731 ], [ -80.441815086428065, 37.320235781271506 ], [ -80.436418852947938, 37.322604942313134 ], [ -80.430840488723248, 37.316377356909477 ], [ -80.478634563192998, 37.285230647624338 ], [ -80.499470813874709, 37.276099779966763 ], [ -80.600556664661809, 37.248371904492714 ], [ -80.672553701137673, 37.223937575939971 ], [ -80.710153773242439, 37.206081820842194 ], [ -80.800537897189258, 37.180011004353759 ], [ -80.815832378681193, 37.167657364421764 ], [ -80.854774924647003, 37.147612251477348 ], [ -80.881174569266534, 37.171160499814633 ], [ -80.861463337565922, 37.178543245317243 ], [ -80.871234284111736, 37.193718264545467 ], [ -80.893964290136864, 37.179427413257457 ], [ -80.977580478834042, 37.248825083945619 ], [ -81.014502001301693, 37.275359741739848 ], [ -80.998153052140651, 37.28009444322884 ], [ -80.981652391834956, 37.292361833831912 ], [ -80.951737582061924, 37.294755605430169 ], [ -80.918946226803953, 37.306150339883494 ], [ -80.896431694714394, 37.31764149321355 ], [ -80.866553375800734, 37.339892132291389 ], [ -80.849421177803521, 37.346767994991602 ], [ -80.883251939065119, 37.384029262303414 ], [ -80.863056810274827, 37.411388287334496 ], [ -80.865297932185328, 37.4203188400516 ], [ -80.859503867432394, 37.429440111370418 ], [ -80.846157890876768, 37.423343103781789 ], [ -80.837440615455819, 37.425512825965654 ], [ -80.808628084825173, 37.406505404852432 ], [ -80.805863907380555, 37.398033635532641 ], [ -80.78481306539669, 37.394932781228015 ], [ -80.770127494509154, 37.372308458710251 ], [ -80.716262307590753, 37.388531648569177 ], [ -80.645996921786121, 37.422186047328019 ], [ -80.634109612522835, 37.43145165989587 ], [ -80.622860317155499, 37.433353097805927 ], [ -80.617630231863629, 37.439222522607643 ], [ -80.551663323500151, 37.473666650439881 ], [ -80.536176685257189, 37.474134673018604 ], [ -80.51134648540021, 37.481608238293759 ], [ -80.492845301745731, 37.457712088507478 ], [ -80.496936907077739, 37.445400037806863 ] ] ] } },
{ "type": "Feature", "properties": { "County_Nam": "Lynchburg", "FIPS": 680 }, "geometry": { "type": "Polygon", "coordinates": [ [ [ -79.185424307741556, 37.466125939838854 ], [ -79.185451318671014, 37.459418904771383 ], [ -79.176233085955587, 37.449504169652016 ], [ -79.146507598723645, 37.428470801575536 ], [ -79.147297746973706, 37.435309100030061 ], [ -79.143504221509517, 37.432656801329166 ], [ -79.139435569479573, 37.416773277509542 ], [ -79.123219766993927, 37.399786740195282 ], [ -79.113769688253015, 37.397819579828486 ], [ -79.111705976014676, 37.40559090827508 ], [ -79.107566136455219, 37.406825035861154 ], [ -79.084637652199461, 37.394347870279169 ], [ -79.101401009379458, 37.378185170936483 ], [ -79.107601962799478, 37.377386278997463 ], [ -79.117495824120809, 37.36941420683192 ], [ -79.13410283987055, 37.375816997638545 ], [ -79.160275155770449, 37.358244511317523 ], [ -79.176706368294575, 37.342193754300474 ], [ -79.188135582399056, 37.341286723351217 ], [ -79.196840941027176, 37.344947682630632 ], [ -79.206547067530053, 37.341800927276928 ], [ -79.21480599469173, 37.333021341868516 ], [ -79.229791780846867, 37.340461551183424 ], [ -79.234666495626996, 37.347564797722768 ], [ -79.255105826190714, 37.351209692529807 ], [ -79.251602252216074, 37.355481556417594 ], [ -79.253386192884335, 37.357464207154557 ], [ -79.25818206759179, 37.354924627573546 ], [ -79.232687840356576, 37.394661106155674 ], [ -79.254508000118335, 37.404617592256074 ], [ -79.241201722928267, 37.419539922382967 ], [ -79.249498625953905, 37.423911622866832 ], [ -79.250392621121449, 37.430053913792101 ], [ -79.26787991859706, 37.431669789356654 ], [ -79.270590571964163, 37.436699040073172 ], [ -79.265733459240209, 37.439324773400521 ], [ -79.265718123345351, 37.448411372867469 ], [ -79.247053050917685, 37.447085404679157 ], [ -79.232494715116744, 37.45586401133081 ], [ -79.233012241637581, 37.45921417710332 ], [ -79.227656547120333, 37.460872258008628 ], [ -79.225966318463776, 37.456654351679695 ], [ -79.223402878749667, 37.457601888747163 ], [ -79.209313645104729, 37.466063701952265 ], [ -79.209878890815844, 37.46900695782314 ], [ -79.185424307741556, 37.466125939838854 ] ] ] } },
{ "type": "Feature", "properties": { "County_Nam": "Campbell", "FIPS": 31 }, "geometry": { "type": "Polygon", "coordinates": [ [ [ -79.084637652199461, 37.394347870279169 ], [ -79.068612490539294, 37.385841707305808 ], [ -79.061113624211089, 37.390581435963732 ], [ -79.064643036255688, 37.409437419850271 ], [ -79.071580195588965, 37.41736842287105 ], [ -79.06947347364347, 37.422156747721282 ], [ -79.046583843195364, 37.415967373099683 ], [ -79.040677568320689, 37.421103925627612 ], [ -79.043185536769158, 37.433365713570865 ], [ -79.02207006871356, 37.429139851827209 ], [ -78.938158980185491, 37.283690607203134 ], [ -78.922210011456372, 37.27723283361437 ], [ -78.922461569927819, 37.270900544867736 ], [ -78.918125535280353, 37.269181899283019 ], [ -78.922105660135514, 37.26453661785056 ], [ -78.921670025528968, 37.245862861243914 ], [ -78.914922761494296, 37.24230737720174 ], [ -78.89165979942031, 37.248701670437065 ], [ -78.863200716501069, 37.240441761799062 ], [ -78.854887605704789, 37.226303373208097 ], [ -78.857022181151194, 37.212598696198761 ], [ -78.824480483491186, 37.20557474871859 ], [ -78.904279710629424, 37.02258329882897 ], [ -78.923127697680911, 37.0269423450329 ], [ -78.936959799459231, 37.035676859693623 ], [ -78.967291957350426, 37.045531310356886 ], [ -78.972295224815866, 37.050140455317013 ], [ -78.985524116570119, 37.040783941611323 ], [ -78.994902278649604, 37.038285515587802 ], [ -79.00188665183498, 37.030777403873813 ], [ -79.007077060088577, 37.030142507410304 ], [ -79.017349184429605, 37.039875296284634 ], [ -79.037976032326938, 37.04524796817681 ], [ -79.057193174015794, 37.04541553398105 ], [ -79.109840041609587, 37.06760764136245 ], [ -79.117325969078792, 37.086746964303558 ], [ -79.125652434493958, 37.089857706317567 ], [ -79.134806242298012, 37.086671461591251 ], [ -79.139459798172823, 37.077363227786329 ], [ -79.166986068806096, 37.0673196500355 ], [ -79.181147745705275, 37.070714162542629 ], [ -79.187852397999222, 37.056811936452732 ], [ -79.192906178324975, 37.054577003153987 ], [ -79.205817257443769, 37.075123605716016 ], [ -79.200735517047022, 37.09676114546393 ], [ -79.204302984990576, 37.109876247306659 ], [ -79.21332097547257, 37.118189676168427 ], [ -79.218872504440014, 37.118304913817276 ], [ -79.222499367585314, 37.113700864455254 ], [ -79.221490939833743, 37.102443133148995 ], [ -79.227106245299723, 37.098567478904428 ], [ -79.232693313933282, 37.09924382976336 ], [ -79.244505005870707, 37.125130552003363 ], [ -79.252930174912137, 37.132869785223022 ], [ -79.264748831983113, 37.12643400481204 ], [ -79.272110294925852, 37.111542158940814 ], [ -79.283081183817487, 37.105608194021421 ], [ -79.295388338686678, 37.104871751377289 ], [ -79.332272331306427, 37.125573476665309 ], [ -79.337252494851754, 37.13647475406453 ], [ -79.34232134323176, 37.136827037556621 ], [ -79.345098081931184, 37.133331547828305 ], [ -79.34075659245984, 37.129383489310953 ], [ -79.344878154445183, 37.12553467164642 ], [ -79.363414302391178, 37.119583338318726 ], [ -79.382341155095915, 37.119543772727397 ], [ -79.382708268030314, 37.116303313503728 ], [ -79.370740190673715, 37.112690352552121 ], [ -79.371378340943167, 37.105319038740298 ], [ -79.387736402378508, 37.092806149744852 ], [ -79.404623594214272, 37.092129495731001 ], [ -79.402906260102242, 37.069799136823079 ], [ -79.405016716890387, 37.063458364984236 ], [ -79.432826716004413, 37.060443580503659 ], [ -79.443055155886583, 37.055757139369938 ], [ -79.25818206759179, 37.354924627573546 ], [ -79.253386192884335, 37.357464207154557 ], [ -79.251602252216074, 37.355481556417594 ], [ -79.255105826190714, 37.351209692529807 ], [ -79.234666495626996, 37.347564797722768 ], [ -79.229791780846867, 37.340461551183424 ], [ -79.21480599469173, 37.333021341868516 ], [ -79.206547067530053, 37.341800927276928 ], [ -79.196840941027176, 37.344947682630632 ], [ -79.188135582399056, 37.341286723351217 ], [ -79.176706368294575, 37.342193754300474 ], [ -79.160275155770449, 37.358244511317523 ], [ -79.13410283987055, 37.375816997638545 ], [ -79.117495824120809, 37.36941420683192 ], [ -79.107601962799478, 37.377386278997463 ], [ -79.101401009379458, 37.378185170936483 ], [ -79.084637652199461, 37.394347870279169 ] ] ] } },
{ "type": "Feature", "properties": { "County_Nam": "Roanoke", "FIPS": 161 }, "geometry": { "type": "Polygon", "coordinates": [ [ [ -80.261858888316837, 37.341568185660051 ], [ -80.242476578863474, 37.356112935575041 ], [ -80.206710486545319, 37.371262330821132 ], [ -80.200198852565691, 37.378534638748555 ], [ -80.14773896609303, 37.382225801631634 ], [ -80.074017038728812, 37.422461623496254 ], [ -80.06281659862583, 37.408596792252865 ], [ -79.864776468432567, 37.328319611241056 ], [ -79.83972011260731, 37.301158714076422 ], [ -79.850316124830755, 37.295081892642465 ], [ -79.850625776436075, 37.282355876165539 ], [ -79.846545100968186, 37.279027153799248 ], [ -79.857983386925881, 37.267142753646802 ], [ -79.846375506892286, 37.247400459004567 ], [ -79.842015599581316, 37.230054513134391 ], [ -79.851665464674028, 37.223769104354957 ], [ -79.852865025153704, 37.218181283105551 ], [ -79.85023451644166, 37.216283795548421 ], [ -79.852377054262305, 37.214731608705065 ], [ -79.858391286871694, 37.213122555091729 ], [ -79.861195027020443, 37.217325548618852 ], [ -79.871066620148468, 37.216371596670193 ], [ -79.883474421137649, 37.209240653439082 ], [ -79.886549048517324, 37.200731342672483 ], [ -79.89383213538251, 37.199157844906843 ], [ -79.891871484028357, 37.187394708147515 ], [ -79.89503292349977, 37.182492447475099 ], [ -79.911045809061761, 37.177992401082868 ], [ -79.913751297378681, 37.165303986875259 ], [ -79.938716477280792, 37.150994029878461 ], [ -79.945070434450713, 37.15093095545808 ], [ -79.953562472991649, 37.139415645159644 ], [ -79.965283370980586, 37.137334434505888 ], [ -79.97364561906906, 37.139477269660219 ], [ -79.975284797032614, 37.143156657546683 ], [ -79.989748357819735, 37.143686053133102 ], [ -79.991383974327377, 37.15274810503491 ], [ -80.000708574981545, 37.151637681014513 ], [ -80.005980440726262, 37.156976840658189 ], [ -80.001282873457285, 37.165854655126367 ], [ -80.008178482853069, 37.172474296903395 ], [ -80.022955939550172, 37.170316034393899 ], [ -80.031452316335816, 37.174877619724377 ], [ -80.044371752750919, 37.166276546675377 ], [ -80.072049045613525, 37.161766448438634 ], [ -80.075023541073165, 37.157190887206596 ], [ -80.079428229156889, 37.161456634462233 ], [ -80.08607713878888, 37.162059291785269 ], [ -80.090036770095352, 37.15246985163737 ], [ -80.104820845215599, 37.149873465752187 ], [ -80.108060496200665, 37.143508999638641 ], [ -80.106885800285497, 37.138310084155194 ], [ -80.117953285962486, 37.130199829990907 ], [ -80.12246212967186, 37.131652293313067 ], [ -80.124194431541753, 37.125215711459084 ], [ -80.139992977759533, 37.121415903754027 ], [ -80.144644096268479, 37.124573557329882 ], [ -80.144937314316294, 37.1198996422061 ], [ -80.151567737020898, 37.112552707618704 ], [ -80.17225794776553, 37.108316596448176 ], [ -80.178310025478694, 37.113184447205803 ], [ -80.177551735480904, 37.133127613550968 ], [ -80.191242178039076, 37.232539855078237 ], [ -80.258544224158172, 37.308523153760923 ], [ -80.261858888316837, 37.341568185660051 ] ], [ [ -80.023125270477564, 37.308739994840494 ], [ -80.028037498925784, 37.310935007233986 ], [ -80.033490487001401, 37.323887567286675 ], [ -80.083191745497913, 37.297849450132894 ], [ -80.099072948889471, 37.292508880525169 ], [ -80.103079659946047, 37.296716320458394 ], [ -80.10833570862826, 37.29482080417911 ], [ -80.105754162484445, 37.291474842820598 ], [ -80.120455629765502, 37.286871332655437 ], [ -80.110483838374464, 37.278938535585503 ], [ -80.088352915004108, 37.282443161434976 ], [ -80.087796516154071, 37.278286815304966 ], [ -80.08417605477689, 37.278368565278136 ], [ -80.083014706110006, 37.271980367439561 ], [ -80.078868793200073, 37.26985820613443 ], [ -80.081646186198896, 37.265018028658233 ], [ -80.076956767591838, 37.26368907527322 ], [ -80.075167872826071, 37.256873034720847 ], [ -80.065423597289552, 37.26011455672446 ], [ -80.051152372227747, 37.251849857328786 ], [ -80.04093446857685, 37.261932902987361 ], [ -80.03335643045628, 37.263059977473958 ], [ -80.037341838903473, 37.251992048967068 ], [ -80.028641229172152, 37.243684618909008 ], [ -80.019179261001256, 37.247972920054252 ], [ -80.007140777505555, 37.249004210056611 ], [ -80.004585900813723, 37.246343528185932 ], [ -79.998242314345859, 37.2523078884564 ], [ -79.993453627709442, 37.245795086466138 ], [ -79.997950708111176, 37.244846139353136 ], [ -79.997039822459413, 37.24242858279306 ], [ -79.990807656075162, 37.241447228270083 ], [ -79.988348831074731, 37.237359293775953 ], [ -79.982672182461371, 37.24043105493736 ], [ -79.985069089123655, 37.236342905938493 ], [ -79.98127455060343, 37.229663702382531 ], [ -79.976327111373408, 37.236565309007503 ], [ -79.966921496966151, 37.21982684683168 ], [ -79.949996105737554, 37.210829867734098 ], [ -79.93758957983097, 37.225719224614096 ], [ -79.926232151072057, 37.222575655759826 ], [ -79.921202662598546, 37.229528030532201 ], [ -79.919524158029716, 37.240919844998416 ], [ -79.905018316914237, 37.244519803090803 ], [ -79.907418937723079, 37.247556159388715 ], [ -79.900006256759241, 37.257373508420585 ], [ -79.908947374420976, 37.260921590095485 ], [ -79.904466001774111, 37.271364701559925 ], [ -79.909392562113709, 37.277880004075747 ], [ -79.917726188053763, 37.280932543267589 ], [ -79.905892071691099, 37.284637559145196 ], [ -79.903416888412778, 37.281899283190249 ], [ -79.901305652750338, 37.284656994114428 ], [ -79.88398331390168, 37.283576207993455 ], [ -79.879295893221467, 37.291044038533315 ], [ -79.881413128782498, 37.302309832647275 ], [ -79.893224027842649, 37.303590243979087 ], [ -79.91038699563164, 37.319919548318758 ], [ -79.919321487245909, 37.320733817855363 ], [ -79.918111950389175, 37.328314734087179 ], [ -79.92966721538528, 37.321875664040917 ], [ -79.929226886532561, 37.319645052325519 ], [ -79.946297786540939, 37.32077669049508 ], [ -79.949894445171282, 37.326260711904652 ], [ -79.95887801232503, 37.320262147593034 ], [ -79.967816379406131, 37.337423166852275 ], [ -79.992842929778007, 37.325295210722913 ], [ -80.005057556611902, 37.31589445431888 ], [ -80.016534589928312, 37.314977027095836 ], [ -80.023125270477564, 37.308739994840494 ] ] ] } },
{ "type": "Feature", "properties": { "County_Nam": null, "FIPS": 901 }, "geometry": { "type": "Polygon", "coordinates": [ [ [ -76.402546416976179, 37.372483890980099 ], [ -76.395985137755005, 37.377299759750713 ], [ -76.385948745411355, 37.370880060062156 ], [ -76.3697401815311, 37.342338731346594 ], [ -76.329266734455302, 37.307988527159551 ], [ -76.304590058458231, 37.278387931236772 ], [ -76.184756163320557, 37.280510387281524 ], [ -76.203521307390204, 37.261983367839868 ], [ -76.207738985417961, 37.249086941287111 ], [ -76.388407677382816, 37.245926325007545 ], [ -76.390297868198971, 37.264879453414558 ], [ -76.36702230366302, 37.270172800950412 ], [ -76.363582523068416, 37.267404767463731 ], [ -76.361368288884975, 37.266765482310454 ], [ -76.364122598273326, 37.26831115293178 ], [ -76.362556476258789, 37.270312093737893 ], [ -76.349610597944519, 37.274788831450529 ], [ -76.364641571563553, 37.27314307720016 ], [ -76.364129885705722, 37.278088259634778 ], [ -76.366776487976807, 37.279596794811773 ], [ -76.368387334914672, 37.274922839632978 ], [ -76.375168360660595, 37.27425625130509 ], [ -76.377801386802261, 37.287252132085236 ], [ -76.380641034785299, 37.284476799290765 ], [ -76.383682649599095, 37.290218839540621 ], [ -76.381498818801134, 37.292887455211023 ], [ -76.385643769435575, 37.294231617575093 ], [ -76.387739308352991, 37.30823171480742 ], [ -76.399226472388492, 37.313542877373123 ], [ -76.416723888984137, 37.329060737142598 ], [ -76.412557167662257, 37.33572616218413 ], [ -76.404945910447196, 37.330257785647298 ], [ -76.406538150673128, 37.333323656686481 ], [ -76.402771874524689, 37.338278161151052 ], [ -76.411100780581236, 37.340407834953055 ], [ -76.409815245857828, 37.343972075409773 ], [ -76.412652486190225, 37.344805792418477 ], [ -76.41184659880858, 37.34139039731172 ], [ -76.415167459256381, 37.339838814769053 ], [ -76.42610269989477, 37.348569858400914 ], [ -76.414949400272292, 37.368588847093861 ], [ -76.402546416976179, 37.372483890980099 ] ] ] } },
{ "type": "Feature", "properties": { "County_Nam": "York", "FIPS": 199 }, "geometry": { "type": "Polygon", "coordinates": [ [ [ -76.658691203289948, 37.380163761521352 ], [ -76.64864182400072, 37.373174910506989 ], [ -76.63724006067703, 37.35555733258132 ], [ -76.600484776950239, 37.313718935470675 ], [ -76.566031994366242, 37.28574094255481 ], [ -76.537775235126404, 37.272093453617963 ], [ -76.510722447146932, 37.244536646904166 ], [ -76.459035265310959, 37.233300036079804 ], [ -76.388407677382816, 37.245926325007545 ], [ -76.384385684776788, 37.2264323595126 ], [ -76.394051895849472, 37.223464124762259 ], [ -76.391536956969304, 37.220032524484687 ], [ -76.397510613513745, 37.219351616089924 ], [ -76.395085401271018, 37.218688395833475 ], [ -76.39899888242941, 37.21724521432531 ], [ -76.394294379111727, 37.214596606094638 ], [ -76.395892580398879, 37.212301921166635 ], [ -76.395826910986642, 37.215446115802365 ], [ -76.400710635643009, 37.216048759618488 ], [ -76.406608121745919, 37.209315799906321 ], [ -76.390734462674416, 37.195221269979434 ], [ -76.393335919410433, 37.184503057900457 ], [ -76.390613532671694, 37.181950405692206 ], [ -76.396444472682816, 37.168415596545856 ], [ -76.403511650414359, 37.168472826072573 ], [ -76.414002659307656, 37.153614970759953 ], [ -76.410397749198466, 37.126637685611811 ], [ -76.407870742381718, 37.129153179943529 ], [ -76.39468877044547, 37.106132840531622 ], [ -76.397590052504441, 37.107637761764209 ], [ -76.402029467575019, 37.104128684626659 ], [ -76.397862923345727, 37.103866882491609 ], [ -76.396692758326424, 37.099838083599735 ], [ -76.399780409397152, 37.0978570187198 ], [ -76.397436917629349, 37.096070665042149 ], [ -76.407821355889254, 37.092015730329166 ], [ -76.424615699362562, 37.092069893978554 ], [ -76.430415070764198, 37.095909743899156 ], [ -76.444678565963258, 37.094932455853133 ], [ -76.46355801476119, 37.103212079833114 ], [ -76.565246522307447, 37.22068057095079 ], [ -76.575207599452753, 37.212977426793714 ], [ -76.58250995539052, 37.212731416315087 ], [ -76.58163212955192, 37.217560727789532 ], [ -76.586152385451655, 37.21923761463043 ], [ -76.592557597318645, 37.214622542766357 ], [ -76.595852362507571, 37.232009832031032 ], [ -76.601084394675269, 37.238253009674523 ], [ -76.622832519025096, 37.235304981399025 ], [ -76.627388625421631, 37.23193915029735 ], [ -76.632803932480542, 37.236434335207662 ], [ -76.652799834483162, 37.240212998751325 ], [ -76.662171295039855, 37.251316773821209 ], [ -76.665905359288786, 37.264186839511744 ], [ -76.679834498153085, 37.265601210321172 ], [ -76.684675816424431, 37.269518480651854 ], [ -76.677954184533377, 37.277272737281443 ], [ -76.6815005741649, 37.281701928752682 ], [ -76.682029915336969, 37.292602440413418 ], [ -76.689731028645355, 37.293137247675133 ], [ -76.692314014824646, 37.286874619632421 ], [ -76.709873129206457, 37.282764845499486 ], [ -76.710228578816526, 37.277665100447919 ], [ -76.716873543972895, 37.281865921762041 ], [ -76.727499235448519, 37.299372384420622 ], [ -76.729527197313303, 37.312848727652224 ], [ -76.735840991474674, 37.322900422014818 ], [ -76.734717938523275, 37.331402564916104 ], [ -76.754662532147506, 37.339918728006694 ], [ -76.755506567672995, 37.354313315637327 ], [ -76.74164218060497, 37.370473244916404 ], [ -76.72692539536358, 37.371202587638514 ], [ -76.709626107883352, 37.365110858120097 ], [ -76.700129574070644, 37.365346761745336 ], [ -76.698054176947338, 37.368220122394327 ], [ -76.697992791589286, 37.365936229549604 ], [ -76.694474008670952, 37.365220549129006 ], [ -76.693299936008614, 37.368058390865421 ], [ -76.690591039733107, 37.365805571992055 ], [ -76.689128389424127, 37.369503720677621 ], [ -76.683418472954628, 37.369974862096733 ], [ -76.680215818085969, 37.366665299637774 ], [ -76.673548237982018, 37.367640755904631 ], [ -76.658691203289948, 37.380163761521352 ] ] ] } },
{ "type": "Feature", "properties": { "County_Nam": "Prince Edward", "FIPS": 147 }, "geometry": { "type": "Polygon", "coordinates": [ [ [ -78.594440593269965, 37.398018124926807 ], [ -78.580822343041802, 37.391596392028525 ], [ -78.591632978390479, 37.38048837164358 ], [ -78.577793770261678, 37.375906308865147 ], [ -78.575163799564919, 37.369289867652597 ], [ -78.578979867054315, 37.36765391566 ], [ -78.57895881508469, 37.364046347622363 ], [ -78.573212286012435, 37.366074089299296 ], [ -78.567028555208992, 37.363553818414381 ], [ -78.566185095996005, 37.365836128683185 ], [ -78.572159045540744, 37.370052026229914 ], [ -78.570389470010809, 37.372360134238129 ], [ -78.565085852215972, 37.370455059362335 ], [ -78.562150140183064, 37.364061499650205 ], [ -78.557493223616277, 37.366751567305656 ], [ -78.561588495017901, 37.361463496498814 ], [ -78.554307962238056, 37.358153523715636 ], [ -78.556164922640122, 37.353149230738516 ], [ -78.548600618842997, 37.352653838120538 ], [ -78.548502102641322, 37.346525938278312 ], [ -78.536454644058097, 37.350468635627728 ], [ -78.518801636642507, 37.344184962846604 ], [ -78.519961050877498, 37.341193059845509 ], [ -78.523849971163003, 37.342980301803991 ], [ -78.525492643058882, 37.340775763228919 ], [ -78.511212319931047, 37.329615121099529 ], [ -78.49827449460868, 37.333634418432105 ], [ -78.48964019197922, 37.329574256442157 ], [ -78.485810259104184, 37.340778058593997 ], [ -78.479343888842919, 37.334234088514059 ], [ -78.4739410946014, 37.33410254821338 ], [ -78.4718809517599, 37.340240065974847 ], [ -78.468321063185186, 37.341349217953649 ], [ -78.458225502189791, 37.334225830310103 ], [ -78.445677679307735, 37.334657836639913 ], [ -78.439089777166657, 37.323193577559792 ], [ -78.432723133769898, 37.327063701521034 ], [ -78.412941499431469, 37.324114049962475 ], [ -78.409960170566649, 37.317893319337585 ], [ -78.402252644283422, 37.315779739891305 ], [ -78.398890881264563, 37.308445678735282 ], [ -78.393170127220898, 37.304672815200711 ], [ -78.361146357816622, 37.310455650554047 ], [ -78.360734291730111, 37.307138217320819 ], [ -78.352498098187652, 37.301617095588249 ], [ -78.350358824195979, 37.312050436714138 ], [ -78.342525990069177, 37.319153610938194 ], [ -78.334436685107505, 37.316465213549897 ], [ -78.336200360747995, 37.311885675306264 ], [ -78.33382013784562, 37.30896830742185 ], [ -78.32210621086098, 37.309120273251672 ], [ -78.311686814406201, 37.316152241555706 ], [ -78.310171867661992, 37.320832597677075 ], [ -78.299795042774733, 37.324792203723128 ], [ -78.292783354116011, 37.324035018085318 ], [ -78.293881902653482, 37.333471702009739 ], [ -78.289720978260831, 37.33680198004074 ], [ -78.281597175546594, 37.335365573601905 ], [ -78.276416382342788, 37.348567230523273 ], [ -78.258738804726448, 37.343073536440414 ], [ -78.256266047873481, 37.352095537545679 ], [ -78.260466615815403, 37.355682812959323 ], [ -78.259941972168448, 37.360387053765315 ], [ -78.246857035467599, 37.359204465275376 ], [ -78.23502488051777, 37.368027779502512 ], [ -78.231194980816227, 37.296445107334669 ], [ -78.238033600145428, 37.195346521086485 ], [ -78.239043245103659, 37.119921117731053 ], [ -78.249567370208027, 37.114359475915194 ], [ -78.266160404730087, 37.111704303224357 ], [ -78.278242734421809, 37.102722551223515 ], [ -78.293674364502081, 37.100715195503987 ], [ -78.296140566570614, 37.102782040361404 ], [ -78.305472054751121, 37.098971784413941 ], [ -78.314580336554954, 37.102429440487853 ], [ -78.348694964070049, 37.102350232505209 ], [ -78.360566872255333, 37.10599639837509 ], [ -78.370810931212048, 37.101098678376225 ], [ -78.371122972692845, 37.097118520500665 ], [ -78.382353937222675, 37.089549476849079 ], [ -78.447997579532057, 37.078125710736579 ], [ -78.458753617707828, 37.085587713790659 ], [ -78.482012340786198, 37.085931802101854 ], [ -78.503642096184109, 37.106364768897798 ], [ -78.502001760595206, 37.114551544695217 ], [ -78.51519899103846, 37.132729530392638 ], [ -78.52859627456175, 37.141142269352393 ], [ -78.542952195774603, 37.141181638156837 ], [ -78.546938732018916, 37.150396296272646 ], [ -78.568068304242601, 37.148686322207737 ], [ -78.583926966015582, 37.140685980021097 ], [ -78.593085817563761, 37.144205685139099 ], [ -78.597256560967054, 37.152529972435545 ], [ -78.604508468959139, 37.151646961832128 ], [ -78.620328546001318, 37.157737220055424 ], [ -78.623712976887361, 37.164459603400005 ], [ -78.63503139791051, 37.170122043839505 ], [ -78.64019285235743, 37.192601509526199 ], [ -78.666518501489492, 37.197554033314397 ], [ -78.680304778531024, 37.197400428200979 ], [ -78.686107854877321, 37.193904160795398 ], [ -78.686367299662976, 37.199776960240136 ], [ -78.692593559042621, 37.204422926955246 ], [ -78.688660546477877, 37.213244287068527 ], [ -78.690359777917621, 37.220644253867448 ], [ -78.682999763605864, 37.236171766303961 ], [ -78.679901056831156, 37.258937869506845 ], [ -78.636851141661865, 37.306296440249838 ], [ -78.62998685054167, 37.319057389568108 ], [ -78.613968890067412, 37.32761641149078 ], [ -78.609359500558284, 37.335744054720436 ], [ -78.60161030349235, 37.337712702348661 ], [ -78.594500879425084, 37.344902496617344 ], [ -78.60149495298613, 37.351430500460971 ], [ -78.594440593269965, 37.398018124926807 ] ] ] } },
{ "type": "Feature", "properties": { "County_Nam": "Montgomery", "FIPS": 121 }, "geometry": { "type": "Polygon", "coordinates": [ [ [ -80.262115782208767, 37.341493695626333 ], [ -80.258544224158172, 37.308523153760923 ], [ -80.191242178039076, 37.232539855078237 ], [ -80.177551735480904, 37.133127613550968 ], [ -80.178067826792869, 37.113565532390588 ], [ -80.283632617783141, 37.078943421577293 ], [ -80.345163571310437, 37.026973921873761 ], [ -80.347718159305444, 37.021577743857712 ], [ -80.380132074617293, 37.020193147609405 ], [ -80.386294731359826, 37.011737382920906 ], [ -80.394173332904202, 37.009573108320552 ], [ -80.413787847229798, 37.022191122772583 ], [ -80.416916515890321, 37.015776945614888 ], [ -80.411183167259466, 37.009446613817261 ], [ -80.412254114608231, 37.00365789499115 ], [ -80.416881247505358, 37.001726414433165 ], [ -80.422900058102087, 37.002999210228658 ], [ -80.423193048461101, 37.010625189355871 ], [ -80.430857498767594, 37.01610994698882 ], [ -80.436081251609167, 37.016115288784981 ], [ -80.436635909159378, 37.011408035669277 ], [ -80.443005991100634, 37.007434917485533 ], [ -80.446321334832902, 37.019727158979798 ], [ -80.451220483480938, 37.021511417594041 ], [ -80.453445892485917, 37.017467612521493 ], [ -80.451336947544306, 37.012545496970802 ], [ -80.462888218627953, 37.010763277896082 ], [ -80.461446459947211, 37.00330087505953 ], [ -80.466634268740151, 36.999775028405068 ], [ -80.473647019384188, 37.003198283336801 ], [ -80.472228690235227, 36.992885645058116 ], [ -80.485949975559066, 36.999357880255175 ], [ -80.485135550234972, 36.988029479583986 ], [ -80.493202463478681, 36.987090228679776 ], [ -80.492614792682602, 36.981517730474167 ], [ -80.504199827096059, 36.992205753435258 ], [ -80.508357806422126, 37.003076689740013 ], [ -80.51766441074578, 37.011731362621816 ], [ -80.522404924235786, 37.008980186441434 ], [ -80.516934555496491, 37.002838888213191 ], [ -80.521185816046781, 36.99672332082563 ], [ -80.543975908599194, 36.984606301003367 ], [ -80.54880175895984, 37.020848101415119 ], [ -80.561284261270345, 37.019624606434675 ], [ -80.562308962324892, 37.02572311898507 ], [ -80.556946362699762, 37.029761045295167 ], [ -80.555766425642474, 37.035337541670657 ], [ -80.55807750617123, 37.03805355529007 ], [ -80.562803030882279, 37.035384722759446 ], [ -80.565738876455327, 37.047431908403269 ], [ -80.563090533554188, 37.050590563195847 ], [ -80.555316682086456, 37.049682310185595 ], [ -80.54900352347984, 37.040203945754385 ], [ -80.544037743122203, 37.040364940028056 ], [ -80.543513146373215, 37.049478027011141 ], [ -80.552687795955407, 37.052072332635099 ], [ -80.546595523379366, 37.059160125354857 ], [ -80.556402453542489, 37.06577798017296 ], [ -80.560180146441496, 37.082581994249537 ], [ -80.568153297153117, 37.07438303521554 ], [ -80.575902461462661, 37.078834130349215 ], [ -80.580314929302858, 37.090077397409978 ], [ -80.57813948305332, 37.093664221691228 ], [ -80.572358132242883, 37.093435143743491 ], [ -80.555112212375079, 37.101474396088449 ], [ -80.556432672777561, 37.103615756212811 ], [ -80.552008259367639, 37.106713712850201 ], [ -80.554338313127403, 37.108339490163978 ], [ -80.551031944122684, 37.110016400693553 ], [ -80.554620607722256, 37.117810777614856 ], [ -80.542660111853635, 37.117607370295218 ], [ -80.540404868902868, 37.115001032146658 ], [ -80.523914558598662, 37.12091855578656 ], [ -80.525366202745417, 37.124508133906737 ], [ -80.519027948526912, 37.124421833632141 ], [ -80.519564289312768, 37.12828383153613 ], [ -80.506749118005445, 37.135193165001027 ], [ -80.511043520720932, 37.13907349804915 ], [ -80.511285979142997, 37.148546909666265 ], [ -80.517886771723198, 37.146948985494333 ], [ -80.518556516716046, 37.151423708702254 ], [ -80.526354470537683, 37.147489341860584 ], [ -80.53506496317425, 37.157835445073879 ], [ -80.549627022534565, 37.156278655808229 ], [ -80.556335776214638, 37.168353392809465 ], [ -80.56550887044061, 37.175650293946013 ], [ -80.551327419370693, 37.191940284160616 ], [ -80.537520379438988, 37.194463658026045 ], [ -80.5210471129853, 37.191904170894944 ], [ -80.516436665865982, 37.194982676728365 ], [ -80.515011335357116, 37.200806721501735 ], [ -80.520377480419526, 37.206704944686003 ], [ -80.535319738211086, 37.206059159927598 ], [ -80.562537040253872, 37.199089778911535 ], [ -80.582053803075794, 37.183766179560706 ], [ -80.588905328027437, 37.183734585014633 ], [ -80.595541962680883, 37.189850398522935 ], [ -80.602079154362158, 37.203019652684901 ], [ -80.614469070615556, 37.214667796288779 ], [ -80.615544760570543, 37.231620407137335 ], [ -80.607394533008744, 37.23870826634252 ], [ -80.606848316918246, 37.244966343339755 ], [ -80.565788165825893, 37.258780685681678 ], [ -80.530708285062715, 37.265532872977225 ], [ -80.478634563192998, 37.285230647624338 ], [ -80.417555917339428, 37.323470776209888 ], [ -80.349716061117647, 37.350107638323173 ], [ -80.324738838708029, 37.368950711651401 ], [ -80.295739817590302, 37.351211710560008 ], [ -80.262115782208767, 37.341493695626333 ] ] ] } },
{ "type": "Feature", "properties": { "County_Nam": "Mathews", "FIPS": 115 }, "geometry": { "type": "Polygon", "coordinates": [ [ [ -76.277927286696226, 37.3087005663848 ], [ -76.277177188601172, 37.307009636855682 ], [ -76.278594595542998, 37.305586020117623 ], [ -76.279844258018954, 37.30797684135927 ], [ -76.277927286696226, 37.3087005663848 ] ] ] } },
{ "type": "Feature", "properties": { "County_Nam": "Tazewell", "FIPS": 185 }, "geometry": { "type": "Polygon", "coordinates": [ [ [ -81.367305994727275, 37.333510666652003 ], [ -81.365381622166382, 37.337752951752513 ], [ -81.361967844395409, 37.337689883918657 ], [ -81.320162935368614, 37.299403884875069 ], [ -81.225005973935239, 37.23485580749108 ], [ -81.252771153275731, 37.221099969941264 ], [ -81.284742139643171, 37.215812109000801 ], [ -81.263877434486901, 37.17305700596885 ], [ -81.313150639986929, 37.159694571030954 ], [ -81.333049562727552, 37.14918563390281 ], [ -81.328159082713313, 37.138999561737975 ], [ -81.315955204044897, 37.139201023537467 ], [ -81.294628405414898, 37.130989699436704 ], [ -81.267168300875994, 37.126708969203044 ], [ -81.261309732389023, 37.115722869591615 ], [ -81.263336930599891, 37.106269079613959 ], [ -81.270830799475334, 37.092407717396142 ], [ -81.326304881943884, 37.067370815994806 ], [ -81.374037642829862, 37.056671299463744 ], [ -81.377251697793952, 37.053485312387998 ], [ -81.39930269224628, 37.057707904970314 ], [ -81.436412748804528, 37.041169279395653 ], [ -81.46104984790199, 37.037266296520109 ], [ -81.462274503752383, 37.035482775802954 ], [ -81.436828519871909, 37.010104750353605 ], [ -81.479502302293568, 36.986609533199008 ], [ -81.483286914807607, 36.990014931261584 ], [ -81.472735642203901, 36.997904794735128 ], [ -81.475987742490659, 37.001929014599774 ], [ -81.47273804438106, 37.003796596617889 ], [ -81.475520998460283, 37.009014121156994 ], [ -81.468870729136952, 37.014759693845434 ], [ -81.474122568764216, 37.018370737315429 ], [ -81.495448502015734, 37.015254175718411 ], [ -81.501614979047091, 37.009189606368231 ], [ -81.506947002027701, 37.009168310066251 ], [ -81.510677616559306, 37.003329695008375 ], [ -81.533744911280166, 36.996160263754348 ], [ -81.576443409458932, 36.98959629467916 ], [ -81.640984173437204, 36.948499263329836 ], [ -81.682968554790023, 36.933005437907504 ], [ -81.708841824952813, 36.976811308342143 ], [ -81.759699962849069, 36.960718125415816 ], [ -81.780579436561098, 36.958588248743354 ], [ -81.805424784010128, 37.018657257609163 ], [ -81.818420640168924, 37.042633661956351 ], [ -81.88981669973866, 37.110871519469761 ], [ -81.892635832323975, 37.124350418304623 ], [ -81.901781302017838, 37.139850050945981 ], [ -81.897590303784867, 37.152150893175957 ], [ -81.889504424879263, 37.148788696084097 ], [ -81.875901198088343, 37.152283938060187 ], [ -81.866255411360967, 37.158939113438485 ], [ -81.870449007011032, 37.161117266137687 ], [ -81.871616128805627, 37.16609876010385 ], [ -81.860829467396954, 37.169891557262176 ], [ -81.857184144198456, 37.17453911180548 ], [ -81.845529173036709, 37.17312456048866 ], [ -81.833362915516076, 37.180067493918649 ], [ -81.821576059271663, 37.178700938670055 ], [ -81.811895598861881, 37.185250474054278 ], [ -81.799821801911847, 37.185058951428779 ], [ -81.787348344057321, 37.190816143889613 ], [ -81.784082094290852, 37.197968046240426 ], [ -81.773757331149341, 37.203951138957031 ], [ -81.763102972914993, 37.200948135003259 ], [ -81.757051046918704, 37.207195221401477 ], [ -81.755328574694943, 37.219168316230629 ], [ -81.741096605094839, 37.225833730428349 ], [ -81.740143358899459, 37.229559237732431 ], [ -81.743264161511419, 37.232403890736364 ], [ -81.74055018968474, 37.237228859680691 ], [ -81.730882238146989, 37.240019570366634 ], [ -81.719530254716076, 37.238388725912515 ], [ -81.715602016645789, 37.22864772649185 ], [ -81.69910481664003, 37.219754246127117 ], [ -81.694742830456505, 37.213141462349569 ], [ -81.683531912349977, 37.211539191163105 ], [ -81.683270644080707, 37.205599703068181 ], [ -81.678117157320344, 37.201462542242254 ], [ -81.555510772986338, 37.207587089544482 ], [ -81.545517449026008, 37.220173244864377 ], [ -81.507555459634617, 37.233747966791547 ], [ -81.506416233175386, 37.24533369484719 ], [ -81.498941033441696, 37.258099042588938 ], [ -81.492374539811181, 37.251000966211819 ], [ -81.480379391125538, 37.251109826468564 ], [ -81.473595465458203, 37.256885111418882 ], [ -81.461993292165531, 37.260017899475336 ], [ -81.458900084008135, 37.262869101224851 ], [ -81.460599954354393, 37.265527350564376 ], [ -81.447973064212263, 37.27219182826228 ], [ -81.416300881137005, 37.273306077495526 ], [ -81.416785570800741, 37.277612754891059 ], [ -81.41153679385198, 37.280406905467203 ], [ -81.402271578946213, 37.295968426361171 ], [ -81.405172623978657, 37.298767001736451 ], [ -81.396838515959161, 37.304430245606575 ], [ -81.39880204987287, 37.310386838603868 ], [ -81.394198519030454, 37.316344503863618 ], [ -81.38649152226742, 37.32065019216197 ], [ -81.37962204828095, 37.317526143535019 ], [ -81.374344719647198, 37.319076177467196 ], [ -81.367587148798705, 37.327363253139914 ], [ -81.369553729272141, 37.3310320904842 ], [ -81.367305994727275, 37.333510666652003 ] ] ] } },
{ "type": "Feature", "properties": { "County_Nam": "Williamsburg", "FIPS": 830 }, "geometry": { "type": "Polygon", "coordinates": [ [ [ -76.727311823707282, 37.302907958487978 ], [ -76.718954390001556, 37.284442754090243 ], [ -76.711094964700891, 37.277853126967265 ], [ -76.709873129206457, 37.282764845499486 ], [ -76.692314014824646, 37.286874619632421 ], [ -76.689731028645355, 37.293137247675133 ], [ -76.682029915336969, 37.292602440413418 ], [ -76.6815005741649, 37.281701928752682 ], [ -76.677954184533377, 37.277272737281443 ], [ -76.684580419191377, 37.270914608298803 ], [ -76.680172928070903, 37.265844269747674 ], [ -76.680913884705561, 37.260734612226969 ], [ -76.676056441258126, 37.260902585082881 ], [ -76.6634892321443, 37.251068440223825 ], [ -76.685154124067182, 37.247959153486384 ], [ -76.729311277298947, 37.250975319573683 ], [ -76.741262594352548, 37.266241821034576 ], [ -76.737457054309459, 37.27939587014842 ], [ -76.725121483883328, 37.280022332742206 ], [ -76.724748496227377, 37.283337793981353 ], [ -76.734357865826496, 37.286536781631703 ], [ -76.731445156409052, 37.289028682868704 ], [ -76.732887199726406, 37.297655555969797 ], [ -76.73913105857288, 37.300673503539976 ], [ -76.739625394421637, 37.304559846824084 ], [ -76.730576827732008, 37.309645055435517 ], [ -76.727311823707282, 37.302907958487978 ] ] ] } },
{ "type": "Feature", "properties": { "County_Nam": "Prince George", "FIPS": 149 }, "geometry": { "type": "Polygon", "coordinates": [ [ [ -77.270551879583209, 37.320980745794351 ], [ -77.249725648996417, 37.306299008386091 ], [ -77.223090662639564, 37.319435506327217 ], [ -77.177154071511055, 37.308396040516648 ], [ -77.125456437221501, 37.30300281968173 ], [ -77.08866487327488, 37.313031111858862 ], [ -77.086012529470437, 37.310135349846504 ], [ -77.081628610637878, 37.277461195559319 ], [ -77.069495571586472, 37.269902967309754 ], [ -77.017811106958902, 37.304371987430045 ], [ -77.008539555305234, 37.305422016506242 ], [ -76.990974238218087, 37.296366092099255 ], [ -76.9925261500224, 37.280655738601233 ], [ -76.97259113688412, 37.248291651732444 ], [ -76.993388573967067, 37.236632318393802 ], [ -77.000889785071124, 37.239182552879747 ], [ -77.004804702827727, 37.231696601216228 ], [ -77.012114516413007, 37.233041647511513 ], [ -77.013419643606113, 37.224883238179842 ], [ -77.018887108245707, 37.219125637224913 ], [ -77.011796694118928, 37.212423707327872 ], [ -77.018259737152675, 37.206883543486271 ], [ -77.023982825383712, 37.207044964423602 ], [ -77.024139810104543, 37.200947426838589 ], [ -77.029065351542201, 37.201845508906786 ], [ -77.031833206331996, 37.198738226864904 ], [ -77.034283661770701, 37.203191243497777 ], [ -77.044221661432104, 37.202341875760119 ], [ -77.046364295147612, 37.198647961628502 ], [ -77.042933159034234, 37.195708232002175 ], [ -77.043914994915752, 37.192406155344571 ], [ -77.058888052247269, 37.190736273719423 ], [ -77.072696155504119, 37.184806129892984 ], [ -77.07816403805802, 37.173158290484736 ], [ -77.087630413061419, 37.169073537135908 ], [ -77.155539293904667, 37.111960708325313 ], [ -77.188870265404177, 37.098258822222384 ], [ -77.398529363723512, 36.992980626036065 ], [ -77.394592964001021, 37.035797155224806 ], [ -77.399417404065858, 37.171490456311325 ], [ -77.376962285016219, 37.180712161795448 ], [ -77.376727224323815, 37.175428937865021 ], [ -77.365498540068799, 37.174853896125278 ], [ -77.363598410177801, 37.17108639461388 ], [ -77.345726248823439, 37.174203969558924 ], [ -77.345933224001911, 37.18288998250322 ], [ -77.340777203696717, 37.184835018078566 ], [ -77.342921510647827, 37.189544349174618 ], [ -77.329694541365015, 37.197560381011378 ], [ -77.33901022447516, 37.210057021277002 ], [ -77.347020720858794, 37.210995752001956 ], [ -77.344948862102314, 37.213882423427009 ], [ -77.348287281282538, 37.219460180224679 ], [ -77.352233352289815, 37.219136263936818 ], [ -77.35413662082685, 37.222142318144058 ], [ -77.351161448043428, 37.224395918839718 ], [ -77.361278136060875, 37.238314458683689 ], [ -77.377123466443692, 37.244956980990516 ], [ -77.37537079935808, 37.26288340520825 ], [ -77.369930437726069, 37.27145928742307 ], [ -77.357492629791793, 37.280611626060171 ], [ -77.352743992239539, 37.309972736013002 ], [ -77.340505459640369, 37.315106789184732 ], [ -77.337027941569758, 37.313884567686159 ], [ -77.337911546515542, 37.302890431834641 ], [ -77.332253261368734, 37.302186519456832 ], [ -77.330569445816877, 37.293619927701698 ], [ -77.326679516038269, 37.293252639795419 ], [ -77.330277288419808, 37.284597823279739 ], [ -77.329916240047766, 37.280765779775493 ], [ -77.32503503479667, 37.280679291762929 ], [ -77.328424763074963, 37.271859632130244 ], [ -77.325156940531485, 37.267519207066108 ], [ -77.330883540890881, 37.26220656831115 ], [ -77.330590757265597, 37.257532788202504 ], [ -77.322196391007338, 37.265276988160927 ], [ -77.31107316449922, 37.26623821734308 ], [ -77.307514125003976, 37.260720122148598 ], [ -77.298532088560918, 37.270562703993861 ], [ -77.283908918915174, 37.274457444653017 ], [ -77.278447481218848, 37.280195339089424 ], [ -77.273147284302468, 37.278305573093867 ], [ -77.270169171285843, 37.282621007029206 ], [ -77.260927905799974, 37.282674014363224 ], [ -77.260943939855522, 37.287743077787013 ], [ -77.253004114545661, 37.292948120579709 ], [ -77.253285547828014, 37.29604746917002 ], [ -77.270591058897551, 37.309241658728745 ], [ -77.273565341682385, 37.316423550345213 ], [ -77.278223540745316, 37.317129252839003 ], [ -77.28145076893405, 37.310262889877549 ], [ -77.283929787070619, 37.313198074340285 ], [ -77.282228459623909, 37.319036977312621 ], [ -77.270551879583209, 37.320980745794351 ] ] ] } },
{ "type": "Feature", "properties": { "County_Nam": "Dickenson", "FIPS": 51 }, "geometry": { "type": "Polygon", "coordinates": [ [ [ -82.428677624134934, 37.24738862638349 ], [ -82.351664795944956, 37.266552938146006 ], [ -82.34862031188473, 37.272006928360184 ], [ -82.342094317361713, 37.273733627934213 ], [ -82.343522652712636, 37.280758276807838 ], [ -82.336486950241479, 37.279478064996574 ], [ -82.324258695815757, 37.282875678859511 ], [ -82.31592615448082, 37.294732934948136 ], [ -82.295094881051014, 37.306232627867672 ], [ -82.28242482415871, 37.299052563446445 ], [ -82.279821734892991, 37.294190065968827 ], [ -82.270499390635919, 37.290151988581762 ], [ -82.265467989687124, 37.280152408041161 ], [ -82.256103342603282, 37.278452073896659 ], [ -82.250393480090167, 37.273004449222491 ], [ -82.236366676278678, 37.211902288965319 ], [ -82.205239747613618, 37.160634205324797 ], [ -82.200570608649357, 37.159336371921739 ], [ -82.202587024816339, 37.15617049384074 ], [ -82.197311305871807, 37.159209364504065 ], [ -82.195323634308636, 37.155179361180977 ], [ -82.191773836996177, 37.156372006005292 ], [ -82.189803018902282, 37.145466140485659 ], [ -82.181649170823505, 37.140554686595038 ], [ -82.184107141231763, 37.136649337697719 ], [ -82.177734268191855, 37.136781153895107 ], [ -82.179333558673136, 37.134210027939183 ], [ -82.174888446213458, 37.133189792095131 ], [ -82.171812510635291, 37.115516476541522 ], [ -82.158256411355751, 37.110792231865261 ], [ -82.162782818764882, 37.098944688821355 ], [ -82.156813711809178, 37.093907530111359 ], [ -82.157504189844033, 37.088812409697319 ], [ -82.152078231367057, 37.085264495814869 ], [ -82.152746125235083, 37.08216102353439 ], [ -82.140818759592378, 37.069835650115607 ], [ -82.144600699775623, 37.065113388273794 ], [ -82.135924356298389, 37.061304911916672 ], [ -82.139641977060407, 37.057043234284691 ], [ -82.136849115952629, 37.050218165092168 ], [ -82.160534718298848, 37.037030531820996 ], [ -82.1631293255884, 37.040464474163301 ], [ -82.173850432418988, 37.038942823935656 ], [ -82.180292583544983, 37.034844890904274 ], [ -82.184305281937498, 37.026633042726964 ], [ -82.195354259403729, 37.027815110212543 ], [ -82.196369146208255, 37.030894813201982 ], [ -82.231876547911298, 37.00504439962581 ], [ -82.240503040168093, 37.002329682208874 ], [ -82.243748668708051, 36.995152720064063 ], [ -82.257573678265956, 36.989091012993505 ], [ -82.262167997070406, 36.98944260078045 ], [ -82.274163480395288, 37.001364116579339 ], [ -82.284971168082919, 36.998295972744067 ], [ -82.347645163820133, 36.958579949041045 ], [ -82.361486462200205, 36.955473691916218 ], [ -82.366017812380321, 36.970490228937706 ], [ -82.372358552800478, 36.976021584531559 ], [ -82.37977988074897, 36.975182349101551 ], [ -82.378896610229262, 36.980326010803779 ], [ -82.395810345189759, 36.982311957697974 ], [ -82.467372336307164, 37.022138561895794 ], [ -82.478536606717611, 37.022906341786019 ], [ -82.476864257889048, 37.034744704691228 ], [ -82.491833993820251, 37.043433861981931 ], [ -82.494780507204723, 37.049418575876494 ], [ -82.492801895731532, 37.056716771322009 ], [ -82.49816026770614, 37.061718440611614 ], [ -82.496588113440481, 37.063403533322649 ], [ -82.546244474413754, 37.125001824671941 ], [ -82.553691316125466, 37.202759416976356 ], [ -82.532830423317023, 37.206517460578318 ], [ -82.531172114335106, 37.21265465105779 ], [ -82.524692278864606, 37.214950963879808 ], [ -82.520815334799352, 37.212063218809362 ], [ -82.498653550345239, 37.2269528669393 ], [ -82.491438237787975, 37.224972722457984 ], [ -82.486518410104409, 37.231033541461215 ], [ -82.457252064980125, 37.237996453866735 ], [ -82.43917316855746, 37.246876594947821 ], [ -82.428677624134934, 37.24738862638349 ] ] ] } },
{ "type": "Feature", "properties": { "County_Nam": "Hopewell", "FIPS": 670 }, "geometry": { "type": "Polygon", "coordinates": [ [ [ -77.337027941569758, 37.313884567686159 ], [ -77.319967720341921, 37.308229598936379 ], [ -77.292325478454728, 37.313092011357867 ], [ -77.287254997124307, 37.317182528571728 ], [ -77.28145076893405, 37.310262889877549 ], [ -77.276547739988672, 37.317603110016741 ], [ -77.252563344233891, 37.294042484500203 ], [ -77.260943939855522, 37.287743077787013 ], [ -77.260927905799974, 37.282674014363224 ], [ -77.270169171285843, 37.282621007029206 ], [ -77.273147284302468, 37.278305573093867 ], [ -77.278447481218848, 37.280195339089424 ], [ -77.283908918915174, 37.274457444653017 ], [ -77.298532088560918, 37.270562703993861 ], [ -77.307514125003976, 37.260720122148598 ], [ -77.31107316449922, 37.26623821734308 ], [ -77.322196391007338, 37.265276988160927 ], [ -77.330590757265597, 37.257532788202504 ], [ -77.330883540890881, 37.26220656831115 ], [ -77.325156940531485, 37.267519207066108 ], [ -77.328424763074963, 37.271859632130244 ], [ -77.32503503479667, 37.280679291762929 ], [ -77.329916240047766, 37.280765779775493 ], [ -77.326679516038269, 37.293252639795419 ], [ -77.330569445816877, 37.293619927701698 ], [ -77.332253261368734, 37.302186519456832 ], [ -77.337911546515542, 37.302890431834641 ], [ -77.337027941569758, 37.313884567686159 ] ] ] } },
{ "type": "Feature", "properties": { "County_Nam": "Roanoke", "FIPS": 770 }, "geometry": { "type": "Polygon", "coordinates": [ [ [ -80.022304084240986, 37.308385500148134 ], [ -80.016534589928312, 37.314977027095836 ], [ -80.005057556611902, 37.31589445431888 ], [ -79.992842929778007, 37.325295210722913 ], [ -79.967816379406131, 37.337423166852275 ], [ -79.95887801232503, 37.320262147593034 ], [ -79.949894445171282, 37.326260711904652 ], [ -79.946297786540939, 37.32077669049508 ], [ -79.929226886532561, 37.319645052325519 ], [ -79.92966721538528, 37.321875664040917 ], [ -79.918111950389175, 37.328314734087179 ], [ -79.919321487245909, 37.320733817855363 ], [ -79.91038699563164, 37.319919548318758 ], [ -79.893224027842649, 37.303590243979087 ], [ -79.881413128782498, 37.302309832647275 ], [ -79.879295893221467, 37.291044038533315 ], [ -79.88398331390168, 37.283576207993455 ], [ -79.901305652750338, 37.284656994114428 ], [ -79.903416888412778, 37.281899283190249 ], [ -79.905892071691099, 37.284637559145196 ], [ -79.917726188053763, 37.280932543267589 ], [ -79.909392562113709, 37.277880004075747 ], [ -79.904466001774111, 37.271364701559925 ], [ -79.908947374420976, 37.260921590095485 ], [ -79.900006256759241, 37.257373508420585 ], [ -79.907418937723079, 37.247556159388715 ], [ -79.905018316914237, 37.244519803090803 ], [ -79.919524158029716, 37.240919844998416 ], [ -79.921202662598546, 37.229528030532201 ], [ -79.926232151072057, 37.222575655759826 ], [ -79.93758957983097, 37.225719224614096 ], [ -79.944170851035679, 37.220106059302815 ], [ -79.946436812605526, 37.212160908665702 ], [ -79.954289069085448, 37.211241967883666 ], [ -79.967371850946364, 37.220271668943091 ], [ -79.976327111373408, 37.236565309007503 ], [ -79.98127455060343, 37.229663702382531 ], [ -79.985069089123655, 37.236342905938493 ], [ -79.982672182461371, 37.24043105493736 ], [ -79.988348831074731, 37.237359293775953 ], [ -79.990807656075162, 37.241447228270083 ], [ -79.997039822459413, 37.24242858279306 ], [ -79.997950708111176, 37.244846139353136 ], [ -79.993453627709442, 37.245795086466138 ], [ -79.998242314345859, 37.2523078884564 ], [ -80.004585900813723, 37.246343528185932 ], [ -80.007140777505555, 37.249004210056611 ], [ -80.019179261001256, 37.247972920054252 ], [ -80.028641229172152, 37.243684618909008 ], [ -80.036746465046562, 37.250155738202444 ], [ -80.03335643045628, 37.263059977473958 ], [ -80.018160707353601, 37.264317087231284 ], [ -80.014324948583536, 37.270974777324284 ], [ -80.013830101937671, 37.28067139596687 ], [ -80.021509759679574, 37.28133089070927 ], [ -80.023218826627769, 37.287169747311964 ], [ -80.019348734028853, 37.299204892633412 ], [ -80.022304084240986, 37.308385500148134 ] ] ] } },
{ "type": "Feature", "properties": { "County_Nam": "Salem", "FIPS": 775 }, "geometry": { "type": "Polygon", "coordinates": [ [ [ -80.022304084240986, 37.308385500148134 ], [ -80.019348734028853, 37.299204892633412 ], [ -80.023218826627769, 37.287169747311964 ], [ -80.021509759679574, 37.28133089070927 ], [ -80.013830101937671, 37.28067139596687 ], [ -80.014324948583536, 37.270974777324284 ], [ -80.018160707353601, 37.264317087231284 ], [ -80.04093446857685, 37.261932902987361 ], [ -80.051152372227747, 37.251849857328786 ], [ -80.065423597289552, 37.26011455672446 ], [ -80.075167872826071, 37.256873034720847 ], [ -80.076956767591838, 37.26368907527322 ], [ -80.081646186198896, 37.265018028658233 ], [ -80.078868793200073, 37.26985820613443 ], [ -80.083014706110006, 37.271980367439561 ], [ -80.08417605477689, 37.278368565278136 ], [ -80.087796516154071, 37.278286815304966 ], [ -80.088352915004108, 37.282443161434976 ], [ -80.110483838374464, 37.278938535585503 ], [ -80.120455629765502, 37.286871332655437 ], [ -80.105754162484445, 37.291474842820598 ], [ -80.10833570862826, 37.29482080417911 ], [ -80.103079659946047, 37.296716320458394 ], [ -80.099072948889471, 37.292508880525169 ], [ -80.083191745497913, 37.297849450132894 ], [ -80.033490487001401, 37.323887567286675 ], [ -80.028037498925784, 37.310935007233986 ], [ -80.022304084240986, 37.308385500148134 ] ] ] } },
{ "type": "Feature", "properties": { "County_Nam": "Colonial Heights", "FIPS": 570 }, "geometry": { "type": "Polygon", "coordinates": [ [ [ -77.402403771803677, 37.239251098162576 ], [ -77.409669162701249, 37.233856109282911 ], [ -77.416690922724797, 37.233246590607493 ], [ -77.417799309054928, 37.247972282308396 ], [ -77.414639336592302, 37.261243874091043 ], [ -77.418533453467177, 37.265846074976487 ], [ -77.422180502860385, 37.263966842931325 ], [ -77.432149370193642, 37.276566090129243 ], [ -77.422813008009697, 37.274288346317576 ], [ -77.426632779325587, 37.278260941021259 ], [ -77.426529474715636, 37.283438157663554 ], [ -77.412783268998609, 37.283176288286022 ], [ -77.408497754238198, 37.280852898385866 ], [ -77.405724724271778, 37.27359159105962 ], [ -77.400083683226384, 37.271847413960451 ], [ -77.398255053639801, 37.27509951302185 ], [ -77.402259801630976, 37.276881508902271 ], [ -77.401308329347316, 37.282416148117377 ], [ -77.391852025312758, 37.282456723614658 ], [ -77.389476801677205, 37.287245017550596 ], [ -77.378414488102564, 37.284144722111797 ], [ -77.373736959424406, 37.296107465923363 ], [ -77.36877192813985, 37.298313533063165 ], [ -77.367606232024713, 37.294180075729898 ], [ -77.37125222172655, 37.289691174322684 ], [ -77.364515982741167, 37.290751968297549 ], [ -77.365810778336268, 37.286918505298949 ], [ -77.362247607078302, 37.282206556194708 ], [ -77.377300139685929, 37.271671952128635 ], [ -77.380556500761003, 37.245061472443417 ], [ -77.385171349503324, 37.241300622685358 ], [ -77.402403771803677, 37.239251098162576 ] ] ] } },
{ "type": "Feature", "properties": { "County_Nam": "Bland", "FIPS": 21 }, "geometry": { "type": "Polygon", "coordinates": [ [ [ -81.011488948116366, 37.295534765099688 ], [ -80.979804878832297, 37.301960742821294 ], [ -80.980427519533166, 37.292712006616142 ], [ -80.988097718454313, 37.286676757523715 ], [ -80.998153052140651, 37.28009444322884 ], [ -81.014502001301693, 37.275359741739848 ], [ -80.977580478834042, 37.248825083945619 ], [ -80.893964290136864, 37.179427413257457 ], [ -80.871234284111736, 37.193718264545467 ], [ -80.861463337565922, 37.178543245317243 ], [ -80.881174569266534, 37.171160499814633 ], [ -80.854774924647003, 37.147612251477348 ], [ -80.895079830482416, 37.123443031870636 ], [ -80.930608600239822, 37.11504836769906 ], [ -80.912907310262639, 37.073091261077266 ], [ -80.97807649146452, 37.053450469334145 ], [ -81.032721032753599, 37.046884453195297 ], [ -81.114320058046758, 37.022644945959101 ], [ -81.128490784165564, 37.040499217782219 ], [ -81.159411119940927, 37.026030446553705 ], [ -81.175289787385438, 37.024688931471431 ], [ -81.198984164147191, 37.040834516389253 ], [ -81.224642288052806, 37.047822009839294 ], [ -81.241930251633036, 37.037181207119922 ], [ -81.260812135981936, 37.031862374783884 ], [ -81.26967850841443, 37.02514418261427 ], [ -81.286411010600929, 37.019028636856731 ], [ -81.315514401108217, 36.998283084094616 ], [ -81.350411856807597, 36.966103488729274 ], [ -81.370586841404176, 36.966068675368348 ], [ -81.379266887283251, 36.952412337585194 ], [ -81.462274503752383, 37.035482775802954 ], [ -81.457406881946028, 37.039161789349912 ], [ -81.436412748804528, 37.041169279395653 ], [ -81.39930269224628, 37.057707904970314 ], [ -81.377251697793952, 37.053485312387998 ], [ -81.374037642829862, 37.056671299463744 ], [ -81.344032364431769, 37.062039473408369 ], [ -81.270315726729066, 37.092804057336153 ], [ -81.261327774212688, 37.115141426814944 ], [ -81.265391046521074, 37.12552984131456 ], [ -81.311422838449786, 37.135416166789234 ], [ -81.315955204044897, 37.139201023537467 ], [ -81.328159082713313, 37.138999561737975 ], [ -81.333049562727552, 37.14918563390281 ], [ -81.313150639986929, 37.159694571030954 ], [ -81.263877434486901, 37.17305700596885 ], [ -81.284742139643171, 37.215812109000801 ], [ -81.263004867396035, 37.218043810033492 ], [ -81.243345317780594, 37.224179996469964 ], [ -81.161022599823582, 37.264725916257106 ], [ -81.094466488908324, 37.282614915586457 ], [ -81.011488948116366, 37.295534765099688 ] ] ] } },
{ "type": "Feature", "properties": { "County_Nam": "Williamsburg", "FIPS": 830 }, "geometry": { "type": "Polygon", "coordinates": [ [ [ -76.741518072349052, 37.276058645991547 ], [ -76.738808594131015, 37.275724173088719 ], [ -76.738723991456084, 37.275602833681575 ], [ -76.741186285040442, 37.273465615295699 ], [ -76.741518072349052, 37.276058645991547 ] ] ] } },
{ "type": "Feature", "properties": { "County_Nam": "Nottoway", "FIPS": 135 }, "geometry": { "type": "Polygon", "coordinates": [ [ [ -77.793945607929558, 37.195457882313271 ], [ -77.799474923596122, 37.185232128253951 ], [ -77.805051751572762, 37.183122099978796 ], [ -77.805954394909804, 37.175914051379259 ], [ -77.814237137238635, 37.169346350415466 ], [ -77.824158326871398, 37.167168156048668 ], [ -77.841718402096063, 37.169834425665229 ], [ -77.84562042212572, 37.165183189891735 ], [ -77.855811408081152, 37.163869984358115 ], [ -77.875941490750861, 37.147953074442206 ], [ -77.886174913040591, 37.144007212357756 ], [ -77.892708549970138, 37.146217783210005 ], [ -77.900540513425213, 37.143892791439292 ], [ -77.890598713288284, 36.988981629022071 ], [ -77.901124697559453, 36.989292378667415 ], [ -77.90902736616188, 36.985313974526136 ], [ -77.917398802171547, 36.986570497702267 ], [ -77.920689951821529, 36.982546955043972 ], [ -77.922951948157589, 36.984967158272688 ], [ -77.932833121338618, 36.984191574723113 ], [ -77.936457482382849, 36.988292260780639 ], [ -77.945559035724386, 36.986660793312559 ], [ -77.954761721085603, 36.991401736546905 ], [ -77.96815205394158, 36.987438036096002 ], [ -77.99135922773138, 37.013228945461343 ], [ -77.997573817650277, 37.015072507874279 ], [ -77.995689475348385, 37.022002450132611 ], [ -78.000564707866246, 37.024395563215649 ], [ -78.020741708085254, 37.017393036020437 ], [ -78.028892804979691, 37.017782130638075 ], [ -78.034267921958104, 37.013709113622397 ], [ -78.053941358591473, 37.017376291961483 ], [ -78.056965079290748, 37.0157484812379 ], [ -78.054296145176536, 37.0133910081911 ], [ -78.059934350872325, 37.011668731410111 ], [ -78.073789208853896, 37.013256847654858 ], [ -78.079485767958701, 37.01031339072599 ], [ -78.083201067204229, 37.011435606256939 ], [ -78.083032146171419, 37.01674974977535 ], [ -78.10094951684566, 37.025336386378243 ], [ -78.108878519194278, 37.02193213342116 ], [ -78.109132815916851, 37.029449620090844 ], [ -78.117322290690851, 37.029953225435762 ], [ -78.118906403982137, 37.035266315158609 ], [ -78.150233287082727, 37.047179467411759 ], [ -78.152618930190684, 37.044777737358174 ], [ -78.160334560221841, 37.046951167479889 ], [ -78.160314002561023, 37.051517948192725 ], [ -78.171277697864596, 37.054356408896169 ], [ -78.169431427279733, 37.067410603059287 ], [ -78.173228363038561, 37.069250832294962 ], [ -78.170449035793268, 37.076195922306113 ], [ -78.175483723778669, 37.076410299189348 ], [ -78.176779302541306, 37.073219562398641 ], [ -78.191134060142673, 37.074093178671973 ], [ -78.193090456997297, 37.081152190765046 ], [ -78.199961716103815, 37.077975303166319 ], [ -78.202974909578984, 37.079299572816744 ], [ -78.201058879850876, 37.08313808417563 ], [ -78.205728999205022, 37.085780374527033 ], [ -78.210220417423571, 37.082978115151505 ], [ -78.224798432809266, 37.08976378299716 ], [ -78.225893486717098, 37.095320561327611 ], [ -78.230746159652256, 37.098535787700449 ], [ -78.229522897017858, 37.102448200406698 ], [ -78.224952160513126, 37.103020976560842 ], [ -78.225699037320808, 37.107271672809119 ], [ -78.229183250178153, 37.112709263817685 ], [ -78.234523926611075, 37.111554386467859 ], [ -78.23492358695367, 37.117927466822586 ], [ -78.239043245103659, 37.119921117731053 ], [ -78.238033600145428, 37.195346521086485 ], [ -78.231194980816227, 37.296445107334669 ], [ -77.793945607929558, 37.195457882313271 ] ] ] } },
{ "type": "Feature", "properties": { "County_Nam": null, "FIPS": 901 }, "geometry": { "type": "Polygon", "coordinates": [ [ [ -76.321195224186539, 37.247134083661031 ], [ -76.207738985417961, 37.249086941287111 ], [ -76.208831609552021, 37.239570978407826 ], [ -76.205437688753491, 37.227589235238696 ], [ -76.193333810997217, 37.209884237128655 ], [ -76.175239065077719, 37.19221012437594 ], [ -76.368358070842433, 37.189552226657625 ], [ -76.380314763895541, 37.170763439101023 ], [ -76.396459992712423, 37.168381048602363 ], [ -76.390613532671694, 37.181950405692206 ], [ -76.393335919410433, 37.184503057900457 ], [ -76.390073039950906, 37.193579567589069 ], [ -76.406608121745919, 37.209315799906321 ], [ -76.400710635643009, 37.216048759618488 ], [ -76.395826910986642, 37.215446115802365 ], [ -76.395892580398879, 37.212301921166635 ], [ -76.394294379111727, 37.214596606094638 ], [ -76.39899888242941, 37.21724521432531 ], [ -76.395085401271018, 37.218688395833475 ], [ -76.397510613513745, 37.219351616089924 ], [ -76.391536956969304, 37.220032524484687 ], [ -76.394051895849472, 37.223464124762259 ], [ -76.384385684776788, 37.2264323595126 ], [ -76.388407677382816, 37.245926325007545 ], [ -76.321195224186539, 37.247134083661031 ] ] ] } },
{ "type": "Feature", "properties": { "County_Nam": "Dinwiddie", "FIPS": 53 }, "geometry": { "type": "Polygon", "coordinates": [ [ [ -77.650654449358655, 37.265248577594342 ], [ -77.642544316261137, 37.264087304318359 ], [ -77.631218370287485, 37.270125204497013 ], [ -77.620644580389737, 37.266840905011001 ], [ -77.612546025413067, 37.270777884371881 ], [ -77.603072718496733, 37.263628735384401 ], [ -77.599866578489227, 37.253256994335878 ], [ -77.583462244012523, 37.245672475232311 ], [ -77.578391523230479, 37.237577800635428 ], [ -77.573912923745041, 37.236438430978239 ], [ -77.568522943022757, 37.239624097351879 ], [ -77.567210648118134, 37.231586949075769 ], [ -77.562657281113346, 37.230761929213365 ], [ -77.559868050583646, 37.225115517402557 ], [ -77.536265106828566, 37.226299633366089 ], [ -77.52601571998099, 37.222630197253409 ], [ -77.522065042479966, 37.217005373338424 ], [ -77.492409684866573, 37.224888253560131 ], [ -77.447378382785942, 37.222826748034109 ], [ -77.447417350097737, 37.215789749123438 ], [ -77.443180069239958, 37.216300835048713 ], [ -77.441531921682227, 37.211373667797524 ], [ -77.445961825615242, 37.203243429399741 ], [ -77.445582548787399, 37.195784719711355 ], [ -77.454808178777796, 37.187802846382553 ], [ -77.42717364951389, 37.184648195122456 ], [ -77.422611763663667, 37.180253539290696 ], [ -77.423441157277963, 37.164683780074057 ], [ -77.399417404065858, 37.171490456311325 ], [ -77.396858108247187, 37.153055907086483 ], [ -77.394592964001021, 37.035797155224806 ], [ -77.398529363723512, 36.992980626036065 ], [ -77.619120146686427, 36.87772649876495 ], [ -77.626067792573082, 36.880688987159118 ], [ -77.631631529743501, 36.887865642809025 ], [ -77.637300228222045, 36.886626838410322 ], [ -77.638320683074141, 36.882541934355793 ], [ -77.632012043216591, 36.878126316043961 ], [ -77.63823548877977, 36.873829065914947 ], [ -77.647932826136568, 36.881140575857017 ], [ -77.645632177787334, 36.889852534417926 ], [ -77.649059350529257, 36.897814915376905 ], [ -77.654573737744684, 36.89451044330238 ], [ -77.664042107421821, 36.894757934088517 ], [ -77.67646987255209, 36.904486249724826 ], [ -77.694628390421215, 36.906664074150136 ], [ -77.701027860483876, 36.916402508761912 ], [ -77.715262041876443, 36.914849797651549 ], [ -77.715012020233033, 36.926212830939718 ], [ -77.723181610234732, 36.932541244533098 ], [ -77.727916921413922, 36.943460787050853 ], [ -77.737913937460007, 36.94626524671056 ], [ -77.741072524535909, 36.953347727498368 ], [ -77.745034118551004, 36.951852525156845 ], [ -77.745760290474735, 36.959060966662086 ], [ -77.755545327476966, 36.956234186243535 ], [ -77.761660849199373, 36.96181676069186 ], [ -77.76232161767993, 36.970889785156309 ], [ -77.76586700047649, 36.974808420994314 ], [ -77.778193074805927, 36.975025073949737 ], [ -77.79459989651734, 36.984397192034905 ], [ -77.80964686474762, 36.983347861198631 ], [ -77.839285157696239, 36.995823991431855 ], [ -77.849875963893027, 36.991476466407008 ], [ -77.850429061976527, 36.988212225111845 ], [ -77.852068559482461, 36.991257051878421 ], [ -77.86267176244138, 36.992233970655967 ], [ -77.86539880394983, 36.988308897373585 ], [ -77.871973146376234, 36.991729765836965 ], [ -77.890598713288284, 36.988981629022071 ], [ -77.900540513425213, 37.143892791439292 ], [ -77.892708549970138, 37.146217783210005 ], [ -77.886174913040591, 37.144007212357756 ], [ -77.875941490750861, 37.147953074442206 ], [ -77.855811408081152, 37.163869984358115 ], [ -77.84562042212572, 37.165183189891735 ], [ -77.841718402096063, 37.169834425665229 ], [ -77.824158326871398, 37.167168156048668 ], [ -77.814237137238635, 37.169346350415466 ], [ -77.805954394909804, 37.175914051379259 ], [ -77.805051751572762, 37.183122099978796 ], [ -77.799474923596122, 37.185232128253951 ], [ -77.799053063691261, 37.189804169823176 ], [ -77.792953684411387, 37.195859773271323 ], [ -77.747708961169451, 37.192698984367524 ], [ -77.727459526812225, 37.203564498070989 ], [ -77.717713541764951, 37.216073805290357 ], [ -77.714874922423434, 37.214570937966776 ], [ -77.70048769189988, 37.222972312933081 ], [ -77.686863024069581, 37.222615595915691 ], [ -77.680637236127353, 37.22868422815209 ], [ -77.688709184911545, 37.228140620686979 ], [ -77.686853075985624, 37.235274961124773 ], [ -77.678277111385228, 37.235104423310631 ], [ -77.673088791327743, 37.241761978406068 ], [ -77.661363045158041, 37.240649781762528 ], [ -77.66149197337522, 37.245943506160337 ], [ -77.656318129105827, 37.246589220571877 ], [ -77.655906444238894, 37.253742431862754 ], [ -77.648882400757387, 37.255573810004151 ], [ -77.650654449358655, 37.265248577594342 ] ] ] } },
{ "type": "Feature", "properties": { "County_Nam": "Surry", "FIPS": 181 }, "geometry": { "type": "Polygon", "coordinates": [ [ [ -76.97259113688412, 37.248291651732444 ], [ -76.939338523076714, 37.230876312698982 ], [ -76.915588396543995, 37.224145037943764 ], [ -76.81062597603372, 37.222986698298058 ], [ -76.79949698664727, 37.215754386277432 ], [ -76.760798037661218, 37.177162828845397 ], [ -76.749491953657611, 37.171633999993347 ], [ -76.728955324554704, 37.174585225232576 ], [ -76.714054098719018, 37.198954730027623 ], [ -76.703303834254399, 37.206581652816439 ], [ -76.691207196699722, 37.209713487544143 ], [ -76.673763863680634, 37.208899854367125 ], [ -76.659187565745015, 37.202390002501438 ], [ -76.643790069980142, 37.190141525963142 ], [ -76.641562545080376, 37.153900731470515 ], [ -76.675501164264688, 37.13895285177616 ], [ -76.672506799762843, 37.133168035029847 ], [ -76.677948913872129, 37.130725153262269 ], [ -76.68020253035273, 37.123746238478297 ], [ -76.676982618562462, 37.114357134031245 ], [ -76.679411647525413, 37.111641295389575 ], [ -76.675082960942376, 37.108399134177915 ], [ -76.678043343029174, 37.104078202285159 ], [ -76.680916307238192, 37.106906008185 ], [ -76.684225761306379, 37.103724668740348 ], [ -76.681679713712001, 37.0941480747491 ], [ -76.684421677327876, 37.088164862058441 ], [ -76.695608948681496, 37.083314010196688 ], [ -76.693179270744736, 37.073941029649411 ], [ -76.701287262784419, 37.066132116027163 ], [ -76.698916485040357, 37.058615140639866 ], [ -76.836754371070583, 37.002564906561638 ], [ -76.953411751522964, 36.94419585273485 ], [ -76.966120263135736, 37.000226429635426 ], [ -76.969706315577341, 37.040326869743879 ], [ -76.963623532902304, 37.042982904356386 ], [ -76.9654519005677, 37.05464251134665 ], [ -76.97750615013851, 37.05071753729726 ], [ -76.983412869641782, 37.053773463055528 ], [ -76.984548868812851, 37.049606235489158 ], [ -77.003127706079596, 37.051558423233026 ], [ -77.006314433846129, 37.058083989381728 ], [ -77.014341375091078, 37.057576086723898 ], [ -77.036196446902863, 37.070093414256561 ], [ -77.044644755191513, 37.070355821662488 ], [ -77.049556141661611, 37.0625199299187 ], [ -77.068816474320997, 37.068021182965502 ], [ -77.075082367198462, 37.066275828778259 ], [ -77.078537024115477, 37.068466257955322 ], [ -77.07543357660731, 37.071920728214288 ], [ -77.079757387747236, 37.08485269094723 ], [ -77.089437520489724, 37.082366141386586 ], [ -77.093014468662105, 37.086185288625288 ], [ -77.101928139401124, 37.084150627341224 ], [ -77.112243963755262, 37.100938243286564 ], [ -77.127762734404087, 37.097005952193115 ], [ -77.139619329245477, 37.104128815125605 ], [ -77.14907585937388, 37.101891529683805 ], [ -77.153049812180186, 37.104306892678181 ], [ -77.156206759691059, 37.11314950158615 ], [ -77.087630413061419, 37.169073537135908 ], [ -77.07816403805802, 37.173158290484736 ], [ -77.072696155504119, 37.184806129892984 ], [ -77.058888052247269, 37.190736273719423 ], [ -77.043914994915752, 37.192406155344571 ], [ -77.042933159034234, 37.195708232002175 ], [ -77.046364295147612, 37.198647961628502 ], [ -77.044221661432104, 37.202341875760119 ], [ -77.034283661770701, 37.203191243497777 ], [ -77.031833206331996, 37.198738226864904 ], [ -77.029065351542201, 37.201845508906786 ], [ -77.024139810104543, 37.200947426838589 ], [ -77.023982825383712, 37.207044964423602 ], [ -77.018259737152675, 37.206883543486271 ], [ -77.011796694118928, 37.212423707327872 ], [ -77.018887108245707, 37.219125637224913 ], [ -77.013419643606113, 37.224883238179842 ], [ -77.012114516413007, 37.233041647511513 ], [ -77.004804702827727, 37.231696601216228 ], [ -77.000889785071124, 37.239182552879747 ], [ -76.993388573967067, 37.236632318393802 ], [ -76.97259113688412, 37.248291651732444 ] ] ] } },
{ "type": "Feature", "properties": { "County_Nam": "Petersburg", "FIPS": 730 }, "geometry": { "type": "Polygon", "coordinates": [ [ [ -77.402403771803677, 37.239251098162576 ], [ -77.386146349582859, 37.238419610933668 ], [ -77.374606452702253, 37.24515845529335 ], [ -77.361278136060875, 37.238314458683689 ], [ -77.351161448043428, 37.224395918839718 ], [ -77.35413662082685, 37.222142318144058 ], [ -77.352233352289815, 37.219136263936818 ], [ -77.348287281282538, 37.219460180224679 ], [ -77.344948862102314, 37.213882423427009 ], [ -77.347020720858794, 37.210995752001956 ], [ -77.33901022447516, 37.210057021277002 ], [ -77.329694541365015, 37.197560381011378 ], [ -77.342921510647827, 37.189544349174618 ], [ -77.340777203696717, 37.184835018078566 ], [ -77.345933224001911, 37.18288998250322 ], [ -77.345726248823439, 37.174203969558924 ], [ -77.363598410177801, 37.17108639461388 ], [ -77.365498540068799, 37.174853896125278 ], [ -77.376727224323815, 37.175428937865021 ], [ -77.376962285016219, 37.180712161795448 ], [ -77.381988013299235, 37.180293505700142 ], [ -77.388796600172441, 37.174532733714635 ], [ -77.423441157277963, 37.164683780074057 ], [ -77.422611763663667, 37.180253539290696 ], [ -77.42717364951389, 37.184648195122456 ], [ -77.454808178777796, 37.187802846382553 ], [ -77.445582548787399, 37.195784719711355 ], [ -77.445961825615242, 37.203243429399741 ], [ -77.441531921682227, 37.211373667797524 ], [ -77.443180069239958, 37.216300835048713 ], [ -77.447417350097737, 37.215789749123438 ], [ -77.447378382785942, 37.222826748034109 ], [ -77.433437630289475, 37.225042712751609 ], [ -77.428936732848257, 37.229625429897716 ], [ -77.409943727495374, 37.233751386527231 ], [ -77.402403771803677, 37.239251098162576 ] ] ] } },
{ "type": "Feature", "properties": { "County_Nam": "Newport News", "FIPS": 700 }, "geometry": { "type": "Polygon", "coordinates": [ [ [ -76.641562545080376, 37.153900731470515 ], [ -76.605855042029447, 37.168455079631116 ], [ -76.599703903481782, 37.177287921704931 ], [ -76.591357271342062, 37.181668074973885 ], [ -76.581901583466134, 37.181954633846324 ], [ -76.578312751283391, 37.1905651230947 ], [ -76.583416034475462, 37.19314921894275 ], [ -76.592557597318645, 37.214622542766357 ], [ -76.586152385451655, 37.21923761463043 ], [ -76.58163212955192, 37.217560727789532 ], [ -76.58250995539052, 37.212731416315087 ], [ -76.575207599452753, 37.212977426793714 ], [ -76.565246522307447, 37.22068057095079 ], [ -76.46355801476119, 37.103212079833114 ], [ -76.444678565963258, 37.094932455853133 ], [ -76.431617151585215, 37.094966849060064 ], [ -76.453030313869633, 37.075883974288175 ], [ -76.445119412330868, 37.071525631760281 ], [ -76.450249371319714, 37.059797211426783 ], [ -76.448179997579658, 37.054939369889475 ], [ -76.450594460594942, 37.047243808706824 ], [ -76.44921851460245, 37.036960309625918 ], [ -76.442495975161421, 37.028702350089162 ], [ -76.442272497364129, 37.018483589897734 ], [ -76.424826655706653, 37.02533287568518 ], [ -76.404841696471976, 36.99352060748339 ], [ -76.399725637529698, 36.991016605926141 ], [ -76.40170104897166, 36.997142993385587 ], [ -76.395265365807688, 36.995476892197651 ], [ -76.361156811542202, 36.969644713941804 ], [ -76.374405169723019, 36.958026384258723 ], [ -76.387200035863003, 36.93859905675771 ], [ -76.395329987123787, 36.93181096792393 ], [ -76.410565332737406, 36.930959467737196 ], [ -76.439811879720537, 36.937833162082811 ], [ -76.470674390504087, 36.977248781673467 ], [ -76.578653673865333, 37.053245873519685 ], [ -76.6278961977048, 37.092541477232643 ], [ -76.645964282814177, 37.125407194404737 ], [ -76.641562545080376, 37.153900731470515 ] ] ] } },
{ "type": "Feature", "properties": { "County_Nam": "Charlotte", "FIPS": 37 }, "geometry": { "type": "Polygon", "coordinates": [ [ [ -78.681549465934012, 37.249643177518934 ], [ -78.692593559042621, 37.204422926955246 ], [ -78.686367299662976, 37.199776960240136 ], [ -78.686107854877321, 37.193904160795398 ], [ -78.680304778531024, 37.197400428200979 ], [ -78.666518501489492, 37.197554033314397 ], [ -78.64019285235743, 37.192601509526199 ], [ -78.63503139791051, 37.170122043839505 ], [ -78.623712976887361, 37.164459603400005 ], [ -78.620328546001318, 37.157737220055424 ], [ -78.604508468959139, 37.151646961832128 ], [ -78.597256560967054, 37.152529972435545 ], [ -78.593085817563761, 37.144205685139099 ], [ -78.583926966015582, 37.140685980021097 ], [ -78.568068304242601, 37.148686322207737 ], [ -78.546938732018916, 37.150396296272646 ], [ -78.542952195774603, 37.141181638156837 ], [ -78.52859627456175, 37.141142269352393 ], [ -78.51519899103846, 37.132729530392638 ], [ -78.502001760595206, 37.114551544695217 ], [ -78.503642096184109, 37.106364768897798 ], [ -78.48117200394644, 37.085354200583168 ], [ -78.459009100253198, 37.08564557358352 ], [ -78.447997579532057, 37.078125710736579 ], [ -78.443298379647558, 37.079381952477142 ], [ -78.49298556496484, 36.891116959470921 ], [ -78.648538318295067, 36.697970432167786 ], [ -78.665502882645711, 36.70631403947138 ], [ -78.670483502730704, 36.719789696679889 ], [ -78.691305711454774, 36.740114564867142 ], [ -78.680210975880101, 36.755959983969376 ], [ -78.668960067667399, 36.759402948095996 ], [ -78.666115015361768, 36.763443926894297 ], [ -78.683042998678147, 36.793578736564108 ], [ -78.680017075802269, 36.801799504069258 ], [ -78.668694985667571, 36.807357675975496 ], [ -78.667035554835223, 36.811904913243332 ], [ -78.679603031707188, 36.817996376383078 ], [ -78.687236200870586, 36.826906758935884 ], [ -78.684524302632454, 36.832119851045626 ], [ -78.666593836565056, 36.839635374220244 ], [ -78.670443689224186, 36.85654506603472 ], [ -78.673707464405155, 36.860313786249414 ], [ -78.687846054517252, 36.864402533303576 ], [ -78.695058748711077, 36.878659062688172 ], [ -78.706213578881204, 36.886394988118568 ], [ -78.72185827043721, 36.904293747599034 ], [ -78.75131220321299, 36.922251729290601 ], [ -78.748759065882311, 36.928835130975422 ], [ -78.73308929007419, 36.932271362285626 ], [ -78.727077538631519, 36.938364124169951 ], [ -78.735121608790195, 36.952715387400559 ], [ -78.740919539519481, 37.002596150182839 ], [ -78.749898457439699, 37.008249350448551 ], [ -78.757985383622298, 37.006008740671717 ], [ -78.759458179633469, 36.999959494623994 ], [ -78.750403319244242, 36.994268728894909 ], [ -78.748540842906252, 36.98667412986677 ], [ -78.753896315327438, 36.98411929229092 ], [ -78.764877818557579, 36.987289034868901 ], [ -78.77195795438783, 36.984428578223614 ], [ -78.775240270885064, 36.974143399352386 ], [ -78.773451004951838, 36.957843773746546 ], [ -78.787181914028494, 36.952551978409858 ], [ -78.794698229342288, 36.956077481076925 ], [ -78.795573235791124, 36.963991214399236 ], [ -78.801031558071145, 36.972688209240985 ], [ -78.8184493800252, 36.984515942823471 ], [ -78.843956180836429, 36.983197860517905 ], [ -78.869278745055055, 36.986114584655148 ], [ -78.890841597636907, 36.976946635430714 ], [ -78.897873609087014, 36.978134417263981 ], [ -78.901771309728517, 36.98722006758144 ], [ -78.891697255589975, 37.002089742393636 ], [ -78.90221931039639, 37.011252571128303 ], [ -78.904608586761967, 37.022344978752635 ], [ -78.824480483491186, 37.20557474871859 ], [ -78.805546491531587, 37.203286998317907 ], [ -78.776737728285681, 37.229276442399858 ], [ -78.764073327314989, 37.228669086994529 ], [ -78.753774962894838, 37.220586441824224 ], [ -78.742766079427867, 37.22432076778135 ], [ -78.734415061616275, 37.220219952169906 ], [ -78.72714191255136, 37.225364102425871 ], [ -78.720380070252133, 37.236935620259096 ], [ -78.7082149584257, 37.237095001987733 ], [ -78.681549465934012, 37.249643177518934 ] ] ] } },
{ "type": "Feature", "properties": { "County_Nam": "Pulaski", "FIPS": 155 }, "geometry": { "type": "Polygon", "coordinates": [ [ [ -80.854774924647003, 37.147612251477348 ], [ -80.815832378681193, 37.167657364421764 ], [ -80.800537897189258, 37.180011004353759 ], [ -80.710153773242439, 37.206081820842194 ], [ -80.672553701137673, 37.223937575939971 ], [ -80.612513655200274, 37.244017270625029 ], [ -80.606097596100099, 37.242839118074393 ], [ -80.615544760570543, 37.231620407137335 ], [ -80.614469070615556, 37.214667796288779 ], [ -80.588104604172855, 37.183371869044223 ], [ -80.582053803075794, 37.183766179560706 ], [ -80.562030329318148, 37.199277959688914 ], [ -80.5345855583396, 37.206197122865412 ], [ -80.51969000210336, 37.206365721505385 ], [ -80.514826642689073, 37.199615695281288 ], [ -80.51822842248437, 37.193177101308684 ], [ -80.527867541108463, 37.191470193662063 ], [ -80.537520379438988, 37.194463658026045 ], [ -80.551327419370693, 37.191940284160616 ], [ -80.565527195527338, 37.176027550124935 ], [ -80.55604151472798, 37.167984617691232 ], [ -80.550384184446131, 37.156666204606687 ], [ -80.53506496317425, 37.157835445073879 ], [ -80.529851065137152, 37.15443577287823 ], [ -80.525976481991108, 37.145927002198022 ], [ -80.528654642679257, 37.134430864515011 ], [ -80.532758887742503, 37.134258924141697 ], [ -80.548354573663062, 37.146419480471486 ], [ -80.55586898142235, 37.146316013108446 ], [ -80.590370126581391, 37.129664368752863 ], [ -80.596418243681669, 37.120861324650257 ], [ -80.591710537905996, 37.104467437679133 ], [ -80.580848605188592, 37.091008737626311 ], [ -80.575902461462661, 37.078834130349215 ], [ -80.567268712931735, 37.074264915347392 ], [ -80.560180146441496, 37.082581994249537 ], [ -80.556402453542489, 37.06577798017296 ], [ -80.546595523379366, 37.059160125354857 ], [ -80.552687795955407, 37.052072332635099 ], [ -80.543513146373215, 37.049478027011141 ], [ -80.544037743122203, 37.040364940028056 ], [ -80.54900352347984, 37.040203945754385 ], [ -80.555316682086456, 37.049682310185595 ], [ -80.563090533554188, 37.050590563195847 ], [ -80.565738876455327, 37.047431908403269 ], [ -80.562803030882279, 37.035384722759446 ], [ -80.55807750617123, 37.03805355529007 ], [ -80.555766425642474, 37.035337541670657 ], [ -80.556946362699762, 37.029761045295167 ], [ -80.562308962324892, 37.02572311898507 ], [ -80.561284261270345, 37.019624606434675 ], [ -80.54880175895984, 37.020848101415119 ], [ -80.543975908599194, 36.984606301003367 ], [ -80.548670948236889, 36.982371773959393 ], [ -80.548305076186381, 36.975657840178137 ], [ -80.552962804415927, 36.970183345453648 ], [ -80.564375605544001, 36.968789491670478 ], [ -80.568689832743758, 36.96039637515382 ], [ -80.58001866968884, 36.95760737201396 ], [ -80.597018011348709, 36.943264572432327 ], [ -80.627348028294023, 36.937648673729967 ], [ -80.636279339726585, 36.92740426932172 ], [ -80.653057913709389, 36.922978975342673 ], [ -80.65882798589216, 36.913706892394082 ], [ -80.676118848798978, 36.908127867141573 ], [ -80.680872604357575, 36.90938959761975 ], [ -80.679082223862963, 36.902829728023548 ], [ -80.682292000583843, 36.895401954497999 ], [ -80.691895434436006, 36.894875206584615 ], [ -80.740385688872109, 36.87901458303822 ], [ -80.802827636611326, 36.946714446710196 ], [ -80.801699641245094, 36.943868989195529 ], [ -80.80923316822286, 36.940477124227598 ], [ -80.812124688458113, 36.952608773149912 ], [ -80.809365979594375, 36.953468874308939 ], [ -80.833770375065939, 36.97780760200358 ], [ -80.893340725236598, 37.027490358841064 ], [ -80.921887809742458, 37.094019850635412 ], [ -80.930460383643521, 37.115235836690616 ], [ -80.895079830482416, 37.123443031870636 ], [ -80.854774924647003, 37.147612251477348 ] ] ] } },
{ "type": "Feature", "properties": { "County_Nam": "Wise", "FIPS": 195 }, "geometry": { "type": "Polygon", "coordinates": [ [ [ -82.553403564222762, 37.199928693975963 ], [ -82.546244474413754, 37.125001824671941 ], [ -82.496588113440481, 37.063403533322649 ], [ -82.49816026770614, 37.061718440611614 ], [ -82.492801895731532, 37.056716771322009 ], [ -82.494780507204723, 37.049418575876494 ], [ -82.491833993820251, 37.043433861981931 ], [ -82.476864257889048, 37.034744704691228 ], [ -82.478702142119658, 37.023035250914639 ], [ -82.467372336307164, 37.022138561895794 ], [ -82.395810345189759, 36.982311957697974 ], [ -82.378896610229262, 36.980326010803779 ], [ -82.37977988074897, 36.975182349101551 ], [ -82.372358552800478, 36.976021584531559 ], [ -82.366017812380321, 36.970490228937706 ], [ -82.363441800004153, 36.955680050413477 ], [ -82.348568636687389, 36.958158206282832 ], [ -82.32794765585929, 36.970912216665752 ], [ -82.298561618190107, 36.905430956215156 ], [ -82.31496076482108, 36.901970162249121 ], [ -82.316389994368706, 36.907662812686922 ], [ -82.319159776549313, 36.907192168260323 ], [ -82.320801999434877, 36.903337498029352 ], [ -82.316375782317081, 36.897214439513341 ], [ -82.319200640251665, 36.88729404921385 ], [ -82.32822586909036, 36.899650478517025 ], [ -82.328800204253582, 36.891373788453507 ], [ -82.334514208084329, 36.890623447215937 ], [ -82.336244150086088, 36.887174658798955 ], [ -82.341893956433779, 36.896461061827864 ], [ -82.351106019316163, 36.892389443536651 ], [ -82.35914626813603, 36.894494936290343 ], [ -82.358748536079375, 36.8881271000173 ], [ -82.370057452466668, 36.893421236679721 ], [ -82.406818729331732, 36.87648221433119 ], [ -82.402096500343163, 36.882329671363117 ], [ -82.403408778265202, 36.885485261601332 ], [ -82.634259534921171, 36.878690880576173 ], [ -82.650560909154038, 36.861885652156055 ], [ -82.652716912361072, 36.856685484451461 ], [ -82.650577193674295, 36.853876809861774 ], [ -82.653826695340527, 36.853295371312875 ], [ -82.657044212708996, 36.845029654654695 ], [ -82.673696660987872, 36.837517412508021 ], [ -82.690908457519186, 36.820459587884997 ], [ -82.702188381359662, 36.817011506882999 ], [ -82.706819317174421, 36.823118657729232 ], [ -82.722312110370737, 36.825501584321074 ], [ -82.722747850433962, 36.832214834038552 ], [ -82.737164198143404, 36.827198259708176 ], [ -82.748293755577038, 36.832805859178556 ], [ -82.772892292599551, 36.806723248752803 ], [ -82.773696232066669, 36.803437854851339 ], [ -82.769109595156777, 36.79895826557479 ], [ -82.835366978938282, 36.848006551384621 ], [ -82.847770041517435, 36.848099944435532 ], [ -82.8491969356661, 36.855173392277344 ], [ -82.844230633053641, 36.858090709965758 ], [ -82.852410351955669, 36.864946766388897 ], [ -82.851203984401579, 36.870082354954498 ], [ -82.861564843664368, 36.876012602970214 ], [ -82.871047164917712, 36.889011334814654 ], [ -82.878533725845728, 36.893362542015147 ], [ -82.867938913254818, 36.900050772614478 ], [ -82.877038507857705, 36.909035090977 ], [ -82.857722096636905, 36.928743938021412 ], [ -82.862276055205143, 36.94129138642306 ], [ -82.85565744239571, 36.954178365613132 ], [ -82.866020536802367, 36.95877257272155 ], [ -82.870072059518648, 36.96497385809019 ], [ -82.868289387105776, 36.976686947832725 ], [ -82.862701819331789, 36.980258486870859 ], [ -82.857110339709052, 36.978772200725189 ], [ -82.853467582025132, 36.985297611997389 ], [ -82.844968061422108, 36.983739137495675 ], [ -82.837324468179318, 36.987071165530097 ], [ -82.830179496165016, 36.994358741414032 ], [ -82.828662822207832, 37.005785601919911 ], [ -82.822539744967997, 37.004111343089136 ], [ -82.816307488999868, 37.007424715355391 ], [ -82.813320710134107, 37.005208379286685 ], [ -82.797930020538871, 37.009513847804456 ], [ -82.793732846545154, 37.005423529460437 ], [ -82.788381120145374, 37.00865010244074 ], [ -82.782531806287281, 37.007874127169487 ], [ -82.777180893189325, 37.015981482018326 ], [ -82.771925858640017, 37.015653628932029 ], [ -82.759166648070334, 37.027353423737353 ], [ -82.747863527987917, 37.024410012518494 ], [ -82.742745358198064, 37.042807258046011 ], [ -82.724291189699713, 37.042772559990993 ], [ -82.722238613692753, 37.057978335405643 ], [ -82.726748820997287, 37.073165417419858 ], [ -82.716641179632944, 37.077382008946302 ], [ -82.72504645883636, 37.091695793937511 ], [ -82.721611214708759, 37.101228882864099 ], [ -82.726707183550289, 37.114978296611007 ], [ -82.721544180966006, 37.120694595621842 ], [ -82.682598166670104, 37.137022573763851 ], [ -82.674547857067012, 37.135894284192553 ], [ -82.667762219081993, 37.141806843742337 ], [ -82.656710868830274, 37.144622601727932 ], [ -82.65123162436835, 37.151895670126976 ], [ -82.647279902500529, 37.150121597411619 ], [ -82.633548284883943, 37.154290417139528 ], [ -82.623540854109024, 37.164534304238266 ], [ -82.597122740139525, 37.177004552536303 ], [ -82.592244568896731, 37.18300271768252 ], [ -82.553691316125466, 37.202759416976356 ], [ -82.553403564222762, 37.199928693975963 ] ], [ [ -82.622426853230394, 36.953728201764669 ], [ -82.634099203461915, 36.952510528352619 ], [ -82.646046492016609, 36.938189664303636 ], [ -82.645236562982078, 36.935285820163301 ], [ -82.654727389788818, 36.92987763295929 ], [ -82.655685794741004, 36.923111554988921 ], [ -82.663382877961197, 36.921180035724412 ], [ -82.662196002928084, 36.918644774354348 ], [ -82.652019688191771, 36.917443432272499 ], [ -82.651679525450078, 36.913870720802265 ], [ -82.647001146499647, 36.915030407722064 ], [ -82.64923695058674, 36.909287702847671 ], [ -82.644262971345128, 36.899794501231 ], [ -82.636709767418523, 36.906229639747103 ], [ -82.614854026401218, 36.905100864309951 ], [ -82.612053825799052, 36.912041740685723 ], [ -82.620042351827749, 36.914732300158811 ], [ -82.622370380862009, 36.925395745260708 ], [ -82.617743384473954, 36.932452490800003 ], [ -82.590281604213615, 36.935415459441018 ], [ -82.592184567117613, 36.940580907757159 ], [ -82.589398868184801, 36.943343290549308 ], [ -82.598636059182141, 36.941827165124856 ], [ -82.589166770625383, 36.95077739731876 ], [ -82.594255446895559, 36.955715403636766 ], [ -82.605651492470741, 36.958837150722573 ], [ -82.611437930967796, 36.948014393151354 ], [ -82.615142477885385, 36.951192665038356 ], [ -82.612629907108612, 36.951053516121426 ], [ -82.611662182427281, 36.955540404329803 ], [ -82.622426853230394, 36.953728201764669 ] ] ] } },
{ "type": "Feature", "properties": { "County_Nam": null, "FIPS": 901 }, "geometry": { "type": "Polygon", "coordinates": [ [ [ -76.396459992712423, 37.168381048602363 ], [ -76.380314763895541, 37.170763439101023 ], [ -76.368358070842433, 37.189552226657625 ], [ -76.175239065077719, 37.19221012437594 ], [ -76.146480780702248, 37.157257672294406 ], [ -76.12903335895011, 37.12600467127745 ], [ -76.127375509147541, 37.117440501731402 ], [ -76.251869297452131, 37.11580273108688 ], [ -76.294002531227648, 37.126116609572321 ], [ -76.311225152560979, 37.138147633571542 ], [ -76.326412869724919, 37.141027619519654 ], [ -76.330315730800962, 37.142903798152581 ], [ -76.328555401233857, 37.145740253085215 ], [ -76.334544028614943, 37.144906882280388 ], [ -76.332866419622192, 37.147397702146435 ], [ -76.33820272543251, 37.14885865411545 ], [ -76.337711651176036, 37.152701696371693 ], [ -76.332800305019845, 37.152851622563404 ], [ -76.338590830473066, 37.154165487221114 ], [ -76.343554616070293, 37.161128632478693 ], [ -76.3404274846487, 37.163153741095769 ], [ -76.340593265944833, 37.168393212240119 ], [ -76.336943721527888, 37.165043078182499 ], [ -76.338962701591726, 37.169378326475581 ], [ -76.35964715104204, 37.168965007455611 ], [ -76.374511610469767, 37.161645994778524 ], [ -76.373048213166157, 37.156412588610458 ], [ -76.379475522129681, 37.154062107977857 ], [ -76.399944941691487, 37.160282692425923 ], [ -76.396459992712423, 37.168381048602363 ] ] ] } },
{ "type": "Feature", "properties": { "County_Nam": "Franklin", "FIPS": 67 }, "geometry": { "type": "Polygon", "coordinates": [ [ [ -79.846977143308266, 37.225312206255055 ], [ -79.843017231185684, 37.216410554541902 ], [ -79.833536467513426, 37.215974879356487 ], [ -79.829986481291641, 37.219618767793371 ], [ -79.830539990995007, 37.224659531036515 ], [ -79.825947763718176, 37.222683654700795 ], [ -79.818402488282558, 37.226485886732462 ], [ -79.805010715077159, 37.214914291132736 ], [ -79.794532713872655, 37.219775359673719 ], [ -79.796648033533984, 37.226216375179987 ], [ -79.793937187979509, 37.2318852161428 ], [ -79.779851292981064, 37.231904508302257 ], [ -79.781001859877762, 37.225540391160713 ], [ -79.774193234543276, 37.216078266627662 ], [ -79.780050619190789, 37.213639479181232 ], [ -79.776880896066274, 37.202731094449845 ], [ -79.768043775115558, 37.197522471441189 ], [ -79.761773574479832, 37.201451983580363 ], [ -79.756756733446196, 37.189442113016824 ], [ -79.732332573154082, 37.187196470891749 ], [ -79.724074467430043, 37.19261980961673 ], [ -79.718397675658721, 37.189894924466557 ], [ -79.718302047281824, 37.183626055388729 ], [ -79.709063356432111, 37.168452400465561 ], [ -79.711189345296617, 37.162678099391556 ], [ -79.703561380687503, 37.150139242226423 ], [ -79.700477554008287, 37.149106880341449 ], [ -79.696257878554562, 37.1532395390131 ], [ -79.703087337563176, 37.162167714299066 ], [ -79.701600942115547, 37.164298250976181 ], [ -79.68826259361208, 37.149706802551833 ], [ -79.680635124776202, 37.156002672855294 ], [ -79.670950677104344, 37.150036401375957 ], [ -79.664408273867863, 37.143395972788788 ], [ -79.663225258971096, 37.137365690413503 ], [ -79.651383543537804, 37.126891806052221 ], [ -79.640886999256509, 37.102885875428868 ], [ -79.626506917237933, 37.092285876778384 ], [ -79.615159772190253, 37.091389466445058 ], [ -79.611499121459943, 37.082462756126404 ], [ -79.622136154181902, 37.083195923829045 ], [ -79.622607995453052, 37.079383538233756 ], [ -79.593086362229059, 37.053137885339119 ], [ -79.59371669964402, 37.048033737777232 ], [ -79.602627249963504, 37.049090260304077 ], [ -79.594022471049385, 37.042311731022032 ], [ -79.640635960290794, 36.856115717804869 ], [ -79.65708525418448, 36.840474668840642 ], [ -79.658663359423329, 36.833723749146742 ], [ -79.668626775585935, 36.827605051729186 ], [ -79.674558576905028, 36.82933280710732 ], [ -79.687093868417719, 36.824934639200116 ], [ -79.687488032983609, 36.828613478038804 ], [ -79.691361330703515, 36.828720059802755 ], [ -79.736483378319107, 36.812693284359405 ], [ -79.750268847735839, 36.799078799835087 ], [ -79.748988936623931, 36.794112733845679 ], [ -79.761729338363892, 36.788309018663504 ], [ -79.764202912003782, 36.799160445597693 ], [ -79.769926562484471, 36.794398993124517 ], [ -79.787356816364323, 36.800658759682428 ], [ -79.802240926937301, 36.792141021495539 ], [ -79.999884314614704, 36.830634937142889 ], [ -80.012155799442354, 36.789424405798918 ], [ -80.016325490980236, 36.79344680829616 ], [ -80.027606431963846, 36.791920035460763 ], [ -80.013218860584445, 36.783893043160418 ], [ -80.024821688120497, 36.780637495985005 ], [ -80.035834270081949, 36.786496579491896 ], [ -80.045099898228131, 36.802158886446691 ], [ -80.071497109886465, 36.821174756523391 ], [ -80.070489413216407, 36.830126014818759 ], [ -80.077027513587041, 36.831086612999968 ], [ -80.078832905265628, 36.835340644213908 ], [ -80.069666468950686, 36.834301242302871 ], [ -80.066630870050659, 36.841146486840429 ], [ -80.074099378804377, 36.846326774852685 ], [ -80.085301833134636, 36.848948840489577 ], [ -80.089077578596218, 36.845704856819992 ], [ -80.099064897068487, 36.845766366949952 ], [ -80.235578639151541, 36.8722070902285 ], [ -80.198905538038886, 36.901535284704224 ], [ -80.197850333256056, 36.921152899670233 ], [ -80.191825858848304, 36.921945781361842 ], [ -80.189855477736572, 36.929496625809819 ], [ -80.182493793544083, 36.935005866151506 ], [ -80.184914679448141, 36.939703792152621 ], [ -80.179287357256399, 36.942117341308013 ], [ -80.175469165606685, 36.950841799143639 ], [ -80.162037454807887, 36.95500795039365 ], [ -80.158361922094386, 36.948769710640562 ], [ -80.151619167631637, 36.951847999552584 ], [ -80.145028474489138, 36.949566084644601 ], [ -80.145706004706938, 36.954759294641356 ], [ -80.14010145275067, 36.963698999378146 ], [ -80.134572940743098, 36.965030774756741 ], [ -80.144165686220447, 36.980095752490293 ], [ -80.137757409067021, 36.982888327442716 ], [ -80.137569316847959, 36.986011685541172 ], [ -80.121486239974871, 36.991371432463644 ], [ -80.125422454828566, 36.99624135239705 ], [ -80.135482208107192, 36.998311612644642 ], [ -80.134872103276649, 37.004965023995993 ], [ -80.122918906386275, 37.004775468163658 ], [ -80.121209809748052, 37.00835727064775 ], [ -80.113481970640947, 37.009382387704321 ], [ -80.116275818728312, 37.011118666843259 ], [ -80.112495137634568, 37.014317332985541 ], [ -80.115821732387346, 37.025043575224039 ], [ -80.10458573556275, 37.026229524422668 ], [ -80.111717923777761, 37.031132809632318 ], [ -80.114342101112328, 37.039512232108791 ], [ -80.112077625719493, 37.046929187825498 ], [ -80.11976036862805, 37.049629499569747 ], [ -80.123522420792881, 37.055346442637003 ], [ -80.117846184138187, 37.064739723552016 ], [ -80.112624334170008, 37.064537516665034 ], [ -80.107949173988445, 37.078594085422033 ], [ -80.115833040177463, 37.09047793437891 ], [ -80.112113770514284, 37.0945851744019 ], [ -80.113046010682865, 37.097785022203986 ], [ -80.12362677699079, 37.107521333237479 ], [ -80.121385817629587, 37.111021186252721 ], [ -80.122928172844837, 37.118986018966616 ], [ -80.128197015015402, 37.123033814036091 ], [ -80.122039212268817, 37.128005766133924 ], [ -80.12246212967186, 37.131652293313067 ], [ -80.117953285962486, 37.130199829990907 ], [ -80.107042926890344, 37.1381186980745 ], [ -80.108060496200665, 37.143508999638641 ], [ -80.104820845215599, 37.149873465752187 ], [ -80.090036770095352, 37.15246985163737 ], [ -80.08607713878888, 37.162059291785269 ], [ -80.079428229156889, 37.161456634462233 ], [ -80.075023541073165, 37.157190887206596 ], [ -80.072049045613525, 37.161766448438634 ], [ -80.044371752750919, 37.166276546675377 ], [ -80.03114752457941, 37.174897288787406 ], [ -80.022955939550172, 37.170316034393899 ], [ -80.008178482853069, 37.172474296903395 ], [ -80.001282873457285, 37.165854655126367 ], [ -80.005980440726262, 37.156976840658189 ], [ -80.000708574981545, 37.151637681014513 ], [ -79.991383974327377, 37.15274810503491 ], [ -79.989748357819735, 37.143686053133102 ], [ -79.975284797032614, 37.143156657546683 ], [ -79.97364561906906, 37.139477269660219 ], [ -79.965283370980586, 37.137334434505888 ], [ -79.953562472991649, 37.139415645159644 ], [ -79.945070434450713, 37.15093095545808 ], [ -79.938716477280792, 37.150994029878461 ], [ -79.913751297378681, 37.165303986875259 ], [ -79.911045809061761, 37.177992401082868 ], [ -79.89503292349977, 37.182492447475099 ], [ -79.891871484028357, 37.187394708147515 ], [ -79.89383213538251, 37.199157844906843 ], [ -79.886549048517324, 37.200731342672483 ], [ -79.883474421137649, 37.209240653439082 ], [ -79.871066620148468, 37.216371596670193 ], [ -79.861195027020443, 37.217325548618852 ], [ -79.858391286871694, 37.213122555091729 ], [ -79.852377054262305, 37.214731608705065 ], [ -79.85023451644166, 37.216283795548421 ], [ -79.852865025153704, 37.218181283105551 ], [ -79.852036446002927, 37.223052690503579 ], [ -79.846977143308266, 37.225312206255055 ] ] ] } },
{ "type": "Feature", "properties": { "County_Nam": "Poquoson", "FIPS": 735 }, "geometry": { "type": "Polygon", "coordinates": [ [ [ -76.396444472682816, 37.168415596545856 ], [ -76.399944941691487, 37.160282692425923 ], [ -76.379475522129681, 37.154062107977857 ], [ -76.373048213166157, 37.156412588610458 ], [ -76.374511610469767, 37.161645994778524 ], [ -76.35964715104204, 37.168965007455611 ], [ -76.338798295934097, 37.169296807511451 ], [ -76.336943721527888, 37.165043078182499 ], [ -76.340593265944833, 37.168393212240119 ], [ -76.3404274846487, 37.163153741095769 ], [ -76.342373862674734, 37.164193068649524 ], [ -76.343490933192015, 37.160811628051242 ], [ -76.338590830473066, 37.154165487221114 ], [ -76.334647121400621, 37.154173870979257 ], [ -76.332800305019845, 37.152851622563404 ], [ -76.337539749507002, 37.152951506355272 ], [ -76.33820272543251, 37.14885865411545 ], [ -76.332866419622192, 37.147397702146435 ], [ -76.334544028614943, 37.144906882280388 ], [ -76.331504237446808, 37.143561971715265 ], [ -76.329746044810662, 37.145654804222218 ], [ -76.328555401233857, 37.145740253085215 ], [ -76.330121558974724, 37.142766265801775 ], [ -76.311225152560979, 37.138147633571542 ], [ -76.302513820117539, 37.130257591458509 ], [ -76.295881510849256, 37.128680740436998 ], [ -76.292528486860334, 37.124147439068928 ], [ -76.296466821930935, 37.121501798498926 ], [ -76.293153619024324, 37.114138973101809 ], [ -76.303379527184191, 37.102193320175552 ], [ -76.321963144996531, 37.102999495544346 ], [ -76.339873298249259, 37.096320072174201 ], [ -76.347357120071209, 37.098831235847584 ], [ -76.351958373378679, 37.107646000462353 ], [ -76.366169937104601, 37.113026542783103 ], [ -76.375446316957778, 37.108953393783558 ], [ -76.383475703513199, 37.112147725454193 ], [ -76.388015277562758, 37.108892637011287 ], [ -76.384610474483978, 37.10516475668895 ], [ -76.393689549256607, 37.108411491063947 ], [ -76.39468877044547, 37.106132840531622 ], [ -76.407870742381718, 37.129153179943529 ], [ -76.410397749198466, 37.126637685611811 ], [ -76.410332080428915, 37.134678516458457 ], [ -76.4137680894233, 37.138335402765712 ], [ -76.413801766959594, 37.154354216952797 ], [ -76.403511650414359, 37.168472826072573 ], [ -76.396444472682816, 37.168415596545856 ] ] ] } },
{ "type": "Feature", "properties": { "County_Nam": "Isle of Wight", "FIPS": 93 }, "geometry": { "type": "Polygon", "coordinates": [ [ [ -76.641562545080376, 37.153900731470515 ], [ -76.645964282814177, 37.125407194404737 ], [ -76.6278961977048, 37.092541477232643 ], [ -76.578653673865333, 37.053245873519685 ], [ -76.470674390504087, 36.977248781673467 ], [ -76.444178135618515, 36.941525415352686 ], [ -76.469938214353604, 36.930401745054965 ], [ -76.489116207153046, 36.928188810486574 ], [ -76.500774186600594, 36.914345537587856 ], [ -76.519548508333003, 36.906474385863568 ], [ -76.525167521600423, 36.9078761406616 ], [ -76.527712490661983, 36.915985180750624 ], [ -76.533864408344229, 36.915491264367937 ], [ -76.763141553357087, 36.740990838288312 ], [ -76.891580030118078, 36.648701555617691 ], [ -76.897723548477742, 36.644344834006169 ], [ -76.909546609890825, 36.648063189836279 ], [ -76.913209864368426, 36.651350679097533 ], [ -76.913638876850484, 36.65934561468886 ], [ -76.917827526725546, 36.661628497802489 ], [ -76.912030328695423, 36.67265299792561 ], [ -76.918999539420398, 36.674483260273753 ], [ -76.917722657443946, 36.680360410655439 ], [ -76.924735969170385, 36.68207469143038 ], [ -76.917694993920165, 36.687272006980145 ], [ -76.919697761180061, 36.689150590041905 ], [ -76.9122575856358, 36.698419142194126 ], [ -76.915651138679721, 36.700953698364579 ], [ -76.925938031930428, 36.698367506410506 ], [ -76.930240931425928, 36.705186368322217 ], [ -76.925654175286823, 36.705522082237465 ], [ -76.922879697219471, 36.715804059057945 ], [ -76.918463506815741, 36.716145759353843 ], [ -76.920735851578613, 36.718308392748547 ], [ -76.916610966104784, 36.718059443697911 ], [ -76.914170070025222, 36.721701896401392 ], [ -76.916611995660745, 36.724251711910227 ], [ -76.913522778501758, 36.725479959269229 ], [ -76.916951783114499, 36.73376449711995 ], [ -76.91522154815442, 36.736618099335999 ], [ -76.909085228566965, 36.741680928410254 ], [ -76.90395981027045, 36.739047763857606 ], [ -76.89484877098468, 36.746931355503953 ], [ -76.901517694817571, 36.757165750419531 ], [ -76.898031054246829, 36.762300617288034 ], [ -76.890538558841314, 36.760680336349033 ], [ -76.88465652373948, 36.764489564963711 ], [ -76.889685919077351, 36.771866260686714 ], [ -76.885113203763012, 36.775674980593237 ], [ -76.887011885328178, 36.777598562775623 ], [ -76.865577729548278, 36.789636462142049 ], [ -76.861781067531638, 36.801028332421239 ], [ -76.868868671123295, 36.808603460176457 ], [ -76.864159339636132, 36.813711489118319 ], [ -76.862241314534657, 36.826628707672064 ], [ -76.858992224617239, 36.824712358069824 ], [ -76.85563308420123, 36.827094856759025 ], [ -76.85985520313578, 36.834697151559155 ], [ -76.849668364834741, 36.845086517536672 ], [ -76.848660463949557, 36.849960504641935 ], [ -76.851924324455055, 36.853790014902913 ], [ -76.840812277519788, 36.85583298275214 ], [ -76.833809288160282, 36.863048447007088 ], [ -76.838776081188655, 36.866692028036567 ], [ -76.831326791337531, 36.869184397712871 ], [ -76.828103899581549, 36.876852723460608 ], [ -76.821179281098992, 36.877105539912456 ], [ -76.817860544174195, 36.881926782866721 ], [ -76.827383070011265, 36.885985504472202 ], [ -76.825768857398089, 36.891215631941776 ], [ -76.81950775590073, 36.892780898459733 ], [ -76.81499484246099, 36.900220743260263 ], [ -76.815686057406978, 36.905397456971635 ], [ -76.819141024865928, 36.907151802107357 ], [ -76.815796610636554, 36.914555740007664 ], [ -76.828599112967922, 36.920990991379796 ], [ -76.834386408865058, 36.917674923139479 ], [ -76.836332830096993, 36.92341796889999 ], [ -76.8314683996784, 36.929423942240405 ], [ -76.837931455915097, 36.928544429722059 ], [ -76.844162157332988, 36.931830132125725 ], [ -76.845386592597251, 36.940977771941604 ], [ -76.852171943647605, 36.946057095225065 ], [ -76.852938624235037, 36.953077843044163 ], [ -76.859109724243524, 36.956241970728009 ], [ -76.850867994164901, 36.975118578362178 ], [ -76.854299432763881, 36.979094002429875 ], [ -76.849473297083918, 36.996152709785946 ], [ -76.771454588629808, 37.031109059199458 ], [ -76.698383664881888, 37.058976544941338 ], [ -76.701287262784419, 37.066132116027163 ], [ -76.693179270744736, 37.073941029649411 ], [ -76.695608948681496, 37.083314010196688 ], [ -76.684421677327876, 37.088164862058441 ], [ -76.681679713712001, 37.0941480747491 ], [ -76.684225761306379, 37.103724668740348 ], [ -76.680916307238192, 37.106906008185 ], [ -76.678043343029174, 37.104078202285159 ], [ -76.675082960942376, 37.108399134177915 ], [ -76.679411647525413, 37.111641295389575 ], [ -76.676982618562462, 37.114357134031245 ], [ -76.68020253035273, 37.123746238478297 ], [ -76.677948913872129, 37.130725153262269 ], [ -76.672506799762843, 37.133168035029847 ], [ -76.675501164264688, 37.13895285177616 ], [ -76.641562545080376, 37.153900731470515 ] ] ] } },
{ "type": "Feature", "properties": { "County_Nam": null, "FIPS": 901 }, "geometry": { "type": "Polygon", "coordinates": [ [ [ -76.29240196030409, 37.125655892659275 ], [ -76.251635057151333, 37.115776644025807 ], [ -76.127375509147541, 37.117440501731402 ], [ -76.131335747234914, 37.082348324164862 ], [ -76.141459590846793, 37.052406422496873 ], [ -76.136005877718873, 37.03925475767695 ], [ -76.202893760471326, 36.987649034894233 ], [ -76.23931127710047, 36.947649580147115 ], [ -76.260489209668009, 36.960836174665332 ], [ -76.257142233728985, 36.964058118574961 ], [ -76.257287339458813, 36.964151229568927 ], [ -76.260555322209115, 36.96086476846741 ], [ -76.281241720653071, 36.968906958712338 ], [ -76.330632346831493, 36.963861239898314 ], [ -76.335750796124358, 36.92365321165552 ], [ -76.338688306672651, 36.923345214825588 ], [ -76.337354891543939, 36.941473874420254 ], [ -76.380874238712224, 36.949329508323487 ], [ -76.361156811542202, 36.969644713941804 ], [ -76.386650455390651, 36.988970681669329 ], [ -76.370445396545961, 36.999272445861635 ], [ -76.349563071185372, 37.003741417056901 ], [ -76.340266989620332, 37.01501249297889 ], [ -76.326041622530596, 37.010298106387687 ], [ -76.318905367290554, 37.01269639893696 ], [ -76.313686148773442, 36.999767733554599 ], [ -76.30277793569843, 37.002504205416692 ], [ -76.278855831358243, 37.07169890878879 ], [ -76.273975716782999, 37.073033593256405 ], [ -76.277267329188192, 37.074154210311512 ], [ -76.270390830128804, 37.087234715001692 ], [ -76.278850278161016, 37.100781453854836 ], [ -76.291686605379951, 37.109405880043333 ], [ -76.296466821930935, 37.121501798498926 ], [ -76.29240196030409, 37.125655892659275 ] ] ] } },
{ "type": "Feature", "properties": { "County_Nam": "Russell", "FIPS": 167 }, "geometry": { "type": "Polygon", "coordinates": [ [ [ -81.900913945757083, 37.142752772514712 ], [ -81.88981669973866, 37.110871519469761 ], [ -81.818420640168924, 37.042633661956351 ], [ -81.805424784010128, 37.018657257609163 ], [ -81.780579436561098, 36.958588248743354 ], [ -81.818955740470358, 36.947522020628661 ], [ -81.833820394961194, 36.929278885976331 ], [ -81.843331355018293, 36.924853100421267 ], [ -81.85885377901748, 36.908348286793156 ], [ -81.88527381787371, 36.889574612279503 ], [ -81.947116322557079, 36.864711642421497 ], [ -81.959250336189214, 36.865019133548621 ], [ -81.964480302534653, 36.870205615761733 ], [ -81.97656267242148, 36.869688908780709 ], [ -81.983272005005531, 36.879267238320878 ], [ -82.077935967308463, 36.8550022013766 ], [ -82.107660872108411, 36.835434409737587 ], [ -82.114715994223943, 36.826476017456308 ], [ -82.116962465856489, 36.818033590417734 ], [ -82.11121971970077, 36.80554263153472 ], [ -82.103945647235818, 36.79887113848325 ], [ -82.107415004928569, 36.796393618840078 ], [ -82.11310286887992, 36.79689951270089 ], [ -82.128385045363729, 36.789732233566752 ], [ -82.19127980252189, 36.774247357975334 ], [ -82.224771710150037, 36.762708045449983 ], [ -82.25148793947524, 36.74888345727836 ], [ -82.30045249012737, 36.730739435201805 ], [ -82.33214384947587, 36.709186418842329 ], [ -82.357027659215987, 36.780462097966804 ], [ -82.406818729331732, 36.87648221433119 ], [ -82.370057452466668, 36.893421236679721 ], [ -82.358748536079375, 36.8881271000173 ], [ -82.35914626813603, 36.894494936290343 ], [ -82.351106019316163, 36.892389443536651 ], [ -82.341893956433779, 36.896461061827864 ], [ -82.336244150086088, 36.887174658798955 ], [ -82.334514208084329, 36.890623447215937 ], [ -82.328800204253582, 36.891373788453507 ], [ -82.32822586909036, 36.899650478517025 ], [ -82.319200640251665, 36.88729404921385 ], [ -82.316375782317081, 36.897214439513341 ], [ -82.320801999434877, 36.903337498029352 ], [ -82.319159776549313, 36.907192168260323 ], [ -82.316389994368706, 36.907662812686922 ], [ -82.31496076482108, 36.901970162249121 ], [ -82.298561618190107, 36.905430956215156 ], [ -82.32794765585929, 36.970912216665752 ], [ -82.287064717983583, 36.997289764825418 ], [ -82.274741669965536, 37.001319487227782 ], [ -82.261882220347189, 36.98933425419969 ], [ -82.247040878094609, 36.993419248984097 ], [ -82.240503040168093, 37.002329682208874 ], [ -82.231876547911298, 37.00504439962581 ], [ -82.196369146208255, 37.030894813201982 ], [ -82.195354259403729, 37.027815110212543 ], [ -82.184305281937498, 37.026633042726964 ], [ -82.180102815799501, 37.035038594081342 ], [ -82.168461125102525, 37.041168393837509 ], [ -82.160534718298848, 37.037030531820996 ], [ -82.150114762273503, 37.04160241572054 ], [ -82.141234182412575, 37.040006028469996 ], [ -82.135727778308478, 37.043647264083454 ], [ -82.126986967797436, 37.039032306690565 ], [ -82.120144722624602, 37.041559336182239 ], [ -82.118165349406624, 37.038901352506436 ], [ -82.107115927633501, 37.041496932445668 ], [ -82.107227677131391, 37.048079547888811 ], [ -82.096777698222084, 37.051884019005307 ], [ -82.087743945632624, 37.041420667131192 ], [ -82.075577575519333, 37.038183618753365 ], [ -82.056391364680366, 37.048040463301056 ], [ -82.04467354458798, 37.046574795659019 ], [ -82.035635174072212, 37.051857171188139 ], [ -82.031615659072159, 37.065111809011114 ], [ -82.017933605382495, 37.068404826978202 ], [ -82.0213036794716, 37.074548842041594 ], [ -82.01384903957846, 37.079467832433885 ], [ -82.015248183168296, 37.082704226062681 ], [ -82.021186602753843, 37.083711617642365 ], [ -82.021190855743825, 37.089079806540873 ], [ -82.012717617455607, 37.098107691237978 ], [ -82.0168941951016, 37.102008797328438 ], [ -82.010328484895425, 37.107351602549777 ], [ -82.011709584952541, 37.111943031727449 ], [ -82.006688501435178, 37.115489058417225 ], [ -82.007829854047372, 37.119867628232143 ], [ -82.000303172464712, 37.118088048686367 ], [ -81.990853326158017, 37.12869742825503 ], [ -81.987347624337971, 37.123646841865543 ], [ -81.976833592099126, 37.120531299616033 ], [ -81.967153530810606, 37.122405752953 ], [ -81.963934738671085, 37.12800945388026 ], [ -81.953125757899159, 37.125804319224827 ], [ -81.946290064919381, 37.130082364024048 ], [ -81.9312284483578, 37.12662539811992 ], [ -81.929737417263013, 37.131586916961687 ], [ -81.923368780808318, 37.134034670180768 ], [ -81.914539908472818, 37.130573852970834 ], [ -81.909265702417315, 37.14030023154929 ], [ -81.900913945757083, 37.142752772514712 ] ] ] } },
{ "type": "Feature", "properties": { "County_Nam": "Hampton", "FIPS": 650 }, "geometry": { "type": "Polygon", "coordinates": [ [ [ -76.293153619024324, 37.114138973101809 ], [ -76.291686605379951, 37.109405880043333 ], [ -76.278108718396652, 37.099971458840749 ], [ -76.270390830128804, 37.087234715001692 ], [ -76.277267329188192, 37.074154210311512 ], [ -76.273975716782999, 37.073033593256405 ], [ -76.278855831358243, 37.07169890878879 ], [ -76.279961129252058, 37.062837831404217 ], [ -76.291711857863504, 37.036827723625571 ], [ -76.289454244239437, 37.036117656937186 ], [ -76.291719059759728, 37.036775816468484 ], [ -76.295809408361478, 37.026732774509696 ], [ -76.296030035409927, 37.017119487046614 ], [ -76.304152928593041, 37.001188873350877 ], [ -76.313686148773442, 36.999767733554599 ], [ -76.318905367290554, 37.01269639893696 ], [ -76.326041622530596, 37.010298106387687 ], [ -76.340266989620332, 37.01501249297889 ], [ -76.349563071185372, 37.003741417056901 ], [ -76.370445396545961, 36.999272445861635 ], [ -76.386650455390651, 36.988970681669329 ], [ -76.400387751426223, 36.997379334259868 ], [ -76.399725637529698, 36.991016605926141 ], [ -76.404841696471976, 36.99352060748339 ], [ -76.424826655706653, 37.02533287568518 ], [ -76.443166466858315, 37.019799983126482 ], [ -76.440724383534345, 37.021494926088565 ], [ -76.442495975161421, 37.028702350089162 ], [ -76.44921851460245, 37.036960309625918 ], [ -76.450594460594942, 37.047243808706824 ], [ -76.448179997579658, 37.054939369889475 ], [ -76.450249371319714, 37.059797211426783 ], [ -76.445119412330868, 37.071525631760281 ], [ -76.453030313869633, 37.075883974288175 ], [ -76.440336690471113, 37.08494414971679 ], [ -76.43922909382168, 37.09071950650489 ], [ -76.430573622878441, 37.095907832173602 ], [ -76.421541263019847, 37.091888191830648 ], [ -76.407821355889254, 37.092015730329166 ], [ -76.397714709941397, 37.095821773087629 ], [ -76.399780409397152, 37.0978570187198 ], [ -76.396692758326424, 37.099838083599735 ], [ -76.397862923345727, 37.103866882491609 ], [ -76.401381901625513, 37.102881198326287 ], [ -76.401288575269533, 37.10550749765563 ], [ -76.393689549256607, 37.108411491063947 ], [ -76.384610474483978, 37.10516475668895 ], [ -76.388015277562758, 37.108892637011287 ], [ -76.383030461590977, 37.112303893743579 ], [ -76.375446316957778, 37.108953393783558 ], [ -76.366169937104601, 37.113026542783103 ], [ -76.352674086121795, 37.108081760844684 ], [ -76.347357120071209, 37.098831235847584 ], [ -76.340686830360369, 37.096290601769255 ], [ -76.321963144996531, 37.102999495544346 ], [ -76.303379527184191, 37.102193320175552 ], [ -76.293153619024324, 37.114138973101809 ] ] ] } },
{ "type": "Feature", "properties": { "County_Nam": "Radford", "FIPS": 750 }, "geometry": { "type": "Polygon", "coordinates": [ [ [ -80.580314929302858, 37.090077397409978 ], [ -80.590536341472486, 37.102301579532465 ], [ -80.596128777902265, 37.115468888419286 ], [ -80.593048299803513, 37.127671744398206 ], [ -80.571435202419423, 37.140689578857412 ], [ -80.553069412428769, 37.146760545209034 ], [ -80.54742270140062, 37.145929836450613 ], [ -80.52981040684827, 37.133683525262775 ], [ -80.526354470537683, 37.147489341860584 ], [ -80.518556516716046, 37.151423708702254 ], [ -80.517886771723198, 37.146948985494333 ], [ -80.511285979142997, 37.148546909666265 ], [ -80.511043520720932, 37.13907349804915 ], [ -80.506749118005445, 37.135193165001027 ], [ -80.519564289312768, 37.12828383153613 ], [ -80.519027948526912, 37.124421833632141 ], [ -80.525366202745417, 37.124508133906737 ], [ -80.523914558598662, 37.12091855578656 ], [ -80.540404868902868, 37.115001032146658 ], [ -80.542660111853635, 37.117607370295218 ], [ -80.554620607722256, 37.117810777614856 ], [ -80.551031944122684, 37.110016400693553 ], [ -80.554338313127403, 37.108339490163978 ], [ -80.552008259367639, 37.106713712850201 ], [ -80.556432672777561, 37.103615756212811 ], [ -80.555112212375079, 37.101474396088449 ], [ -80.572358132242883, 37.093435143743491 ], [ -80.57813948305332, 37.093664221691228 ], [ -80.580314929302858, 37.090077397409978 ] ] ] } },
{ "type": "Feature", "properties": { "County_Nam": "Pittsylvania", "FIPS": 143 }, "geometry": { "type": "Polygon", "coordinates": [ [ [ -79.443055155886583, 37.055757139369938 ], [ -79.432826716004413, 37.060443580503659 ], [ -79.405016716890387, 37.063458364984236 ], [ -79.402906260102242, 37.069799136823079 ], [ -79.404623594214272, 37.092129495731001 ], [ -79.387736402378508, 37.092806149744852 ], [ -79.371378340943167, 37.105319038740298 ], [ -79.370740190673715, 37.112690352552121 ], [ -79.382708268030314, 37.116303313503728 ], [ -79.382341155095915, 37.119543772727397 ], [ -79.363414302391178, 37.119583338318726 ], [ -79.344878154445183, 37.12553467164642 ], [ -79.340747731414268, 37.129789150183122 ], [ -79.345118056166882, 37.134195528795154 ], [ -79.340086972301904, 37.137460722589253 ], [ -79.332272331306427, 37.125573476665309 ], [ -79.296994196505864, 37.105020645523098 ], [ -79.283564487666808, 37.10548036136489 ], [ -79.272110294925852, 37.111542158940814 ], [ -79.264748831983113, 37.12643400481204 ], [ -79.254542099306178, 37.132780315672093 ], [ -79.244505005870707, 37.125130552003363 ], [ -79.232693313933282, 37.09924382976336 ], [ -79.221907205006389, 37.101874296508129 ], [ -79.221767764561662, 37.11575600391815 ], [ -79.21332097547257, 37.118189676168427 ], [ -79.20310592349712, 37.107912233937164 ], [ -79.200815986593838, 37.095501670872764 ], [ -79.205817257443769, 37.075123605716016 ], [ -79.192906178324975, 37.054577003153987 ], [ -79.187852397999222, 37.056811936452732 ], [ -79.181147745705275, 37.070714162542629 ], [ -79.166986068806096, 37.0673196500355 ], [ -79.139459798172823, 37.077363227786329 ], [ -79.135735245644284, 37.085796740011332 ], [ -79.126503453390541, 37.089879842117973 ], [ -79.117325969078792, 37.086746964303558 ], [ -79.109840041609587, 37.06760764136245 ], [ -79.092272823108928, 37.0615318430958 ], [ -79.218622953203379, 36.54166447381288 ], [ -79.343502148847648, 36.541586254008855 ], [ -79.351739026403365, 36.550909974259305 ], [ -79.342161894948447, 36.562532893513179 ], [ -79.331307406791097, 36.569046980709729 ], [ -79.336327553017568, 36.572091106899755 ], [ -79.331492600205181, 36.573300863134143 ], [ -79.329796470059478, 36.569451023692807 ], [ -79.326440690219812, 36.569541573694444 ], [ -79.320588114158156, 36.573523973075829 ], [ -79.314232447416856, 36.56861796464591 ], [ -79.306464703510485, 36.569255179565651 ], [ -79.302675175217004, 36.573970471959491 ], [ -79.304642713455522, 36.582479173147419 ], [ -79.32819233722195, 36.58282723048778 ], [ -79.329882572536036, 36.602012826119335 ], [ -79.351192335277844, 36.600206034297386 ], [ -79.354857461381101, 36.609471292459922 ], [ -79.364843214924122, 36.607718059342865 ], [ -79.368905458019526, 36.616772333944965 ], [ -79.369260741349237, 36.634920671757733 ], [ -79.392327786874418, 36.637356227380536 ], [ -79.389730160758134, 36.640244469519409 ], [ -79.391197838497177, 36.643962131785258 ], [ -79.395307153574905, 36.642150661932114 ], [ -79.399154228937476, 36.644519186623285 ], [ -79.404988887538877, 36.637534088172863 ], [ -79.404282661859824, 36.630016558696802 ], [ -79.416015558966748, 36.618378461489804 ], [ -79.414997772264115, 36.611557139788779 ], [ -79.423618217728261, 36.597342943416507 ], [ -79.431219803474619, 36.599426645396576 ], [ -79.437548964670626, 36.607664286966333 ], [ -79.443321543259529, 36.605762128378636 ], [ -79.44457205073644, 36.609045842498112 ], [ -79.448368244245913, 36.606829975773188 ], [ -79.452686251212796, 36.612029947874021 ], [ -79.478825568127036, 36.616225171887045 ], [ -79.487493144232374, 36.612637792318012 ], [ -79.500815863809393, 36.617907816352087 ], [ -79.510277835013426, 36.612473789991519 ], [ -79.511301192965746, 36.606060217263455 ], [ -79.518093826577712, 36.605453305773054 ], [ -79.518062195941127, 36.601106356041697 ], [ -79.500874756102391, 36.592097978312268 ], [ -79.505086377442268, 36.586624330607314 ], [ -79.493762763107341, 36.578338290720616 ], [ -79.485653198546657, 36.584086968033048 ], [ -79.47899829542402, 36.58456068401032 ], [ -79.456463618756899, 36.577345626260573 ], [ -79.462222154254206, 36.563952141095122 ], [ -79.46446299683916, 36.565383540137084 ], [ -79.471520130498277, 36.55997086590866 ], [ -79.473107211851968, 36.550748605274791 ], [ -79.467831119963392, 36.544761116132939 ], [ -79.468694093690118, 36.541010968581432 ], [ -79.714824231106604, 36.541962603142736 ], [ -79.606308499833332, 37.000023745202853 ], [ -79.594022471049385, 37.042311731022032 ], [ -79.579151225405283, 37.036626269373812 ], [ -79.562991390957308, 37.035050540434803 ], [ -79.559864003741154, 37.043821955828456 ], [ -79.549258896904902, 37.042068497707746 ], [ -79.542576880086017, 37.04517803903957 ], [ -79.550896056450867, 37.052696475046702 ], [ -79.54246063863296, 37.051694346245519 ], [ -79.537955573323742, 37.049304781133671 ], [ -79.537920507013581, 37.04347202379639 ], [ -79.532347761729653, 37.038898493000183 ], [ -79.510168704325423, 37.03177247793051 ], [ -79.496764235854997, 37.023282277669168 ], [ -79.481080342909664, 37.005808595439056 ], [ -79.471694904343238, 37.014003717480819 ], [ -79.46151519929532, 37.015047217477751 ], [ -79.458641683853074, 37.018325859101331 ], [ -79.48325685569111, 37.03527577592444 ], [ -79.480271231849372, 37.04493158478585 ], [ -79.491053294114323, 37.060915774743812 ], [ -79.4799393643234, 37.064608515721481 ], [ -79.453971725876599, 37.055849232707452 ], [ -79.443055155886583, 37.055757139369938 ] ] ] } },
{ "type": "Feature", "properties": { "County_Nam": "Sussex", "FIPS": 183 }, "geometry": { "type": "Polygon", "coordinates": [ [ [ -77.044338845803026, 37.070428088132175 ], [ -77.035306508759447, 37.069831551832124 ], [ -77.034277062328414, 37.06670597694459 ], [ -77.01701141824833, 37.061230495238767 ], [ -77.014341375091078, 37.057576086723898 ], [ -77.006314433846129, 37.058083989381728 ], [ -77.003127706079596, 37.051558423233026 ], [ -76.984548868812851, 37.049606235489158 ], [ -76.983412869641782, 37.053773463055528 ], [ -76.97750615013851, 37.05071753729726 ], [ -76.965324479553459, 37.054484641714922 ], [ -76.963623532902304, 37.042982904356386 ], [ -76.969706315577341, 37.040326869743879 ], [ -76.966120263135736, 37.000226429635426 ], [ -76.953411751522964, 36.94419585273485 ], [ -77.124965761219215, 36.856230319201778 ], [ -77.345037757134364, 36.752358109655248 ], [ -77.430141181188134, 36.707710653251524 ], [ -77.433886744953099, 36.711574859512702 ], [ -77.439558759717741, 36.709931018755867 ], [ -77.466719421700247, 36.7150645718174 ], [ -77.48202436895113, 36.72179624817656 ], [ -77.490013380514355, 36.72112455175877 ], [ -77.458701196730658, 36.863075564998091 ], [ -77.475504957226107, 36.860996096353134 ], [ -77.490803062471159, 36.848827076165989 ], [ -77.501321852155527, 36.845034832070169 ], [ -77.510300703287967, 36.845036905356373 ], [ -77.531129794250106, 36.853050723006398 ], [ -77.544700540122264, 36.852875611409999 ], [ -77.556967948447735, 36.845472064949007 ], [ -77.567441175257571, 36.853122902860264 ], [ -77.576830637645685, 36.851856079028721 ], [ -77.586669751540796, 36.85938824353773 ], [ -77.594759847079089, 36.871004291191234 ], [ -77.605092712793279, 36.87081632799768 ], [ -77.605900075269403, 36.877116187094629 ], [ -77.619120146686427, 36.87772649876495 ], [ -77.398529363723512, 36.992980626036065 ], [ -77.188870265404177, 37.098258822222384 ], [ -77.155539293904667, 37.111960708325313 ], [ -77.149549975185465, 37.102069943578051 ], [ -77.139619329245477, 37.104128815125605 ], [ -77.131926747727306, 37.100939520214808 ], [ -77.130993256156842, 37.09728137479442 ], [ -77.112243963755262, 37.100938243286564 ], [ -77.101928139401124, 37.084150627341224 ], [ -77.093014468662105, 37.086185288625288 ], [ -77.089437520489724, 37.082366141386586 ], [ -77.079757387747236, 37.08485269094723 ], [ -77.07543357660731, 37.071920728214288 ], [ -77.078537024115477, 37.068466257955322 ], [ -77.075082367198462, 37.066275828778259 ], [ -77.068816474320997, 37.068021182965502 ], [ -77.049556141661611, 37.0625199299187 ], [ -77.044338845803026, 37.070428088132175 ] ] ] } },
{ "type": "Feature", "properties": { "County_Nam": "Lunenburg", "FIPS": 111 }, "geometry": { "type": "Polygon", "coordinates": [ [ [ -78.227034344675232, 37.108620689673259 ], [ -78.224952160513126, 37.103020976560842 ], [ -78.229522897017858, 37.102448200406698 ], [ -78.230746159652256, 37.098535787700449 ], [ -78.225893486717098, 37.095320561327611 ], [ -78.224798432809266, 37.08976378299716 ], [ -78.210220417423571, 37.082978115151505 ], [ -78.205728999205022, 37.085780374527033 ], [ -78.201058879850876, 37.08313808417563 ], [ -78.202974909578984, 37.079299572816744 ], [ -78.199961716103815, 37.077975303166319 ], [ -78.193090456997297, 37.081152190765046 ], [ -78.191134060142673, 37.074093178671973 ], [ -78.176779302541306, 37.073219562398641 ], [ -78.175483723778669, 37.076410299189348 ], [ -78.170449035793268, 37.076195922306113 ], [ -78.173228363038561, 37.069250832294962 ], [ -78.169431427279733, 37.067410603059287 ], [ -78.171277697864596, 37.054356408896169 ], [ -78.160314002561023, 37.051517948192725 ], [ -78.160334560221841, 37.046951167479889 ], [ -78.152618930190684, 37.044777737358174 ], [ -78.150233287082727, 37.047179467411759 ], [ -78.118906403982137, 37.035266315158609 ], [ -78.117322290690851, 37.029953225435762 ], [ -78.109132815916851, 37.029449620090844 ], [ -78.108878519194278, 37.02193213342116 ], [ -78.10094951684566, 37.025336386378243 ], [ -78.083032146171419, 37.01674974977535 ], [ -78.08249405729768, 37.011030465470455 ], [ -78.06286864336488, 37.013868287112416 ], [ -78.059934350872325, 37.011668731410111 ], [ -78.054296145176536, 37.0133910081911 ], [ -78.056965079290748, 37.0157484812379 ], [ -78.053941358591473, 37.017376291961483 ], [ -78.034267921958104, 37.013709113622397 ], [ -78.028892804979691, 37.017782130638075 ], [ -78.003664241501099, 37.02262299284439 ], [ -78.027237051805741, 36.778049718348065 ], [ -78.047182442039841, 36.784316379878895 ], [ -78.050766715499606, 36.777569318896496 ], [ -78.056592640399714, 36.776444027466418 ], [ -78.085206515991672, 36.793091912062685 ], [ -78.100118980355489, 36.796145946732054 ], [ -78.105706393491971, 36.800789549236605 ], [ -78.112484794483407, 36.799278381418823 ], [ -78.109046454525796, 36.788897123659765 ], [ -78.118977255477461, 36.787021418543141 ], [ -78.174668120467771, 36.803059325992052 ], [ -78.194702025055037, 36.802355305398159 ], [ -78.219511826430221, 36.808128284982011 ], [ -78.228531827481959, 36.80589412736898 ], [ -78.234472882183411, 36.810190759212766 ], [ -78.241400273813383, 36.807924751377961 ], [ -78.243389390165035, 36.814604084596702 ], [ -78.270248959548312, 36.821137143437809 ], [ -78.278681208750001, 36.820316621191871 ], [ -78.293262347700448, 36.830260089497472 ], [ -78.294212670502702, 36.835973790245376 ], [ -78.303456281695929, 36.836496385586528 ], [ -78.305039556047518, 36.843066432427918 ], [ -78.319361551960284, 36.8492696259786 ], [ -78.325653530863846, 36.848886249559044 ], [ -78.328944081307796, 36.854558782988498 ], [ -78.329343950129882, 36.849798781256482 ], [ -78.339497998535151, 36.850835886317142 ], [ -78.338179517071609, 36.845065412333717 ], [ -78.341707056703555, 36.845959612907272 ], [ -78.345256322716878, 36.842135865222595 ], [ -78.353987434535668, 36.854479988427499 ], [ -78.358132898486019, 36.855525174780588 ], [ -78.357052860372889, 36.85753812666038 ], [ -78.368331513406034, 36.861485208545695 ], [ -78.372895126372583, 36.857951745408151 ], [ -78.379508055645189, 36.862287062086594 ], [ -78.394812256631454, 36.859365532715486 ], [ -78.397820434866944, 36.864016863885361 ], [ -78.401209200545452, 36.856416065684392 ], [ -78.414797795934774, 36.856884133646886 ], [ -78.420885755315155, 36.851550166409929 ], [ -78.42160939498963, 36.858402236153701 ], [ -78.430183931983862, 36.864628895359807 ], [ -78.429976155320645, 36.871223966309138 ], [ -78.444141711783303, 36.868671373122602 ], [ -78.444824288080454, 36.871368268917678 ], [ -78.449629460084083, 36.870456010305467 ], [ -78.452373966926658, 36.873324917584561 ], [ -78.463074591684233, 36.871767380229144 ], [ -78.475166118311293, 36.882386468054086 ], [ -78.482742773651296, 36.882490931217141 ], [ -78.492693594994236, 36.890244780465885 ], [ -78.443298379647558, 37.079381952477142 ], [ -78.382353937222675, 37.089549476849079 ], [ -78.371122972692845, 37.097118520500665 ], [ -78.370810931212048, 37.101098678376225 ], [ -78.359662777156899, 37.106132433954635 ], [ -78.348694964070049, 37.102350232505209 ], [ -78.314580336554954, 37.102429440487853 ], [ -78.305472054751121, 37.098971784413941 ], [ -78.296140566570614, 37.102782040361404 ], [ -78.293674364502081, 37.100715195503987 ], [ -78.278242734421809, 37.102722551223515 ], [ -78.266160404730087, 37.111704303224357 ], [ -78.249567370208027, 37.114359475915194 ], [ -78.239706708240362, 37.119970554314889 ], [ -78.23492358695367, 37.117927466822586 ], [ -78.234523926611075, 37.111554386467859 ], [ -78.229183250178153, 37.112709263817685 ], [ -78.227034344675232, 37.108620689673259 ] ] ] } },
{ "type": "Feature", "properties": { "County_Nam": "Floyd", "FIPS": 63 }, "geometry": { "type": "Polygon", "coordinates": [ [ [ -80.123185230574066, 37.119746309856787 ], [ -80.121385817629587, 37.111021186252721 ], [ -80.123819326352219, 37.107882205745149 ], [ -80.113046010682865, 37.097785022203986 ], [ -80.112113770514284, 37.0945851744019 ], [ -80.115833040177463, 37.09047793437891 ], [ -80.111614584309379, 37.086667965266578 ], [ -80.10768990717294, 37.073527364175227 ], [ -80.112624334170008, 37.064537516665034 ], [ -80.117846184138187, 37.064739723552016 ], [ -80.123522420792881, 37.055346442637003 ], [ -80.11976036862805, 37.049629499569747 ], [ -80.112077625719493, 37.046929187825498 ], [ -80.114342101112328, 37.039512232108791 ], [ -80.111717923777761, 37.031132809632318 ], [ -80.10458573556275, 37.026229524422668 ], [ -80.115821732387346, 37.025043575224039 ], [ -80.112495137634568, 37.014317332985541 ], [ -80.116275818728312, 37.011118666843259 ], [ -80.113481970640947, 37.009382387704321 ], [ -80.121209809748052, 37.00835727064775 ], [ -80.122918906386275, 37.004775468163658 ], [ -80.134872103276649, 37.004965023995993 ], [ -80.135482208107192, 36.998311612644642 ], [ -80.125422454828566, 36.99624135239705 ], [ -80.121486239974871, 36.991371432463644 ], [ -80.137569316847959, 36.986011685541172 ], [ -80.137757409067021, 36.982888327442716 ], [ -80.144165686220447, 36.980095752490293 ], [ -80.134572940743098, 36.965030774756741 ], [ -80.14010145275067, 36.963698999378146 ], [ -80.145706004706938, 36.954759294641356 ], [ -80.145028474489138, 36.949566084644601 ], [ -80.151619167631637, 36.951847999552584 ], [ -80.158361922094386, 36.948769710640562 ], [ -80.162037454807887, 36.95500795039365 ], [ -80.175469165606685, 36.950841799143639 ], [ -80.179287357256399, 36.942117341308013 ], [ -80.184914679448141, 36.939703792152621 ], [ -80.182493793544083, 36.935005866151506 ], [ -80.189855477736572, 36.929496625809819 ], [ -80.191825858848304, 36.921945781361842 ], [ -80.197850333256056, 36.921152899670233 ], [ -80.198905538038886, 36.901535284704224 ], [ -80.235730260270273, 36.872117100649753 ], [ -80.253528425314542, 36.870721270335281 ], [ -80.255554087873932, 36.863881948307565 ], [ -80.268808156247033, 36.862878054921879 ], [ -80.271833759151122, 36.859267940553387 ], [ -80.274648576067236, 36.861967703387343 ], [ -80.287750605079836, 36.859075368859031 ], [ -80.294500693545729, 36.847626077293931 ], [ -80.305569515017453, 36.842169758460898 ], [ -80.317642903814473, 36.843625559525137 ], [ -80.321254895228066, 36.837583986989969 ], [ -80.327060597520656, 36.836191000370789 ], [ -80.328889415640674, 36.83051522353621 ], [ -80.343583767721, 36.832936512150248 ], [ -80.345326769154269, 36.829685420542404 ], [ -80.341756916807256, 36.820286416197284 ], [ -80.346367956711603, 36.812029306085684 ], [ -80.361304864799095, 36.803239813449416 ], [ -80.37630079559095, 36.803878231910552 ], [ -80.390906167983502, 36.792676634948897 ], [ -80.385354936040244, 36.784494844562367 ], [ -80.391730310915094, 36.779793527147305 ], [ -80.387433179225567, 36.770332570131806 ], [ -80.397478275265868, 36.763929218351464 ], [ -80.398388837310719, 36.75623940133687 ], [ -80.392614759682289, 36.748862333683149 ], [ -80.395915049359559, 36.746517874478492 ], [ -80.394631326011904, 36.744507664222567 ], [ -80.411641716081846, 36.741896409205346 ], [ -80.430735135569961, 36.743022524941992 ], [ -80.443094560457624, 36.747854158597619 ], [ -80.449266876429235, 36.745148936642337 ], [ -80.458870110601353, 36.738318176498055 ], [ -80.452648533553031, 36.730468860412998 ], [ -80.461951182336549, 36.724768021198315 ], [ -80.464380459422387, 36.708986475194507 ], [ -80.634076736584277, 36.931859532884545 ], [ -80.627228434040063, 36.937692622108493 ], [ -80.597018011348709, 36.943264572432327 ], [ -80.58001866968884, 36.95760737201396 ], [ -80.568689832743758, 36.96039637515382 ], [ -80.564375605544001, 36.968789491670478 ], [ -80.552962804415927, 36.970183345453648 ], [ -80.548305076186381, 36.975657840178137 ], [ -80.548459137440901, 36.982550510725062 ], [ -80.520815964399134, 36.997118703826722 ], [ -80.516934555496491, 37.002838888213191 ], [ -80.522278158142626, 37.008470683231209 ], [ -80.520403124175814, 37.011144366986038 ], [ -80.512800815001313, 37.00828948087343 ], [ -80.504199827096059, 36.992205753435258 ], [ -80.497899875291537, 36.989064199223677 ], [ -80.4932495207713, 36.981528772751147 ], [ -80.493202463478681, 36.987090228679776 ], [ -80.485135550234972, 36.988029479583986 ], [ -80.485949975559066, 36.999357880255175 ], [ -80.472228690235227, 36.992885645058116 ], [ -80.473647019384188, 37.003198283336801 ], [ -80.466634268740151, 36.999775028405068 ], [ -80.461446459947211, 37.00330087505953 ], [ -80.462888218627953, 37.010763277896082 ], [ -80.451336947544306, 37.012545496970802 ], [ -80.453445892485917, 37.017467612521493 ], [ -80.451220483480938, 37.021511417594041 ], [ -80.446321334832902, 37.019727158979798 ], [ -80.443005991100634, 37.007434917485533 ], [ -80.433867841333495, 37.01673020340948 ], [ -80.424929546942764, 37.012971973688273 ], [ -80.422900058102087, 37.002999210228658 ], [ -80.414825183368364, 37.002185197772654 ], [ -80.411183167259466, 37.009446613817261 ], [ -80.416916515890321, 37.015776945614888 ], [ -80.413787847229798, 37.022191122772583 ], [ -80.394173332904202, 37.009573108320552 ], [ -80.386294731359826, 37.011737382920906 ], [ -80.380132074617293, 37.020193147609405 ], [ -80.347718159305444, 37.021577743857712 ], [ -80.345163571310437, 37.026973921873761 ], [ -80.283632617783141, 37.078943421577293 ], [ -80.178067826792869, 37.113565532390588 ], [ -80.17225794776553, 37.108316596448176 ], [ -80.155169809533874, 37.11094528411342 ], [ -80.146072126253401, 37.118102301459558 ], [ -80.144644096268479, 37.124573557329882 ], [ -80.139992977759533, 37.121415903754027 ], [ -80.134977948002032, 37.124676075540037 ], [ -80.126327829379235, 37.123083398480325 ], [ -80.123185230574066, 37.119746309856787 ] ] ] } },
{ "type": "Feature", "properties": { "County_Nam": null, "FIPS": 901 }, "geometry": { "type": "Polygon", "coordinates": [ [ [ -76.136005877718873, 37.03925475767695 ], [ -76.118449993416817, 37.02534144302173 ], [ -76.094216404615722, 37.014535453404484 ], [ -76.059014154400643, 37.00933879700883 ], [ -75.998136699277367, 37.008992166294057 ], [ -76.020675140599963, 36.931410204746953 ], [ -76.039680890821586, 36.931236300330816 ], [ -76.061139824029354, 36.916303763069166 ], [ -76.077553739022051, 36.913269158852444 ], [ -76.078316526108324, 36.916565937651598 ], [ -76.077818213110504, 36.913266758717896 ], [ -76.092969359567164, 36.907751308740593 ], [ -76.139428507510544, 36.923055624456119 ], [ -76.170488497615295, 36.928702857126488 ], [ -76.176298726244482, 36.932749123315027 ], [ -76.175603122587262, 36.930365049743891 ], [ -76.181328078060943, 36.929569038198807 ], [ -76.212499370401446, 36.936348934121035 ], [ -76.23931127710047, 36.947649580147115 ], [ -76.202893760471326, 36.987649034894233 ], [ -76.136005877718873, 37.03925475767695 ] ] ] } },
{ "type": "Feature", "properties": { "County_Nam": "Wythe", "FIPS": 197 }, "geometry": { "type": "Polygon", "coordinates": [ [ [ -80.912907310262639, 37.073091261077266 ], [ -80.893340725236598, 37.027490358841064 ], [ -80.833770375065939, 36.97780760200358 ], [ -80.809365979594375, 36.953468874308939 ], [ -80.812124688458113, 36.952608773149912 ], [ -80.80923316822286, 36.940477124227598 ], [ -80.801699641245094, 36.943868989195529 ], [ -80.802827636611326, 36.946714446710196 ], [ -80.740385688872109, 36.87901458303822 ], [ -80.795253989846458, 36.863221924722467 ], [ -80.813481903497163, 36.8532009522565 ], [ -80.846339668630577, 36.846686758027843 ], [ -80.852919949986827, 36.849138686443339 ], [ -81.024453771062142, 36.810825704348773 ], [ -81.03022450789868, 36.814638606688753 ], [ -81.045617919983002, 36.804767837890005 ], [ -81.056958131681128, 36.802935185856882 ], [ -81.058773771295165, 36.797502283395659 ], [ -81.067389324218396, 36.795826515092379 ], [ -81.07252312193738, 36.790817968594425 ], [ -81.086813853344651, 36.787287059406232 ], [ -81.084275398028652, 36.784976731478793 ], [ -81.087872503294534, 36.781920816076791 ], [ -81.084951271898134, 36.778139961971689 ], [ -81.089235046155224, 36.767066231539893 ], [ -81.131313733705497, 36.767465020359332 ], [ -81.133890910319352, 36.763396290613159 ], [ -81.137794903582147, 36.763268373956734 ], [ -81.155002233920214, 36.768954832182231 ], [ -81.165519143606971, 36.762465710526818 ], [ -81.184771379648851, 36.764508804856263 ], [ -81.185854663696674, 36.758541514929753 ], [ -81.192104475795446, 36.757690811370331 ], [ -81.218551270861582, 36.759928147999226 ], [ -81.225881456271097, 36.764767569939238 ], [ -81.243055817241498, 36.759613855877376 ], [ -81.248568524297824, 36.764188949816059 ], [ -81.26166621509978, 36.763214594430984 ], [ -81.273296665290133, 36.794428633021219 ], [ -81.326786210294884, 36.899514800691946 ], [ -81.379266887283251, 36.952412337585194 ], [ -81.370586841404176, 36.966068675368348 ], [ -81.350411856807597, 36.966103488729274 ], [ -81.315514401108217, 36.998283084094616 ], [ -81.286411010600929, 37.019028636856731 ], [ -81.26967850841443, 37.02514418261427 ], [ -81.260812135981936, 37.031862374783884 ], [ -81.241930251633036, 37.037181207119922 ], [ -81.224642288052806, 37.047822009839294 ], [ -81.198984164147191, 37.040834516389253 ], [ -81.175289787385438, 37.024688931471431 ], [ -81.159411119940927, 37.026030446553705 ], [ -81.128490784165564, 37.040499217782219 ], [ -81.114320058046758, 37.022644945959101 ], [ -81.032721032753599, 37.046884453195297 ], [ -80.97807649146452, 37.053450469334145 ], [ -80.912907310262639, 37.073091261077266 ] ] ] } },
{ "type": "Feature", "properties": { "County_Nam": "Halifax", "FIPS": 83 }, "geometry": { "type": "Polygon", "coordinates": [ [ [ -79.092272823108928, 37.0615318430958 ], [ -79.057193174015794, 37.04541553398105 ], [ -79.037976032326938, 37.04524796817681 ], [ -79.017349184429605, 37.039875296284634 ], [ -79.005489380941228, 37.029847112959708 ], [ -78.971638036110917, 37.050011607091989 ], [ -78.967291957350426, 37.045531310356886 ], [ -78.936959799459231, 37.035676859693623 ], [ -78.923127697680911, 37.0269423450329 ], [ -78.904891163316407, 37.022747822708901 ], [ -78.90221931039639, 37.011252571128303 ], [ -78.891697255589975, 37.002089742393636 ], [ -78.901771309728517, 36.98722006758144 ], [ -78.897873609087014, 36.978134417263981 ], [ -78.890841597636907, 36.976946635430714 ], [ -78.869278745055055, 36.986114584655148 ], [ -78.843956180836429, 36.983197860517905 ], [ -78.8184493800252, 36.984515942823471 ], [ -78.801031558071145, 36.972688209240985 ], [ -78.795573235791124, 36.963991214399236 ], [ -78.794698229342288, 36.956077481076925 ], [ -78.787181914028494, 36.952551978409858 ], [ -78.773451004951838, 36.957843773746546 ], [ -78.775240270885064, 36.974143399352386 ], [ -78.77195795438783, 36.984428578223614 ], [ -78.764877818557579, 36.987289034868901 ], [ -78.753896315327438, 36.98411929229092 ], [ -78.748540842906252, 36.98667412986677 ], [ -78.750403319244242, 36.994268728894909 ], [ -78.759458179633469, 36.999959494623994 ], [ -78.757985383622298, 37.006008740671717 ], [ -78.749898457439699, 37.008249350448551 ], [ -78.743127075556202, 37.004749466392248 ], [ -78.736900254245171, 36.97939515290355 ], [ -78.735121608790195, 36.952715387400559 ], [ -78.727077538631519, 36.938364124169951 ], [ -78.73308929007419, 36.932271362285626 ], [ -78.748759065882311, 36.928835130975422 ], [ -78.750921199187133, 36.921396931531106 ], [ -78.72185827043721, 36.904293747599034 ], [ -78.706213578881204, 36.886394988118568 ], [ -78.695058748711077, 36.878659062688172 ], [ -78.687846054517252, 36.864402533303576 ], [ -78.672592742020413, 36.859418031580134 ], [ -78.665964535977238, 36.845139608637318 ], [ -78.66800539528839, 36.837904641436062 ], [ -78.684524302632454, 36.832119851045626 ], [ -78.687236200870586, 36.826906758935884 ], [ -78.679603031707188, 36.817996376383078 ], [ -78.667035554835223, 36.811904913243332 ], [ -78.668694985667571, 36.807357675975496 ], [ -78.680017075802269, 36.801799504069258 ], [ -78.683042998678147, 36.793578736564108 ], [ -78.666115015361768, 36.763443926894297 ], [ -78.668960067667399, 36.759402948095996 ], [ -78.680210975880101, 36.755959983969376 ], [ -78.690838628821254, 36.738559156488968 ], [ -78.671054695391689, 36.720528864203388 ], [ -78.665502882645711, 36.70631403947138 ], [ -78.641316079539294, 36.69585385940821 ], [ -78.624951769090742, 36.673475835611583 ], [ -78.57545824820572, 36.64655247366413 ], [ -78.559760009717834, 36.641660128926155 ], [ -78.551526382262026, 36.633319665623624 ], [ -78.54911583775889, 36.626106959681557 ], [ -78.559518307886549, 36.638529615068158 ], [ -78.5791922108927, 36.638497863750324 ], [ -78.592696943927024, 36.651695744073088 ], [ -78.602866171134878, 36.654165413866949 ], [ -78.613457120755285, 36.663034157160787 ], [ -78.623464547669812, 36.666675946906729 ], [ -78.648202865777435, 36.689184968377802 ], [ -78.671319800165463, 36.689419313365327 ], [ -78.702792469421382, 36.675967124281193 ], [ -78.696995609407765, 36.66896235146482 ], [ -78.701726855855526, 36.654688069739635 ], [ -78.70734018333701, 36.655019991831125 ], [ -78.70923842126183, 36.643077127959124 ], [ -78.712036032560718, 36.642410975341186 ], [ -78.708137874178121, 36.637989480441426 ], [ -78.713443680828902, 36.634256137490212 ], [ -78.70945586768714, 36.629785667666816 ], [ -78.712103809670722, 36.626955127217741 ], [ -78.709427773270775, 36.620560686930901 ], [ -78.712538526551413, 36.618184210361079 ], [ -78.710833858097445, 36.608383112150399 ], [ -78.717469090647199, 36.598348725251306 ], [ -78.712455101847979, 36.592977856397937 ], [ -78.719980108835742, 36.588868704695543 ], [ -78.715909085711473, 36.585455111594662 ], [ -78.71917888871964, 36.585145742534323 ], [ -78.715647786049288, 36.580694915848184 ], [ -78.718379142960856, 36.57609802767162 ], [ -78.724665273331709, 36.578394873113588 ], [ -78.725146711872085, 36.569681011150706 ], [ -78.728690416185742, 36.571552161329407 ], [ -78.733522334736634, 36.569119001545765 ], [ -78.730988737049444, 36.566997852813742 ], [ -78.733349467371241, 36.560292754603054 ], [ -78.736953715119981, 36.560371108169655 ], [ -78.736438695764036, 36.55224934808048 ], [ -78.740240178670376, 36.55127405431255 ], [ -78.731782523842398, 36.547847795657034 ], [ -78.734088855777344, 36.541932734270098 ], [ -79.218622953203379, 36.54166447381288 ], [ -79.092272823108928, 37.0615318430958 ] ] ] } },
{ "type": "Feature", "properties": { "County_Nam": null, "FIPS": 903 }, "geometry": { "type": "Polygon", "coordinates": [ [ [ -75.998136699277367, 37.008992166294057 ], [ -75.974702285270126, 37.006797984935062 ], [ -75.937088920542493, 36.997392708847464 ], [ -75.949405947561303, 36.954790140794877 ], [ -75.941428878346755, 36.947359130084415 ], [ -75.931103262890019, 36.929660369752632 ], [ -75.90414797287518, 36.836294849921046 ], [ -75.904165749818077, 36.82406189226117 ], [ -75.89743639219499, 36.797360907214774 ], [ -75.871314220947781, 36.72707366840465 ], [ -75.826197962992396, 36.635378627151923 ], [ -75.813173656083123, 36.594544885137736 ], [ -75.804195167270905, 36.551974643960222 ], [ -75.866978073753614, 36.550401004399909 ], [ -75.885887506138175, 36.620171655377895 ], [ -75.927154294850737, 36.702656983616762 ], [ -75.954790993615035, 36.776587273780422 ], [ -75.965232869217658, 36.812100885705775 ], [ -75.970165587464365, 36.843676368449074 ], [ -75.992169676780563, 36.917499544010298 ], [ -76.002225826948106, 36.925881648408009 ], [ -76.020675140599963, 36.931410204746953 ], [ -75.998136699277367, 37.008992166294057 ] ] ] } },
{ "type": "Feature", "properties": { "County_Nam": "Smyth", "FIPS": 173 }, "geometry": { "type": "Polygon", "coordinates": [ [ [ -81.530799256145912, 36.998501032071637 ], [ -81.510677616559306, 37.003329695008375 ], [ -81.506947002027701, 37.009168310066251 ], [ -81.501614979047091, 37.009189606368231 ], [ -81.495448502015734, 37.015254175718411 ], [ -81.473755643947726, 37.018298606867418 ], [ -81.468870729136952, 37.014759693845434 ], [ -81.475520998460283, 37.009014121156994 ], [ -81.47273804438106, 37.003796596617889 ], [ -81.475987742490659, 37.001929014599774 ], [ -81.472735642203901, 36.997904794735128 ], [ -81.483286914807607, 36.990014931261584 ], [ -81.479986699622884, 36.986463740626149 ], [ -81.436828519871909, 37.010104750353605 ], [ -81.326786210294884, 36.899514800691946 ], [ -81.273296665290133, 36.794428633021219 ], [ -81.26166621509978, 36.763214594430984 ], [ -81.299103609289133, 36.752968420469998 ], [ -81.384271476553508, 36.740240829856617 ], [ -81.439199180328146, 36.717079923507278 ], [ -81.456615752716004, 36.718633834501283 ], [ -81.486707788979317, 36.711719548102998 ], [ -81.502033195260339, 36.711500529113437 ], [ -81.50969483885082, 36.706783236185032 ], [ -81.525312238952282, 36.707753221910956 ], [ -81.544558926462457, 36.701822389114305 ], [ -81.543412856814427, 36.697226170604999 ], [ -81.531648995671688, 36.693911399791645 ], [ -81.531570627418503, 36.685106532094849 ], [ -81.539045980007955, 36.665330452321903 ], [ -81.54726752904854, 36.656998892611576 ], [ -81.564572333675116, 36.658412980598889 ], [ -81.581457385270753, 36.646605152865568 ], [ -81.601941921684315, 36.642497068961106 ], [ -81.619147791849798, 36.63435990060561 ], [ -81.699598063195978, 36.789220920572326 ], [ -81.836820191401983, 36.929008661231357 ], [ -81.822607287306653, 36.940097881447151 ], [ -81.818955740470358, 36.947522020628661 ], [ -81.770924463827853, 36.961213567679593 ], [ -81.74851472828162, 36.963681086274384 ], [ -81.708841824952813, 36.976811308342143 ], [ -81.682968554790023, 36.933005437907504 ], [ -81.673591094603992, 36.934923074740702 ], [ -81.640984173437204, 36.948499263329836 ], [ -81.576443409458932, 36.98959629467916 ], [ -81.561556776618062, 36.990329322723959 ], [ -81.530799256145912, 36.998501032071637 ] ] ] } },
{ "type": "Feature", "properties": { "County_Nam": "Brunswick", "FIPS": 25 }, "geometry": { "type": "Polygon", "coordinates": [ [ [ -78.004372328403463, 37.015073941642115 ], [ -78.002958984464314, 37.02362758001783 ], [ -77.996089406900239, 37.022706484606971 ], [ -77.997573817650277, 37.015072507874279 ], [ -77.99135922773138, 37.013228945461343 ], [ -77.967323909382458, 36.987219953057064 ], [ -77.954761721085603, 36.991401736546905 ], [ -77.945559035724386, 36.986660793312559 ], [ -77.936457482382849, 36.988292260780639 ], [ -77.932833121338618, 36.984191574723113 ], [ -77.922951948157589, 36.984967158272688 ], [ -77.920689951821529, 36.982546955043972 ], [ -77.917398802171547, 36.986570497702267 ], [ -77.888164730949015, 36.987882929338937 ], [ -77.882556069800202, 36.991614986724137 ], [ -77.871973146376234, 36.991729765836965 ], [ -77.86539880394983, 36.988308897373585 ], [ -77.862857832985853, 36.992229479881949 ], [ -77.852068559482461, 36.991257051878421 ], [ -77.850429061976527, 36.988212225111845 ], [ -77.849875963893027, 36.991476466407008 ], [ -77.840545575523649, 36.995938000494043 ], [ -77.832598647631158, 36.991311307754586 ], [ -77.81950155843532, 36.989663296983892 ], [ -77.80964686474762, 36.983347861198631 ], [ -77.79459989651734, 36.984397192034905 ], [ -77.778193074805927, 36.975025073949737 ], [ -77.76586700047649, 36.974808420994314 ], [ -77.76232161767993, 36.970889785156309 ], [ -77.761660849199373, 36.96181676069186 ], [ -77.755545327476966, 36.956234186243535 ], [ -77.745760290474735, 36.959060966662086 ], [ -77.745034118551004, 36.951852525156845 ], [ -77.741072524535909, 36.953347727498368 ], [ -77.737913937460007, 36.94626524671056 ], [ -77.727916921413922, 36.943460787050853 ], [ -77.723181610234732, 36.932541244533098 ], [ -77.715012020233033, 36.926212830939718 ], [ -77.715262041876443, 36.914849797651549 ], [ -77.701027860483876, 36.916402508761912 ], [ -77.692040033554605, 36.905285395948482 ], [ -77.67646987255209, 36.904486249724826 ], [ -77.664545930397907, 36.894938132284807 ], [ -77.65793731972866, 36.894640198744845 ], [ -77.655922781420244, 36.713330563309746 ], [ -77.767183331678723, 36.545378330169299 ], [ -78.046243033028205, 36.543530544468766 ], [ -78.004372328403463, 37.015073941642115 ] ] ] } },
{ "type": "Feature", "properties": { "County_Nam": "Southampton", "FIPS": 175 }, "geometry": { "type": "Polygon", "coordinates": [ [ [ -76.849473297083918, 36.996152709785946 ], [ -76.854299432763881, 36.979094002429875 ], [ -76.850867994164901, 36.975118578362178 ], [ -76.859109724243524, 36.956241970728009 ], [ -76.852938624235037, 36.953077843044163 ], [ -76.852171943647605, 36.946057095225065 ], [ -76.845386592597251, 36.940977771941604 ], [ -76.844162157332988, 36.931830132125725 ], [ -76.837931455915097, 36.928544429722059 ], [ -76.8314683996784, 36.929423942240405 ], [ -76.836332830096993, 36.92341796889999 ], [ -76.834386408865058, 36.917674923139479 ], [ -76.828599112967922, 36.920990991379796 ], [ -76.815796610636554, 36.914555740007664 ], [ -76.819141024865928, 36.907151802107357 ], [ -76.815686057406978, 36.905397456971635 ], [ -76.81499484246099, 36.900220743260263 ], [ -76.81950775590073, 36.892780898459733 ], [ -76.825768857398089, 36.891215631941776 ], [ -76.827383070011265, 36.885985504472202 ], [ -76.818157950969734, 36.880437250972598 ], [ -76.821573451153725, 36.876962040667046 ], [ -76.828014038452366, 36.876921707622103 ], [ -76.830372235907817, 36.870037365917362 ], [ -76.838776081188655, 36.866692028036567 ], [ -76.833809288160282, 36.863048447007088 ], [ -76.840812277519788, 36.85583298275214 ], [ -76.851924324455055, 36.853790014902913 ], [ -76.848660463949557, 36.849960504641935 ], [ -76.849668364834741, 36.845086517536672 ], [ -76.85985520313578, 36.834697151559155 ], [ -76.85563308420123, 36.827094856759025 ], [ -76.858992224617239, 36.824712358069824 ], [ -76.862241314534657, 36.826628707672064 ], [ -76.864159339636132, 36.813711489118319 ], [ -76.868868671123295, 36.808603460176457 ], [ -76.861781067531638, 36.801028332421239 ], [ -76.865577729548278, 36.789636462142049 ], [ -76.887011885328178, 36.777598562775623 ], [ -76.885113203763012, 36.775674980593237 ], [ -76.889685919077351, 36.771866260686714 ], [ -76.88465652373948, 36.764489564963711 ], [ -76.890538558841314, 36.760680336349033 ], [ -76.898289168364343, 36.762077917413563 ], [ -76.901690161392594, 36.755049300809844 ], [ -76.89484877098468, 36.746931355503953 ], [ -76.90395981027045, 36.739047763857606 ], [ -76.909085228566965, 36.741680928410254 ], [ -76.915408697610474, 36.736389748469932 ], [ -76.913522778501758, 36.725479959269229 ], [ -76.916611995660745, 36.724251711910227 ], [ -76.914170070025222, 36.721701896401392 ], [ -76.916610966104784, 36.718059443697911 ], [ -76.920735851578613, 36.718308392748547 ], [ -76.918463506815741, 36.716145759353843 ], [ -76.922879697219471, 36.715804059057945 ], [ -76.922728850196364, 36.709458726772276 ], [ -76.949121850501186, 36.708571845450358 ], [ -76.961179085255253, 36.701090822684854 ], [ -76.953985518287894, 36.689372195001788 ], [ -76.966342909622981, 36.688125331982853 ], [ -76.968178527373297, 36.684965051716041 ], [ -76.964548940907036, 36.678922884335059 ], [ -76.949273682833336, 36.678714367524002 ], [ -76.947522095241112, 36.675955608832787 ], [ -76.961784074799453, 36.667832291767944 ], [ -76.898560661811544, 36.644912867185489 ], [ -76.891183532417486, 36.630718841559805 ], [ -76.899037352495967, 36.620980758759423 ], [ -76.901678790794307, 36.622775139335133 ], [ -76.912139085920558, 36.617985870864317 ], [ -76.907504014428298, 36.612654259067 ], [ -76.912712369409263, 36.602157669695693 ], [ -76.90936240974888, 36.57930985747381 ], [ -76.920416479636557, 36.577552513004825 ], [ -76.917896982655392, 36.572664855999157 ], [ -76.92581271027997, 36.57237265647246 ], [ -76.927664461770931, 36.562296928263457 ], [ -76.930932781204234, 36.559762978739961 ], [ -76.916086495490873, 36.554089648910271 ], [ -76.915971232733256, 36.543894696928739 ], [ -77.15281921148727, 36.544107969560812 ], [ -77.169354776693453, 36.547294016345894 ], [ -77.205501004525516, 36.544604758911781 ], [ -77.296934335627213, 36.544885082222933 ], [ -77.302084289829523, 36.548348133382703 ], [ -77.311441727668651, 36.546821771997529 ], [ -77.312160318440732, 36.551699687946964 ], [ -77.314959195174325, 36.548979719911728 ], [ -77.322383397680795, 36.550326910855247 ], [ -77.322911895819473, 36.555722197932262 ], [ -77.325645613486941, 36.553782884308575 ], [ -77.331798144124051, 36.557783849588347 ], [ -77.330538731522765, 36.554759826930407 ], [ -77.335540519546058, 36.554715961984002 ], [ -77.335901486118331, 36.550844541640259 ], [ -77.343439263334247, 36.553749690953325 ], [ -77.348078645268245, 36.550467738658995 ], [ -77.351172913369012, 36.554645091390405 ], [ -77.354998746164, 36.554103107915914 ], [ -77.357822451864436, 36.564565428991145 ], [ -77.360979167908951, 36.564955812304881 ], [ -77.361510801244179, 36.576123618449614 ], [ -77.358669481427611, 36.576197940384297 ], [ -77.355642837060969, 36.582546637553243 ], [ -77.358739067015478, 36.587417706226312 ], [ -77.355642299902541, 36.590750700966673 ], [ -77.359770283218779, 36.592559448933997 ], [ -77.357253325755337, 36.600428028300485 ], [ -77.364348452293328, 36.601657338014192 ], [ -77.362966668222498, 36.60697084800767 ], [ -77.366016687094515, 36.605013064605473 ], [ -77.371450917342315, 36.607234805017157 ], [ -77.371611908268619, 36.613901149078792 ], [ -77.367632231434541, 36.614097517452436 ], [ -77.375882368876944, 36.621046603788656 ], [ -77.373268513816768, 36.622130711231932 ], [ -77.376484321545178, 36.623898433184316 ], [ -77.372207630682269, 36.626469026713053 ], [ -77.373509546235312, 36.630041470416359 ], [ -77.382771031783719, 36.633308385932168 ], [ -77.386495236310637, 36.629763837047086 ], [ -77.386710450737937, 36.642066562428894 ], [ -77.390617274873023, 36.639074765681592 ], [ -77.396413456734535, 36.64656729137824 ], [ -77.398503805724062, 36.644524343538279 ], [ -77.399727120545762, 36.64729365727262 ], [ -77.406857260292554, 36.647444859720153 ], [ -77.415199734666615, 36.6542540102527 ], [ -77.418690037648318, 36.651830799841498 ], [ -77.419933791459016, 36.654700867142274 ], [ -77.424169183297238, 36.652600324633156 ], [ -77.429434544321111, 36.655304938510085 ], [ -77.431054612571018, 36.651779421441752 ], [ -77.43762105435907, 36.655133040832538 ], [ -77.438908363629395, 36.650136150535211 ], [ -77.44279075398893, 36.651985253328426 ], [ -77.447006656073398, 36.649636459332804 ], [ -77.452459723512931, 36.6523451975999 ], [ -77.457706048149262, 36.650939149928021 ], [ -77.456743743333078, 36.655598298579527 ], [ -77.463602436643612, 36.652036210054817 ], [ -77.469409565444352, 36.659957409867054 ], [ -77.476951783228586, 36.661267476755221 ], [ -77.475249275719548, 36.665410410532694 ], [ -77.477591286980385, 36.669038825991279 ], [ -77.483691240874037, 36.666500788603571 ], [ -77.493365363759892, 36.672025986359245 ], [ -77.494566018036423, 36.667688295748469 ], [ -77.502025268522516, 36.670674819968305 ], [ -77.346112424219584, 36.751834441025956 ], [ -77.201995644678732, 36.818295257415279 ], [ -76.849473297083918, 36.996152709785946 ] ] ] } },
{ "type": "Feature", "properties": { "County_Nam": "Norfolk", "FIPS": 710 }, "geometry": { "type": "Polygon", "coordinates": [ [ [ -76.296955927340434, 36.969126203142068 ], [ -76.277770476408037, 36.968130851491239 ], [ -76.260555322209115, 36.96086476846741 ], [ -76.257287339458813, 36.964151229568927 ], [ -76.260489209668009, 36.960836174665332 ], [ -76.228947626046519, 36.942016453887049 ], [ -76.181991474397577, 36.929652577664122 ], [ -76.183598669394542, 36.922610052473388 ], [ -76.187487013378245, 36.923238277726377 ], [ -76.192432778911893, 36.918073193773914 ], [ -76.182772995822745, 36.90718605679173 ], [ -76.198728876108461, 36.886156016780987 ], [ -76.187884905634377, 36.874055238981562 ], [ -76.194091764803346, 36.864541602533933 ], [ -76.177004727117961, 36.856513701565284 ], [ -76.179979074037036, 36.848673352431966 ], [ -76.191188888840614, 36.839477366192263 ], [ -76.197878310860006, 36.827490996823279 ], [ -76.23026497365052, 36.838279115163679 ], [ -76.24408342294501, 36.836327858784848 ], [ -76.257704855475396, 36.820808469601772 ], [ -76.274973030494223, 36.828056792281259 ], [ -76.280053967034632, 36.822737897124767 ], [ -76.290545589089092, 36.82175912260827 ], [ -76.294866300374821, 36.833944415293431 ], [ -76.293036110209741, 36.841171175743668 ], [ -76.300177117594416, 36.849124914000527 ], [ -76.336648412111103, 36.869367228260188 ], [ -76.338752469273317, 36.875175661485635 ], [ -76.328974341348996, 36.892121464261045 ], [ -76.340972987103726, 36.902321266071212 ], [ -76.344559974222094, 36.922722281112911 ], [ -76.335750796124358, 36.92365321165552 ], [ -76.330632346831493, 36.963861239898314 ], [ -76.296955927340434, 36.969126203142068 ] ] ] } },
{ "type": "Feature", "properties": { "County_Nam": "Norton", "FIPS": 720 }, "geometry": { "type": "Polygon", "coordinates": [ [ [ -82.621772096592025, 36.95377931515899 ], [ -82.623201615704872, 36.95521816153655 ], [ -82.611432955405348, 36.955415801351549 ], [ -82.612629907108612, 36.951053516121426 ], [ -82.615146631818533, 36.951387990213547 ], [ -82.611437930967796, 36.948014393151354 ], [ -82.605651492470741, 36.958837150722573 ], [ -82.594255446895559, 36.955715403636766 ], [ -82.589166770625383, 36.95077739731876 ], [ -82.598636059182141, 36.941827165124856 ], [ -82.589398868184801, 36.943343290549308 ], [ -82.592184567117613, 36.940580907757159 ], [ -82.590281604213615, 36.935415459441018 ], [ -82.617743384473954, 36.932452490800003 ], [ -82.622370380862009, 36.925395745260708 ], [ -82.620042351827749, 36.914732300158811 ], [ -82.612053825799052, 36.912041740685723 ], [ -82.614854026401218, 36.905100864309951 ], [ -82.636709767418523, 36.906229639747103 ], [ -82.644262971345128, 36.899794501231 ], [ -82.64923695058674, 36.909287702847671 ], [ -82.647001146499647, 36.915030407722064 ], [ -82.651679525450078, 36.913870720802265 ], [ -82.652019688191771, 36.917443432272499 ], [ -82.662196002928084, 36.918644774354348 ], [ -82.663382877961197, 36.921180035724412 ], [ -82.655685794741004, 36.923111554988921 ], [ -82.654727389788818, 36.92987763295929 ], [ -82.645236562982078, 36.935285820163301 ], [ -82.646046492016609, 36.938189664303636 ], [ -82.634099203461915, 36.952510528352619 ], [ -82.621772096592025, 36.95377931515899 ] ] ] } },
{ "type": "Feature", "properties": { "County_Nam": "Portsmouth", "FIPS": 740 }, "geometry": { "type": "Polygon", "coordinates": [ [ [ -76.39751149839671, 36.931028148270542 ], [ -76.388644032877693, 36.936840237176227 ], [ -76.380874238712224, 36.949329508323487 ], [ -76.337354891543939, 36.941473874420254 ], [ -76.338688306672651, 36.923345214825588 ], [ -76.344559974222094, 36.922722281112911 ], [ -76.340972987103726, 36.902321266071212 ], [ -76.328974341348996, 36.892121464261045 ], [ -76.338440102235225, 36.87260791154052 ], [ -76.331882584171041, 36.86497903352879 ], [ -76.31570085584238, 36.859721495687047 ], [ -76.293199163625999, 36.841446588185136 ], [ -76.29492005868677, 36.834430595970616 ], [ -76.289941411843927, 36.810506917937204 ], [ -76.292281575455647, 36.798672863170651 ], [ -76.375876720073649, 36.786140677199604 ], [ -76.391620801505624, 36.805069757209075 ], [ -76.400787623594127, 36.805347485877931 ], [ -76.403362014492387, 36.813441102907881 ], [ -76.400565201536836, 36.819700571289978 ], [ -76.383484585850056, 36.838413258173695 ], [ -76.387814827421792, 36.844945319977782 ], [ -76.387130338147884, 36.85143893566616 ], [ -76.397655027994361, 36.857796753992766 ], [ -76.397775233097789, 36.866640369823635 ], [ -76.420347155053193, 36.866625147515691 ], [ -76.405227261613774, 36.881328720813734 ], [ -76.407457706900402, 36.89060251617358 ], [ -76.40411920502099, 36.893878038428319 ], [ -76.407933921937996, 36.897086944296113 ], [ -76.402852690343678, 36.901892911220855 ], [ -76.39751149839671, 36.931028148270542 ] ] ] } },
{ "type": "Feature", "properties": { "County_Nam": "Virginia Beach", "FIPS": 810 }, "geometry": { "type": "Polygon", "coordinates": [ [ [ -76.175603122587262, 36.930365049743891 ], [ -76.176373805730961, 36.932748379513143 ], [ -76.170488497615295, 36.928702857126488 ], [ -76.139428507510544, 36.923055624456119 ], [ -76.091792061849674, 36.907671996234413 ], [ -76.077818213110504, 36.913266758717896 ], [ -76.078316526108324, 36.916565937651598 ], [ -76.077553739022051, 36.913269158852444 ], [ -76.061139824029354, 36.916303763069166 ], [ -76.036642918619123, 36.932015546101873 ], [ -76.011220468243295, 36.930010516596845 ], [ -75.992573347349534, 36.918327730267954 ], [ -75.970165587464365, 36.843676368449074 ], [ -75.965232869217658, 36.812100885705775 ], [ -75.954790993615035, 36.776587273780422 ], [ -75.927154294850737, 36.702656983616762 ], [ -75.885887506138175, 36.620171655377895 ], [ -75.866978073753614, 36.550401004399909 ], [ -76.122188498804192, 36.550536686268863 ], [ -76.121591626483351, 36.666014705775922 ], [ -76.079767041727294, 36.678783144895341 ], [ -76.069166262842302, 36.677405029640042 ], [ -76.065324918823549, 36.685595398073893 ], [ -76.079993443404732, 36.70527247098088 ], [ -76.081860361076821, 36.712582018471103 ], [ -76.097079669218985, 36.715859044110339 ], [ -76.143640015887954, 36.756965376170626 ], [ -76.203551703368262, 36.769721796662822 ], [ -76.228005732648626, 36.833425784904499 ], [ -76.222777500896186, 36.837292736767466 ], [ -76.214678863799961, 36.831622471511913 ], [ -76.207933153336313, 36.832626478543965 ], [ -76.198359967585034, 36.827301346983035 ], [ -76.191188888840614, 36.839477366192263 ], [ -76.17970364914629, 36.849088489758742 ], [ -76.177004727117961, 36.856513701565284 ], [ -76.194091764803346, 36.864541602533933 ], [ -76.187884905634377, 36.874055238981562 ], [ -76.198728876108461, 36.886156016780987 ], [ -76.182772995822745, 36.90718605679173 ], [ -76.192432778911893, 36.918073193773914 ], [ -76.187487013378245, 36.923238277726377 ], [ -76.183598669394542, 36.922610052473388 ], [ -76.181991474397577, 36.929652577664122 ], [ -76.175603122587262, 36.930365049743891 ] ] ] } },
{ "type": "Feature", "properties": { "County_Nam": "Suffolk", "FIPS": 800 }, "geometry": { "type": "Polygon", "coordinates": [ [ [ -76.444178135618515, 36.941525415352686 ], [ -76.433055816505188, 36.934929022891353 ], [ -76.39751149839671, 36.931028148270542 ], [ -76.402852690343678, 36.901892911220855 ], [ -76.407933921937996, 36.897086944296113 ], [ -76.40411920502099, 36.893878038428319 ], [ -76.407457706900402, 36.89060251617358 ], [ -76.404448357924707, 36.884880433328277 ], [ -76.406158337243014, 36.87944279313583 ], [ -76.440495501047621, 36.843660585743095 ], [ -76.457323550158733, 36.815239319119485 ], [ -76.491411936776373, 36.550576037659646 ], [ -76.913130065561063, 36.55212258203602 ], [ -76.930667802784583, 36.559161100457061 ], [ -76.92581271027997, 36.57237265647246 ], [ -76.917896982655392, 36.572664855999157 ], [ -76.920416479636557, 36.577552513004825 ], [ -76.90936240974888, 36.57930985747381 ], [ -76.912712369409263, 36.602157669695693 ], [ -76.907504014428298, 36.612654259067 ], [ -76.912139085920558, 36.617985870864317 ], [ -76.901678790794307, 36.622775139335133 ], [ -76.899583983243119, 36.620672335153337 ], [ -76.893315385341793, 36.626322343501954 ], [ -76.891183532417486, 36.630718841559805 ], [ -76.897723548477742, 36.644344834006169 ], [ -76.763141553357087, 36.740990838288312 ], [ -76.533864408344229, 36.915491264367937 ], [ -76.527712490661983, 36.915985180750624 ], [ -76.525167521600423, 36.9078761406616 ], [ -76.519548508333003, 36.906474385863568 ], [ -76.500774186600594, 36.914345537587856 ], [ -76.489116207153046, 36.928188810486574 ], [ -76.469938214353604, 36.930401745054965 ], [ -76.444178135618515, 36.941525415352686 ] ] ] } },
{ "type": "Feature", "properties": { "County_Nam": "Washington", "FIPS": 191 }, "geometry": { "type": "Polygon", "coordinates": [ [ [ -82.041136786598955, 36.864643820457296 ], [ -81.982895084189977, 36.879291753052655 ], [ -81.97656267242148, 36.869688908780709 ], [ -81.964480302534653, 36.870205615761733 ], [ -81.959250336189214, 36.865019133548621 ], [ -81.947116322557079, 36.864711642421497 ], [ -81.88527381787371, 36.889574612279503 ], [ -81.85885377901748, 36.908348286793156 ], [ -81.836820191401983, 36.929008661231357 ], [ -81.699598063195978, 36.789220920572326 ], [ -81.619147791849798, 36.63435990060561 ], [ -81.605650998388668, 36.638810610095959 ], [ -81.610519227056486, 36.61698075677657 ], [ -81.618178427490548, 36.614216453518623 ], [ -81.621064828953578, 36.616097823171366 ], [ -81.627674973187112, 36.611803396368586 ], [ -81.922738117371622, 36.616198123741974 ], [ -81.93456665075658, 36.594289543620476 ], [ -82.145999761674062, 36.59476690338645 ], [ -82.124678821962007, 36.616071630641294 ], [ -82.105666662316338, 36.628893709648828 ], [ -82.114417082738527, 36.638456607266555 ], [ -82.123621134580105, 36.633720699662717 ], [ -82.137227141630035, 36.632987133383338 ], [ -82.140104412224289, 36.63789368922054 ], [ -82.158346892815075, 36.630579338936784 ], [ -82.15796173802066, 36.626795497083279 ], [ -82.179076451111214, 36.627046834271873 ], [ -82.224199121168127, 36.604659173749504 ], [ -82.233214386876597, 36.60458579307452 ], [ -82.232828247529397, 36.599900711376904 ], [ -82.238938035095643, 36.596195071042857 ], [ -82.294026541999585, 36.595684301626783 ], [ -82.307798569458271, 36.619581004277322 ], [ -82.33214384947587, 36.709186418842329 ], [ -82.30045249012737, 36.730739435201805 ], [ -82.25148793947524, 36.74888345727836 ], [ -82.224771710150037, 36.762708045449983 ], [ -82.19127980252189, 36.774247357975334 ], [ -82.128385045363729, 36.789732233566752 ], [ -82.11310286887992, 36.79689951270089 ], [ -82.107415004928569, 36.796393618840078 ], [ -82.103945647235818, 36.79887113848325 ], [ -82.11121971970077, 36.80554263153472 ], [ -82.116962465856489, 36.818033590417734 ], [ -82.107893418302623, 36.835236021057447 ], [ -82.077935967308463, 36.8550022013766 ], [ -82.041136786598955, 36.864643820457296 ] ] ] } },
{ "type": "Feature", "properties": { "County_Nam": "Lee", "FIPS": 105 }, "geometry": { "type": "Polygon", "coordinates": [ [ [ -82.878496147720185, 36.893185227243286 ], [ -82.871047164917712, 36.889011334814654 ], [ -82.861564843664368, 36.876012602970214 ], [ -82.851203984401579, 36.870082354954498 ], [ -82.852410351955669, 36.864946766388897 ], [ -82.844230633053641, 36.858090709965758 ], [ -82.8491969356661, 36.855173392277344 ], [ -82.847770041517435, 36.848099944435532 ], [ -82.835366978938282, 36.848006551384621 ], [ -82.77122748665694, 36.799870994338306 ], [ -82.786004693036261, 36.788443095426629 ], [ -82.791277782745439, 36.780333562120695 ], [ -82.789974039950621, 36.776750985339923 ], [ -82.799287939223703, 36.77819788229818 ], [ -82.808634034849618, 36.772749975979274 ], [ -82.828128756209964, 36.748990902321317 ], [ -82.823190805759012, 36.733500149329913 ], [ -82.828122933253567, 36.729255754672224 ], [ -82.852761143561253, 36.717210123831322 ], [ -82.888125348707888, 36.706593406773621 ], [ -82.947587038305585, 36.675775322178261 ], [ -82.985071633177881, 36.593792626886035 ], [ -83.260697970571485, 36.593771577944416 ], [ -83.276355316376183, 36.598009778823602 ], [ -83.523323681238878, 36.597069422395883 ], [ -83.675422048913759, 36.600726202637908 ], [ -83.673200620830485, 36.604647484798875 ], [ -83.663339313949535, 36.606955837972869 ], [ -83.649447284484822, 36.616705673723551 ], [ -83.645278777565892, 36.624293725316804 ], [ -83.63496088117148, 36.622814311909615 ], [ -83.623971397320645, 36.62551060258275 ], [ -83.613828503237727, 36.634980309051571 ], [ -83.586524986826589, 36.643765398987732 ], [ -83.57716604273736, 36.641576349753564 ], [ -83.5621247340694, 36.65132660520149 ], [ -83.537078383812087, 36.658799527391473 ], [ -83.530330950363265, 36.666042980535707 ], [ -83.499592311933483, 36.670638736277922 ], [ -83.466788321327115, 36.664691140552684 ], [ -83.424785358097637, 36.667289890334509 ], [ -83.395824927150102, 36.677214885541325 ], [ -83.386704980563508, 36.686692004559283 ], [ -83.309615888755133, 36.710618424662897 ], [ -83.288436879150183, 36.71360885737127 ], [ -83.194523552585622, 36.739453997888099 ], [ -83.13507484938529, 36.742644010091006 ], [ -83.134275935868644, 36.749425156332038 ], [ -83.12779562721569, 36.750768115000959 ], [ -83.128860075426104, 36.757845704745961 ], [ -83.12578761669792, 36.761474461234421 ], [ -83.132496799272843, 36.764279668498574 ], [ -83.129400839942889, 36.769918060245232 ], [ -83.132853947676224, 36.771627851579879 ], [ -83.128963895365175, 36.775714267909287 ], [ -83.133240250677744, 36.784465696224601 ], [ -83.12316992820783, 36.786691262970749 ], [ -83.104316359452014, 36.804061974512308 ], [ -83.10265365922308, 36.811208278363544 ], [ -83.098422393684729, 36.813350163394382 ], [ -83.098570138844622, 36.823745924476867 ], [ -83.102058410840812, 36.82810270604854 ], [ -83.087735024345207, 36.838092353407959 ], [ -83.075123067670219, 36.84080513720793 ], [ -83.075934473786717, 36.850685820545316 ], [ -83.07277003868407, 36.854486976627371 ], [ -83.048119362906462, 36.851663463475376 ], [ -83.041365257788868, 36.854964513559572 ], [ -83.026791085085577, 36.855549325774348 ], [ -83.022121243975192, 36.849894866329223 ], [ -83.006734393140235, 36.847641912045859 ], [ -82.998399152087359, 36.856603860171973 ], [ -82.978816931128435, 36.859781240263544 ], [ -82.970124414263935, 36.857754490538454 ], [ -82.951485595976081, 36.866186126767907 ], [ -82.907719721445105, 36.874759177607409 ], [ -82.907016214650525, 36.879477508176628 ], [ -82.878941040161791, 36.889291572951649 ], [ -82.878496147720185, 36.893185227243286 ] ] ] } },
{ "type": "Feature", "properties": { "County_Nam": "Carroll", "FIPS": 35 }, "geometry": { "type": "Polygon", "coordinates": [ [ [ -80.634076736584277, 36.931859532884545 ], [ -80.464086999999751, 36.708245456849163 ], [ -80.455674448776421, 36.705583979785686 ], [ -80.453701485450949, 36.700864582195855 ], [ -80.46030214798084, 36.693394449094185 ], [ -80.466012140737433, 36.673123961646311 ], [ -80.48062105306407, 36.664874220509851 ], [ -80.486815398922502, 36.665807008784434 ], [ -80.488919134428684, 36.650229719418526 ], [ -80.501584260262661, 36.656901515684467 ], [ -80.513933155010889, 36.648811592491477 ], [ -80.53989782892009, 36.641194401790337 ], [ -80.550079761806188, 36.643036495462667 ], [ -80.553174795348582, 36.6530333357572 ], [ -80.564966762637965, 36.65262425813976 ], [ -80.566431274856043, 36.656791320928683 ], [ -80.577546482108318, 36.662202763037506 ], [ -80.595020994332017, 36.661338159142652 ], [ -80.592466611376466, 36.655665301322166 ], [ -80.598858526000029, 36.651389141998436 ], [ -80.603037883848799, 36.652517516554397 ], [ -80.603724854970494, 36.638157234260802 ], [ -80.610881161900224, 36.633007163842308 ], [ -80.61409062149994, 36.623283289913914 ], [ -80.621799968424568, 36.619819237200431 ], [ -80.619310539757521, 36.611881992475432 ], [ -80.625743946221789, 36.606060924988455 ], [ -80.623104497952554, 36.592159868580907 ], [ -80.613823574606258, 36.588325871982462 ], [ -80.615769534716506, 36.585837051079615 ], [ -80.612609559875253, 36.573615737247827 ], [ -80.61484582496476, 36.566890613340391 ], [ -80.61063843781362, 36.562809013260683 ], [ -80.612457891223073, 36.557951940198585 ], [ -80.706924435322492, 36.562261286870708 ], [ -80.837876399070453, 36.559127698614553 ], [ -80.914232941536028, 36.65032006750009 ], [ -80.89349527138107, 36.671658605777601 ], [ -80.885948702379252, 36.675608995633965 ], [ -80.877231204251117, 36.692254845483632 ], [ -80.884724396100538, 36.69503155283649 ], [ -80.90624617296794, 36.686715885835184 ], [ -80.91148128356285, 36.694693440102029 ], [ -80.916750271020717, 36.694471227100564 ], [ -80.916816832306935, 36.6805003754246 ], [ -80.920570086838822, 36.678213605137344 ], [ -80.925501503732875, 36.682150654343417 ], [ -80.931633558543609, 36.677026371657881 ], [ -80.929958287162023, 36.671565458431473 ], [ -80.93213169546587, 36.671555817917444 ], [ -81.042583858853035, 36.806364991492636 ], [ -81.03022450789868, 36.814638606688753 ], [ -81.024453771062142, 36.810825704348773 ], [ -80.852919949986827, 36.849138686443339 ], [ -80.846339668630577, 36.846686758027843 ], [ -80.813147178965892, 36.85328714401868 ], [ -80.795253989846458, 36.863221924722467 ], [ -80.691895434436006, 36.894875206584615 ], [ -80.682548616563679, 36.895277107047626 ], [ -80.679082223862963, 36.902829728023548 ], [ -80.680872604357575, 36.90938959761975 ], [ -80.676118848798978, 36.908127867141573 ], [ -80.659249152214642, 36.913497704492187 ], [ -80.653057913709389, 36.922978975342673 ], [ -80.636766967830141, 36.92714022816002 ], [ -80.634076736584277, 36.931859532884545 ] ] ] } },
{ "type": "Feature", "properties": { "County_Nam": "Scott", "FIPS": 169 }, "geometry": { "type": "Polygon", "coordinates": [ [ [ -82.406818729331732, 36.87648221433119 ], [ -82.357027659215987, 36.780462097966804 ], [ -82.326327670328467, 36.691391991081943 ], [ -82.307798569458271, 36.619581004277322 ], [ -82.294026541999585, 36.595684301626783 ], [ -82.985071633177881, 36.593792626886035 ], [ -82.947587038305585, 36.675775322178261 ], [ -82.888125348707888, 36.706593406773621 ], [ -82.852761143561253, 36.717210123831322 ], [ -82.828122933253567, 36.729255754672224 ], [ -82.823255150314793, 36.733275607652097 ], [ -82.823212790007105, 36.738171849317609 ], [ -82.829380906503175, 36.747391014740806 ], [ -82.808634034849618, 36.772749975979274 ], [ -82.799287939223703, 36.77819788229818 ], [ -82.789974039950621, 36.776750985339923 ], [ -82.791277782745439, 36.780333562120695 ], [ -82.786004693036261, 36.788443095426629 ], [ -82.776591958712984, 36.793282317541895 ], [ -82.773184279455691, 36.799973795554713 ], [ -82.768557616041846, 36.799464377024563 ], [ -82.773696232066669, 36.803437854851339 ], [ -82.772892292599551, 36.806723248752803 ], [ -82.748293755577038, 36.832805859178556 ], [ -82.737164198143404, 36.827198259708176 ], [ -82.723202559721443, 36.832362701173722 ], [ -82.722048982517535, 36.82532770253362 ], [ -82.706819317174421, 36.823118657729232 ], [ -82.702955447238168, 36.817433590504251 ], [ -82.698379562039776, 36.816812350661451 ], [ -82.690908457519186, 36.820459587884997 ], [ -82.673696660987872, 36.837517412508021 ], [ -82.657044212708996, 36.845029654654695 ], [ -82.653826695340527, 36.853295371312875 ], [ -82.650577193674295, 36.853876809861774 ], [ -82.652716912361072, 36.856685484451461 ], [ -82.650560909154038, 36.861885652156055 ], [ -82.638016897811042, 36.875790629607351 ], [ -82.618055313531485, 36.880818627853934 ], [ -82.403408778265202, 36.885485261601332 ], [ -82.402096500343163, 36.882329671363117 ], [ -82.406818729331732, 36.87648221433119 ] ] ] } },
{ "type": "Feature", "properties": { "County_Nam": "Greensville", "FIPS": 81 }, "geometry": { "type": "Polygon", "coordinates": [ [ [ -77.618328666913186, 36.877462325548635 ], [ -77.605900075269403, 36.877116187094629 ], [ -77.605092712793279, 36.87081632799768 ], [ -77.594759847079089, 36.871004291191234 ], [ -77.586669751540796, 36.85938824353773 ], [ -77.576830637645685, 36.851856079028721 ], [ -77.567441175257571, 36.853122902860264 ], [ -77.556967948447735, 36.845472064949007 ], [ -77.544700540122264, 36.852875611409999 ], [ -77.531129794250106, 36.853050723006398 ], [ -77.510300703287967, 36.845036905356373 ], [ -77.501321852155527, 36.845034832070169 ], [ -77.490803062471159, 36.848827076165989 ], [ -77.475504957226107, 36.860996096353134 ], [ -77.458701196730658, 36.863075564998091 ], [ -77.490013380514355, 36.72112455175877 ], [ -77.48202436895113, 36.72179624817656 ], [ -77.466719421700247, 36.7150645718174 ], [ -77.439558759717741, 36.709931018755867 ], [ -77.433886744953099, 36.711574859512702 ], [ -77.430141181188134, 36.707710653251524 ], [ -77.502025268522516, 36.670674819968305 ], [ -77.494566018036423, 36.667688295748469 ], [ -77.493365363759892, 36.672025986359245 ], [ -77.483691240874037, 36.666500788603571 ], [ -77.477591286980385, 36.669038825991279 ], [ -77.475249275719548, 36.665410410532694 ], [ -77.476951783228586, 36.661267476755221 ], [ -77.469409565444352, 36.659957409867054 ], [ -77.463602436643612, 36.652036210054817 ], [ -77.456743743333078, 36.655598298579527 ], [ -77.457706048149262, 36.650939149928021 ], [ -77.452459723512931, 36.6523451975999 ], [ -77.447006656073398, 36.649636459332804 ], [ -77.44279075398893, 36.651985253328426 ], [ -77.438908363629395, 36.650136150535211 ], [ -77.43762105435907, 36.655133040832538 ], [ -77.431054612571018, 36.651779421441752 ], [ -77.429434544321111, 36.655304938510085 ], [ -77.424169183297238, 36.652600324633156 ], [ -77.419933791459016, 36.654700867142274 ], [ -77.418690037648318, 36.651830799841498 ], [ -77.415199734666615, 36.6542540102527 ], [ -77.406857260292554, 36.647444859720153 ], [ -77.399727120545762, 36.64729365727262 ], [ -77.398503805724062, 36.644524343538279 ], [ -77.396413456734535, 36.64656729137824 ], [ -77.390617274873023, 36.639074765681592 ], [ -77.386710450737937, 36.642066562428894 ], [ -77.386495236310637, 36.629763837047086 ], [ -77.382771031783719, 36.633308385932168 ], [ -77.373509546235312, 36.630041470416359 ], [ -77.372207630682269, 36.626469026713053 ], [ -77.376484321545178, 36.623898433184316 ], [ -77.373268513816768, 36.622130711231932 ], [ -77.375882368876944, 36.621046603788656 ], [ -77.367632231434541, 36.614097517452436 ], [ -77.371611908268619, 36.613901149078792 ], [ -77.371450917342315, 36.607234805017157 ], [ -77.366016687094515, 36.605013064605473 ], [ -77.362966668222498, 36.60697084800767 ], [ -77.364348452293328, 36.601657338014192 ], [ -77.357253325755337, 36.600428028300485 ], [ -77.359781799944471, 36.592696668244912 ], [ -77.355642299902541, 36.590750700966673 ], [ -77.358739067015478, 36.587417706226312 ], [ -77.355880014201347, 36.580906092113366 ], [ -77.362291396341305, 36.573287081029143 ], [ -77.354998746164, 36.554103107915914 ], [ -77.351172913369012, 36.554645091390405 ], [ -77.348078645268245, 36.550467738658995 ], [ -77.343439263334247, 36.553749690953325 ], [ -77.336346404148415, 36.55073442144365 ], [ -77.335540519546058, 36.554715961984002 ], [ -77.330538731522765, 36.554759826930407 ], [ -77.331798144124051, 36.557783849588347 ], [ -77.325645613486941, 36.553782884308575 ], [ -77.322911895819473, 36.555722197932262 ], [ -77.322383397680795, 36.550326910855247 ], [ -77.314959195174325, 36.548979719911728 ], [ -77.312160318440732, 36.551699687946964 ], [ -77.311441727668651, 36.546821771997529 ], [ -77.302084289829523, 36.548348133382703 ], [ -77.296934335627213, 36.544885082222933 ], [ -77.767183331678723, 36.545378330169299 ], [ -77.655922781420244, 36.713330563309746 ], [ -77.65793731972866, 36.894640198744845 ], [ -77.64824844747406, 36.897150342286146 ], [ -77.645625457685881, 36.889363775916813 ], [ -77.648174105634283, 36.881842646831174 ], [ -77.640703623378144, 36.87414369383059 ], [ -77.633544226581549, 36.874757833274607 ], [ -77.632168103188732, 36.878740190136284 ], [ -77.638681439787874, 36.883987126530393 ], [ -77.632796259310354, 36.88798851717651 ], [ -77.618328666913186, 36.877462325548635 ] ], [ [ -77.559358466448828, 36.694189954963264 ], [ -77.556290274350829, 36.674782258743186 ], [ -77.54435388033815, 36.671554815745409 ], [ -77.535291112895592, 36.675934605386239 ], [ -77.525797315645846, 36.672743334053408 ], [ -77.526101738542309, 36.678732454710421 ], [ -77.522485631077657, 36.679311634699161 ], [ -77.519884199740517, 36.686475400895226 ], [ -77.508479119228198, 36.684749468050789 ], [ -77.507597719974569, 36.690477499626731 ], [ -77.512224433101025, 36.691283379606489 ], [ -77.51197848804496, 36.701770143558221 ], [ -77.519056183699945, 36.700642592728904 ], [ -77.50972249249412, 36.717497293263513 ], [ -77.516328856859857, 36.720552614779727 ], [ -77.521822475781349, 36.713399742165713 ], [ -77.527610536029371, 36.713026766655673 ], [ -77.536699269152308, 36.716296284529044 ], [ -77.543869747104964, 36.710289527512977 ], [ -77.556873272089575, 36.714003170938661 ], [ -77.558025939521954, 36.708460524809631 ], [ -77.564050942302458, 36.703840340717896 ], [ -77.559358466448828, 36.694189954963264 ] ] ] } },
{ "type": "Feature", "properties": { "County_Nam": "Chesapeake", "FIPS": 550 }, "geometry": { "type": "Polygon", "coordinates": [ [ [ -76.290545589089092, 36.82175912260827 ], [ -76.280053967034632, 36.822737897124767 ], [ -76.274973030494223, 36.828056792281259 ], [ -76.257704855475396, 36.820808469601772 ], [ -76.24408342294501, 36.836327858784848 ], [ -76.224205336531739, 36.837561980612151 ], [ -76.228029382571336, 36.832165799532241 ], [ -76.203551703368262, 36.769721796662822 ], [ -76.143640015887954, 36.756965376170626 ], [ -76.097079669218985, 36.715859044110339 ], [ -76.081860361076821, 36.712582018471103 ], [ -76.079993443404732, 36.70527247098088 ], [ -76.068307870793447, 36.692852374968787 ], [ -76.065324918823549, 36.685595398073893 ], [ -76.069166262842302, 36.677405029640042 ], [ -76.079767041727294, 36.678783144895341 ], [ -76.121591626483351, 36.666014705775922 ], [ -76.122188498804192, 36.550536686268863 ], [ -76.491411936776373, 36.550576037659646 ], [ -76.457323550158733, 36.815239319119485 ], [ -76.440790699134382, 36.843273912178361 ], [ -76.420347155053193, 36.866625147515691 ], [ -76.397775233097789, 36.866640369823635 ], [ -76.399129052554116, 36.860370949878089 ], [ -76.387586190367898, 36.852359810646242 ], [ -76.387814827421792, 36.844945319977782 ], [ -76.383484585850056, 36.838413258173695 ], [ -76.39494323915487, 36.828226393884819 ], [ -76.403356827571017, 36.81315721973791 ], [ -76.400787623594127, 36.805347485877931 ], [ -76.391620801505624, 36.805069757209075 ], [ -76.375876720073649, 36.786140677199604 ], [ -76.292281575455647, 36.798672863170651 ], [ -76.290545589089092, 36.82175912260827 ] ] ] } },
{ "type": "Feature", "properties": { "County_Nam": "Mecklenburg", "FIPS": 117 }, "geometry": { "type": "Polygon", "coordinates": [ [ [ -78.408191667953005, 36.856889308482536 ], [ -78.401209200545452, 36.856416065684392 ], [ -78.397820434866944, 36.864016863885361 ], [ -78.394812256631454, 36.859365532715486 ], [ -78.386623480412467, 36.862507731722303 ], [ -78.379084987967573, 36.862256307518038 ], [ -78.374726212521978, 36.857879417866265 ], [ -78.368526010315449, 36.861497709848337 ], [ -78.360391750902124, 36.85994641030809 ], [ -78.345256322716878, 36.842135865222595 ], [ -78.341707056703555, 36.845959612907272 ], [ -78.338179517071609, 36.845065412333717 ], [ -78.339497998535151, 36.850835886317142 ], [ -78.329343950129882, 36.849798781256482 ], [ -78.328944081307796, 36.854558782988498 ], [ -78.325653530863846, 36.848886249559044 ], [ -78.319361551960284, 36.8492696259786 ], [ -78.305039556047518, 36.843066432427918 ], [ -78.303456281695929, 36.836496385586528 ], [ -78.294212670502702, 36.835973790245376 ], [ -78.293262347700448, 36.830260089497472 ], [ -78.278681208750001, 36.820316621191871 ], [ -78.270248959548312, 36.821137143437809 ], [ -78.243389390165035, 36.814604084596702 ], [ -78.241143955295271, 36.807870922540431 ], [ -78.234472882183411, 36.810190759212766 ], [ -78.228531827481959, 36.80589412736898 ], [ -78.219511826430221, 36.808128284982011 ], [ -78.194702025055037, 36.802355305398159 ], [ -78.174668120467771, 36.803059325992052 ], [ -78.118977255477461, 36.787021418543141 ], [ -78.109046454525796, 36.788897123659765 ], [ -78.112484794483407, 36.799278381418823 ], [ -78.105706393491971, 36.800789549236605 ], [ -78.100118980355489, 36.796145946732054 ], [ -78.085206515991672, 36.793091912062685 ], [ -78.056592640399714, 36.776444027466418 ], [ -78.050766715499606, 36.777569318896496 ], [ -78.047182442039841, 36.784316379878895 ], [ -78.027237051805741, 36.778049718348065 ], [ -78.046243033028205, 36.543530544468766 ], [ -78.734088855777344, 36.541932734270098 ], [ -78.731782523842398, 36.547847795657034 ], [ -78.740240178670376, 36.55127405431255 ], [ -78.736438695764036, 36.55224934808048 ], [ -78.736953715119981, 36.560371108169655 ], [ -78.733349467371241, 36.560292754603054 ], [ -78.730988737049444, 36.566997852813742 ], [ -78.733522334736634, 36.569119001545765 ], [ -78.728690416185742, 36.571552161329407 ], [ -78.725146711872085, 36.569681011150706 ], [ -78.724665273331709, 36.578394873113588 ], [ -78.718379142960856, 36.57609802767162 ], [ -78.715647786049288, 36.580694915848184 ], [ -78.71917888871964, 36.585145742534323 ], [ -78.715909085711473, 36.585455111594662 ], [ -78.719980108835742, 36.588868704695543 ], [ -78.712455101847979, 36.592977856397937 ], [ -78.717469090647199, 36.598348725251306 ], [ -78.710833858097445, 36.608383112150399 ], [ -78.712538526551413, 36.618184210361079 ], [ -78.709427773270775, 36.620560686930901 ], [ -78.712103809670722, 36.626955127217741 ], [ -78.70945586768714, 36.629785667666816 ], [ -78.713443680828902, 36.634256137490212 ], [ -78.708137874178121, 36.637989480441426 ], [ -78.712036032560718, 36.642410975341186 ], [ -78.70923842126183, 36.643077127959124 ], [ -78.70734018333701, 36.655019991831125 ], [ -78.701726855855526, 36.654688069739635 ], [ -78.696995609407765, 36.66896235146482 ], [ -78.702792469421382, 36.675967124281193 ], [ -78.692659668299072, 36.67879145410442 ], [ -78.680503740157732, 36.687198251698234 ], [ -78.650596704529121, 36.690325543427001 ], [ -78.640235980381476, 36.684235059273909 ], [ -78.624130974563016, 36.667128653507433 ], [ -78.613457120755285, 36.663034157160787 ], [ -78.602866171134878, 36.654165413866949 ], [ -78.592696943927024, 36.651695744073088 ], [ -78.5791922108927, 36.638497863750324 ], [ -78.560485001651188, 36.639014255155701 ], [ -78.54911583775889, 36.626106959681557 ], [ -78.558349227543474, 36.640758540273993 ], [ -78.57545824820572, 36.64655247366413 ], [ -78.623346106500009, 36.672319712299803 ], [ -78.63989826813021, 36.694552574710258 ], [ -78.648538318295067, 36.697970432167786 ], [ -78.49298556496484, 36.891116959470921 ], [ -78.483499764361653, 36.882840391579215 ], [ -78.475166118311293, 36.882386468054086 ], [ -78.463074591684233, 36.871767380229144 ], [ -78.452373966926658, 36.873324917584561 ], [ -78.449629460084083, 36.870456010305467 ], [ -78.444824288080454, 36.871368268917678 ], [ -78.444141711783303, 36.868671373122602 ], [ -78.429976155320645, 36.871223966309138 ], [ -78.430183931983862, 36.864628895359807 ], [ -78.42160939498963, 36.858402236153701 ], [ -78.420885755315155, 36.851550166409929 ], [ -78.414797795934774, 36.856884133646886 ], [ -78.408191667953005, 36.856889308482536 ] ] ] } },
{ "type": "Feature", "properties": { "County_Nam": "Patrick", "FIPS": 141 }, "geometry": { "type": "Polygon", "coordinates": [ [ [ -80.250984209200723, 36.870562352045937 ], [ -80.235578639151541, 36.8722070902285 ], [ -80.099064897068487, 36.845766366949952 ], [ -80.089760194063544, 36.845553979281348 ], [ -80.084183437298691, 36.848911275924713 ], [ -80.06670902507912, 36.841350260414728 ], [ -80.069666468950686, 36.834301242302871 ], [ -80.078101851919868, 36.836693436839873 ], [ -80.077585314496758, 36.831740342772108 ], [ -80.070489413216407, 36.830126014818759 ], [ -80.071497109886465, 36.821174756523391 ], [ -80.044392395236187, 36.801531612895204 ], [ -80.041585594122779, 36.794356843981376 ], [ -80.075301636270225, 36.790660781691258 ], [ -80.091804169678937, 36.780703163560339 ], [ -80.080705823029618, 36.762538868435932 ], [ -80.089680635639525, 36.755339719855094 ], [ -80.09477315607954, 36.746289659918752 ], [ -80.08469382120667, 36.740157484320477 ], [ -80.094252828577382, 36.724027406699953 ], [ -80.088860617599138, 36.711131957229085 ], [ -80.08151519827976, 36.703229700475852 ], [ -80.075762705755096, 36.680511096675723 ], [ -80.058664171470781, 36.660803974034046 ], [ -80.060542344859613, 36.634629846159903 ], [ -80.054925030609652, 36.630418260729314 ], [ -80.054782140125241, 36.62299972449631 ], [ -80.0516885400978, 36.619797181231952 ], [ -80.054042823675289, 36.613136931446576 ], [ -80.050171480850437, 36.609226741605731 ], [ -80.053537462493594, 36.542538852673381 ], [ -80.295440367307478, 36.544015593345122 ], [ -80.612457891223073, 36.557951940198585 ], [ -80.61063843781362, 36.562809013260683 ], [ -80.61484582496476, 36.566890613340391 ], [ -80.612609559875253, 36.573615737247827 ], [ -80.615769534716506, 36.585837051079615 ], [ -80.613823574606258, 36.588325871982462 ], [ -80.623104497952554, 36.592159868580907 ], [ -80.625743946221789, 36.606060924988455 ], [ -80.619310539757521, 36.611881992475432 ], [ -80.621799968424568, 36.619819237200431 ], [ -80.61409062149994, 36.623283289913914 ], [ -80.610881161900224, 36.633007163842308 ], [ -80.603724854970494, 36.638157234260802 ], [ -80.603037883848799, 36.652517516554397 ], [ -80.598858526000029, 36.651389141998436 ], [ -80.592466611376466, 36.655665301322166 ], [ -80.595020994332017, 36.661338159142652 ], [ -80.577546482108318, 36.662202763037506 ], [ -80.566431274856043, 36.656791320928683 ], [ -80.564966762637965, 36.65262425813976 ], [ -80.553174795348582, 36.6530333357572 ], [ -80.550079761806188, 36.643036495462667 ], [ -80.53989782892009, 36.641194401790337 ], [ -80.513933155010889, 36.648811592491477 ], [ -80.501584260262661, 36.656901515684467 ], [ -80.488919134428684, 36.650229719418526 ], [ -80.486815398922502, 36.665807008784434 ], [ -80.48062105306407, 36.664874220509851 ], [ -80.466012140737433, 36.673123961646311 ], [ -80.46030214798084, 36.693394449094185 ], [ -80.4537736374606, 36.700543897463433 ], [ -80.455674448776421, 36.705583979785686 ], [ -80.464380459422387, 36.708986475194507 ], [ -80.461951182336549, 36.724768021198315 ], [ -80.452648533553031, 36.730468860412998 ], [ -80.458870110601353, 36.738318176498055 ], [ -80.44360915385279, 36.747866565073743 ], [ -80.430735135569961, 36.743022524941992 ], [ -80.394724412122841, 36.744422399989041 ], [ -80.392614759682289, 36.748862333683149 ], [ -80.397165173433294, 36.752914289440099 ], [ -80.397726542991037, 36.762378341458167 ], [ -80.387403774855983, 36.770410434838027 ], [ -80.392026253860877, 36.776752671525649 ], [ -80.391576766833708, 36.780234921950964 ], [ -80.385437268172865, 36.784020675425843 ], [ -80.390878943695199, 36.790744385193406 ], [ -80.387443945589894, 36.797471101064367 ], [ -80.374530311311332, 36.80447844197009 ], [ -80.361304864799095, 36.803239813449416 ], [ -80.35064452473479, 36.808552325547609 ], [ -80.341756916807256, 36.820286416197284 ], [ -80.345326769154269, 36.829685420542404 ], [ -80.343583767721, 36.832936512150248 ], [ -80.328889415640674, 36.83051522353621 ], [ -80.327060597520656, 36.836191000370789 ], [ -80.321254895228066, 36.837583986989969 ], [ -80.317642903814473, 36.843625559525137 ], [ -80.305569515017453, 36.842169758460898 ], [ -80.294500693545729, 36.847626077293931 ], [ -80.287750605079836, 36.859075368859031 ], [ -80.274648576067236, 36.861967703387343 ], [ -80.272218688047602, 36.859203545604124 ], [ -80.268808156247033, 36.862878054921879 ], [ -80.255554087873932, 36.863881948307565 ], [ -80.253528425314542, 36.870721270335281 ], [ -80.250984209200723, 36.870562352045937 ] ] ] } },
{ "type": "Feature", "properties": { "County_Nam": "Henry", "FIPS": 89 }, "geometry": { "type": "Polygon", "coordinates": [ [ [ -79.842006835905437, 36.799922366770033 ], [ -79.802240926937301, 36.792141021495539 ], [ -79.787356816364323, 36.800658759682428 ], [ -79.769926562484471, 36.794398993124517 ], [ -79.764202912003782, 36.799160445597693 ], [ -79.761729338363892, 36.788309018663504 ], [ -79.748988936623931, 36.794112733845679 ], [ -79.750268847735839, 36.799078799835087 ], [ -79.736483378319107, 36.812693284359405 ], [ -79.691361330703515, 36.828720059802755 ], [ -79.687488032983609, 36.828613478038804 ], [ -79.687093868417719, 36.824934639200116 ], [ -79.674558576905028, 36.82933280710732 ], [ -79.668626775585935, 36.827605051729186 ], [ -79.658663359423329, 36.833723749146742 ], [ -79.65708525418448, 36.840474668840642 ], [ -79.640635960290794, 36.856115717804869 ], [ -79.714824231106604, 36.541962603142736 ], [ -80.053537462493594, 36.542538852673381 ], [ -80.050171480850437, 36.609226741605731 ], [ -80.054042823675289, 36.613136931446576 ], [ -80.0516885400978, 36.619797181231952 ], [ -80.054782140125241, 36.62299972449631 ], [ -80.054925030609652, 36.630418260729314 ], [ -80.060501302258956, 36.634383957804602 ], [ -80.059568008912109, 36.6632463418523 ], [ -80.065233171735116, 36.666163355434932 ], [ -80.069977501407251, 36.676519179813326 ], [ -80.075762705755096, 36.680511096675723 ], [ -80.08151519827976, 36.703229700475852 ], [ -80.093807493878813, 36.722198286822099 ], [ -80.08469382120667, 36.740157484320477 ], [ -80.09477315607954, 36.746289659918752 ], [ -80.089680635639525, 36.755339719855094 ], [ -80.080705823029618, 36.762538868435932 ], [ -80.091804169678937, 36.780703163560339 ], [ -80.075301636270225, 36.790660781691258 ], [ -80.041585594122779, 36.794356843981376 ], [ -80.03070364664481, 36.782479629110412 ], [ -80.015631429836816, 36.781307863384718 ], [ -80.014061134736721, 36.786376653226569 ], [ -80.020509178163223, 36.7866847348728 ], [ -80.027606431963846, 36.791920035460763 ], [ -80.016325490980236, 36.79344680829616 ], [ -80.012155799442354, 36.789424405798918 ], [ -79.999884314614704, 36.830634937142889 ], [ -79.842006835905437, 36.799922366770033 ] ], [ [ -79.842584352285343, 36.705742268500977 ], [ -79.874829078474093, 36.715254626181455 ], [ -79.881146874017077, 36.711503145876023 ], [ -79.90355271930747, 36.684461600472574 ], [ -79.894008288612824, 36.672213602964099 ], [ -79.884708160275423, 36.671920955607568 ], [ -79.880064440298071, 36.667075382423853 ], [ -79.859488243846499, 36.661821911773728 ], [ -79.859683651822024, 36.650385604822652 ], [ -79.841502907795359, 36.644017654923367 ], [ -79.837236811231392, 36.646107380767518 ], [ -79.841257614694626, 36.651711880165635 ], [ -79.837987723549148, 36.659178070685684 ], [ -79.839322344119111, 36.652538197460686 ], [ -79.832582661504148, 36.652848513815144 ], [ -79.831107551039423, 36.646212627427502 ], [ -79.827684612374142, 36.647673350338941 ], [ -79.829879172922247, 36.653055246449433 ], [ -79.826892590251546, 36.659426692251181 ], [ -79.84417063099626, 36.671162810385574 ], [ -79.837583713692126, 36.704241720246429 ], [ -79.842584352285343, 36.705742268500977 ] ] ] } },
{ "type": "Feature", "properties": { "County_Nam": "Grayson", "FIPS": 77 }, "geometry": { "type": "Polygon", "coordinates": [ [ [ -81.042583858853035, 36.806364991492636 ], [ -80.938264728509054, 36.678879630037436 ], [ -80.942981589787593, 36.676588942403505 ], [ -80.940134814391584, 36.672600048715132 ], [ -80.947286040974348, 36.666940192552083 ], [ -80.949436443066489, 36.655216619855089 ], [ -80.946744688583252, 36.648200262880152 ], [ -80.942010193417104, 36.645545844586337 ], [ -80.921464542420722, 36.643793678934664 ], [ -80.931606012450899, 36.628482736994435 ], [ -80.931000596213181, 36.625270353917188 ], [ -80.918309446394886, 36.627872779702564 ], [ -80.917171281730461, 36.645502000381363 ], [ -80.914232941536028, 36.65032006750009 ], [ -80.837876399070453, 36.559127698614553 ], [ -81.176799742771578, 36.571863814940926 ], [ -81.441260894914663, 36.576819560519972 ], [ -81.600463443770579, 36.58696416493968 ], [ -81.677546012619999, 36.588116376047829 ], [ -81.646682684860608, 36.61190712896952 ], [ -81.627674973187112, 36.611803396368586 ], [ -81.621064828953578, 36.616097823171366 ], [ -81.612314945838065, 36.615418525672041 ], [ -81.602182679736785, 36.642400434090767 ], [ -81.581457385270753, 36.646605152865568 ], [ -81.563727658357593, 36.658666700754281 ], [ -81.54726752904854, 36.656998892611576 ], [ -81.539045980007955, 36.665330452321903 ], [ -81.531570627418503, 36.685106532094849 ], [ -81.531648995671688, 36.693911399791645 ], [ -81.543412856814427, 36.697226170604999 ], [ -81.544558926462457, 36.701822389114305 ], [ -81.525312238952282, 36.707753221910956 ], [ -81.50969483885082, 36.706783236185032 ], [ -81.502033195260339, 36.711500529113437 ], [ -81.486707788979317, 36.711719548102998 ], [ -81.456615752716004, 36.718633834501283 ], [ -81.439199180328146, 36.717079923507278 ], [ -81.384271476553508, 36.740240829856617 ], [ -81.299103609289133, 36.752968420469998 ], [ -81.268381727043533, 36.762744715724459 ], [ -81.248568524297824, 36.764188949816059 ], [ -81.243055817241498, 36.759613855877376 ], [ -81.225881456271097, 36.764767569939238 ], [ -81.218551270861582, 36.759928147999226 ], [ -81.192104475795446, 36.757690811370331 ], [ -81.185854663696674, 36.758541514929753 ], [ -81.184771379648851, 36.764508804856263 ], [ -81.165519143606971, 36.762465710526818 ], [ -81.155002233920214, 36.768954832182231 ], [ -81.137794903582147, 36.763268373956734 ], [ -81.133890910319352, 36.763396290613159 ], [ -81.131313733705497, 36.767465020359332 ], [ -81.089235046155224, 36.767066231539893 ], [ -81.084951271898134, 36.778139961971689 ], [ -81.087872503294534, 36.781920816076791 ], [ -81.084275398028652, 36.784976731478793 ], [ -81.086813853344651, 36.787287059406232 ], [ -81.058773771295165, 36.797502283395659 ], [ -81.056958131681128, 36.802935185856882 ], [ -81.042583858853035, 36.806364991492636 ] ] ] } },
{ "type": "Feature", "properties": { "County_Nam": "Franklin", "FIPS": 620 }, "geometry": { "type": "Polygon", "coordinates": [ [ [ -76.958662781803781, 36.697116543872603 ], [ -76.961179085255253, 36.701090822684854 ], [ -76.949121850501186, 36.708571845450358 ], [ -76.927999229753297, 36.709815101384834 ], [ -76.923897787957813, 36.708524958204229 ], [ -76.930240931425928, 36.705186368322217 ], [ -76.925938031930428, 36.698367506410506 ], [ -76.915651138679721, 36.700953698364579 ], [ -76.91260791487548, 36.698963338297268 ], [ -76.919697761180061, 36.689150590041905 ], [ -76.917694993920165, 36.687272006980145 ], [ -76.924735969170385, 36.68207469143038 ], [ -76.917722657443946, 36.680360410655439 ], [ -76.918999539420398, 36.674483260273753 ], [ -76.912030328695423, 36.67265299792561 ], [ -76.917827526725546, 36.661628497802489 ], [ -76.913638876850484, 36.65934561468886 ], [ -76.913209864368426, 36.651350679097533 ], [ -76.910012981943197, 36.648193165930195 ], [ -76.961784074799453, 36.667832291767944 ], [ -76.947522095241112, 36.675955608832787 ], [ -76.949273682833336, 36.678714367524002 ], [ -76.964548940907036, 36.678922884335059 ], [ -76.967958144506369, 36.68290460610168 ], [ -76.966342909622981, 36.688125331982853 ], [ -76.953985518287894, 36.689372195001788 ], [ -76.958662781803781, 36.697116543872603 ] ] ] } },
{ "type": "Feature", "properties": { "County_Nam": "Emporia", "FIPS": 595 }, "geometry": { "type": "Polygon", "coordinates": [ [ [ -77.55992553313655, 36.694183608633182 ], [ -77.564050942302458, 36.703840340717896 ], [ -77.558025939521954, 36.708460524809631 ], [ -77.556873272089575, 36.714003170938661 ], [ -77.543869747104964, 36.710289527512977 ], [ -77.536699269152308, 36.716296284529044 ], [ -77.527610536029371, 36.713026766655673 ], [ -77.521822475781349, 36.713399742165713 ], [ -77.516328856859857, 36.720552614779727 ], [ -77.50972249249412, 36.717497293263513 ], [ -77.519056183699945, 36.700642592728904 ], [ -77.51197848804496, 36.701770143558221 ], [ -77.512224433101025, 36.691283379606489 ], [ -77.507597719974569, 36.690477499626731 ], [ -77.508479119228198, 36.684749468050789 ], [ -77.519884199740517, 36.686475400895226 ], [ -77.522485631077657, 36.679311634699161 ], [ -77.526101738542309, 36.678732454710421 ], [ -77.525797315645846, 36.672743334053408 ], [ -77.535291112895592, 36.675934605386239 ], [ -77.54435388033815, 36.671554815745409 ], [ -77.556290274350829, 36.674782258743186 ], [ -77.55992553313655, 36.694183608633182 ] ] ] } },
{ "type": "Feature", "properties": { "County_Nam": "Martinsville", "FIPS": 690 }, "geometry": { "type": "Polygon", "coordinates": [ [ [ -79.837583713692126, 36.704241720246429 ], [ -79.84417063099626, 36.671162810385574 ], [ -79.826892590251546, 36.659426692251181 ], [ -79.829879172922247, 36.653055246449433 ], [ -79.827684612374142, 36.647673350338941 ], [ -79.831107551039423, 36.646212627427502 ], [ -79.832582661504148, 36.652848513815144 ], [ -79.839322344119111, 36.652538197460686 ], [ -79.837250892218535, 36.653581665817875 ], [ -79.837987723549148, 36.659178070685684 ], [ -79.841257614694626, 36.651711880165635 ], [ -79.837236811231392, 36.646107380767518 ], [ -79.841502907795359, 36.644017654923367 ], [ -79.859683651822024, 36.650385604822652 ], [ -79.859488243846499, 36.661821911773728 ], [ -79.880064440298071, 36.667075382423853 ], [ -79.884708160275423, 36.671920955607568 ], [ -79.894008288612824, 36.672213602964099 ], [ -79.90355271930747, 36.684461600472574 ], [ -79.881146874017077, 36.711503145876023 ], [ -79.874829078474093, 36.715254626181455 ], [ -79.837583713692126, 36.704241720246429 ] ] ] } },
{ "type": "Feature", "properties": { "County_Nam": "Galax", "FIPS": 640 }, "geometry": { "type": "Polygon", "coordinates": [ [ [ -80.938264728509054, 36.678879630037436 ], [ -80.938436918878892, 36.671971717119995 ], [ -80.932806407107677, 36.668740751100508 ], [ -80.928806086938366, 36.68012231714448 ], [ -80.924375610706534, 36.682497173905247 ], [ -80.920770166877759, 36.678264377255246 ], [ -80.916816832306935, 36.6805003754246 ], [ -80.916750271020717, 36.694471227100564 ], [ -80.91148128356285, 36.694693440102029 ], [ -80.90624617296794, 36.686715885835184 ], [ -80.884724396100538, 36.69503155283649 ], [ -80.877231204251117, 36.692254845483632 ], [ -80.885948702379252, 36.675608995633965 ], [ -80.89349527138107, 36.671658605777601 ], [ -80.916563542902367, 36.647910852826783 ], [ -80.9205657155442, 36.625690005709465 ], [ -80.929518649022384, 36.624973095113518 ], [ -80.931622067377916, 36.627388305190429 ], [ -80.921464542420722, 36.643793678934664 ], [ -80.942010193417104, 36.645545844586337 ], [ -80.946744688583252, 36.648200262880152 ], [ -80.949382334762703, 36.654922300522266 ], [ -80.947286040974348, 36.666940192552083 ], [ -80.940134814391584, 36.672600048715132 ], [ -80.942981589787593, 36.676588942403505 ], [ -80.938264728509054, 36.678879630037436 ] ] ] } },
{ "type": "Feature", "properties": { "County_Nam": "Grayson", "FIPS": 77 }, "geometry": { "type": "Polygon", "coordinates": [ [ [ -80.93213169546587, 36.671555817917444 ], [ -80.932806407107677, 36.668740751100508 ], [ -80.938436918878892, 36.671971717119995 ], [ -80.936582326365013, 36.676844088224982 ], [ -80.93213169546587, 36.671555817917444 ] ] ] } },
{ "type": "Feature", "properties": { "County_Nam": "Bristol", "FIPS": 520 }, "geometry": { "type": "Polygon", "coordinates": [ [ [ -82.145999761674062, 36.59476690338645 ], [ -82.221624061314913, 36.595880013168674 ], [ -82.241179179341842, 36.595669101186765 ], [ -82.232828247529397, 36.599900711376904 ], [ -82.233214386876597, 36.60458579307452 ], [ -82.224199121168127, 36.604659173749504 ], [ -82.179076451111214, 36.627046834271873 ], [ -82.15796173802066, 36.626795497083279 ], [ -82.158346892815075, 36.630579338936784 ], [ -82.140104412224289, 36.63789368922054 ], [ -82.137227141630035, 36.632987133383338 ], [ -82.113220994240351, 36.637763849538246 ], [ -82.105666662316338, 36.628893709648828 ], [ -82.124678821962007, 36.616071630641294 ], [ -82.145999761674062, 36.59476690338645 ] ] ] } },
{ "type": "Feature", "properties": { "County_Nam": "Danville", "FIPS": 590 }, "geometry": { "type": "Polygon", "coordinates": [ [ [ -79.518064444476053, 36.601415346304385 ], [ -79.518093826577712, 36.605453305773054 ], [ -79.511301192965746, 36.606060217263455 ], [ -79.510277835013426, 36.612473789991519 ], [ -79.500815863809393, 36.617907816352087 ], [ -79.487493144232374, 36.612637792318012 ], [ -79.478825568127036, 36.616225171887045 ], [ -79.452686251212796, 36.612029947874021 ], [ -79.448368244245913, 36.606829975773188 ], [ -79.44585391027735, 36.609317684869929 ], [ -79.443321543259529, 36.605762128378636 ], [ -79.437548964670626, 36.607664286966333 ], [ -79.431219803474619, 36.599426645396576 ], [ -79.423618217728261, 36.597342943416507 ], [ -79.414997772264115, 36.611557139788779 ], [ -79.416015558966748, 36.618378461489804 ], [ -79.404282661859824, 36.630016558696802 ], [ -79.405920464469972, 36.633883102736803 ], [ -79.403094667268192, 36.64142339005727 ], [ -79.399154228937476, 36.644519186623285 ], [ -79.395307153574905, 36.642150661932114 ], [ -79.391197838497177, 36.643962131785258 ], [ -79.389730160758134, 36.640244469519409 ], [ -79.392327786874418, 36.637356227380536 ], [ -79.369260741349237, 36.634920671757733 ], [ -79.368905458019526, 36.616772333944965 ], [ -79.364843214924122, 36.607718059342865 ], [ -79.354857461381101, 36.609471292459922 ], [ -79.351192335277844, 36.600206034297386 ], [ -79.329882572536036, 36.602012826119335 ], [ -79.32819233722195, 36.58282723048778 ], [ -79.304642713455522, 36.582479173147419 ], [ -79.302675175217004, 36.573970471959491 ], [ -79.305457629638724, 36.569696975145895 ], [ -79.314121034959626, 36.568608492901951 ], [ -79.320588114158156, 36.573523973075829 ], [ -79.326440690219812, 36.569541573694444 ], [ -79.329796470059478, 36.569451023692807 ], [ -79.331492600205181, 36.573300863134143 ], [ -79.336327553017568, 36.572091106899755 ], [ -79.331307406791097, 36.569046980709729 ], [ -79.342161894948447, 36.562532893513179 ], [ -79.351739026403365, 36.550909974259305 ], [ -79.343502148847648, 36.541586254008855 ], [ -79.468694093690118, 36.541010968581432 ], [ -79.467831119963392, 36.544761116132939 ], [ -79.473107211851968, 36.550748605274791 ], [ -79.471520130498277, 36.55997086590866 ], [ -79.46446299683916, 36.565383540137084 ], [ -79.462222154254206, 36.563952141095122 ], [ -79.456463618756899, 36.577345626260573 ], [ -79.47899829542402, 36.58456068401032 ], [ -79.485653198546657, 36.584086968033048 ], [ -79.493762763107341, 36.578338290720616 ], [ -79.505086377442268, 36.586624330607314 ], [ -79.500874756102391, 36.592097978312268 ], [ -79.518064444476053, 36.601415346304385 ] ] ] } }
]
}
